_id,playerId,gameId,createdAt,age,gender,language,raceWhite,raceBlack,raceAsian,raceNative,raceIslander,raceHispanic,education,correctness,human,workedWell,fair,chatUseful,feedback,time,strategy,playerIds,game_cond,chat_cond
Ky74u5R7yxpwqbyYk,F3TgEKTrHAeNQRYhC,kTdARJS6BQKSH5YkW,2024-05-20T17:17:05Z,26,male,polish,TRUE,NA,NA,NA,NA,NA,master,yes,yes,stronglyAgree,yes,yes,no,yes,to get the highest reward for myself,"F3TgEKTrHAeNQRYhC,XG7Xqmr7Ry3pFDctX",may2024,chat
mgH2KwxW6JHAmXZxN,Md5AafcF9zKCQh7sw,iHS7hTGpsg3bCPXvF,2024-05-20T17:17:27Z,27,male,english,TRUE,NA,NA,NA,NA,NA,bachelor,yes,no,disagree,Yes,Yes,No,Was a bit quick,To try and cooperate but I felt like my partner didn't want to work together,"Md5AafcF9zKCQh7sw,R9aD2TxMFAPM9KDKj",may2024,chat
FowTz7WumqF3G5jJK,XG7Xqmr7Ry3pFDctX,kTdARJS6BQKSH5YkW,2024-05-20T17:17:37Z,NA,Male,Polish,TRUE,NA,NA,NA,NA,NA,highSchool,yes,yes,agree,Mostly.,Yes.,None.,Yes.,If there was an equal reward for both players - pick that. Otherwise it's a mix of both sides.,"F3TgEKTrHAeNQRYhC,XG7Xqmr7Ry3pFDctX",may2024,chat
85BS5nZtpFLJbtZdJ,ZnF7JteoRKz9xsJjT,thQjeggqeanREQ6F7,2024-05-20T17:17:47Z,66,male,English,TRUE,NA,NA,NA,NA,NA,highSchool,yes,yes,neutral,yes,yes fine,no,yes,didnt have one,"7uc6KirfaLkCwWtZW,ZnF7JteoRKz9xsJjT",may2024,chat
eaNgApr7ZNRCj6wGX,R9aD2TxMFAPM9KDKj,iHS7hTGpsg3bCPXvF,2024-05-20T17:17:51Z,35,female,spanish,TRUE,NA,NA,NA,NA,NA,master,no,yes,neutral,"2,50 pounds? yes, why not","yes, I think so",no,"yes, absolutely",really I have always given the one my partner had the most possibilities to choose,"Md5AafcF9zKCQh7sw,R9aD2TxMFAPM9KDKj",may2024,chat
nGwCHhtH9dWNBYzQo,7uc6KirfaLkCwWtZW,thQjeggqeanREQ6F7,2024-05-20T17:18:01Z,55,Male,NA,TRUE,NA,NA,NA,NA,NA,someCollege,yes,no,stronglyDisagree,Yes,Yes,Nothing,Yes,"To share until I found out the partner was not for sharing, then all out for me, lol","7uc6KirfaLkCwWtZW,ZnF7JteoRKz9xsJjT",may2024,chat
3ytqeLE2h4PwKvLz6,9ngveZubiTLRMwkWA,pqiRYp96hDRJj73g7,2024-05-20T17:22:37Z,35,Male,English,TRUE,NA,NA,NA,NA,NA,bachelor,yes,yes,neutral,Reasonable,Yes,No issues.,Yes,I tried to consider us both getting a good payoff.,"9ngveZubiTLRMwkWA,FiEgFffvxrikipsC7",may2024,chat
H68iGmAYmeDYnweAY,6X3WYo7amffBshnb5,uKGckEJSrLnBCzZHA,2024-05-20T17:23:07Z,25,female,italian,TRUE,NA,NA,NA,NA,NA,highSchool,yes,yes,stronglyAgree,yes,yes,no,yes,"talking the the other partecipant and agree with a strategy to recieve both the same points, and sometimes switched: when i recieve the most the other turn the other partecipant will have more points","6X3WYo7amffBshnb5,sqJDpiHxXoBQGHTtL",may2024,chat
xDgfhrrmutMzmwGjM,FiEgFffvxrikipsC7,pqiRYp96hDRJj73g7,2024-05-20T17:23:33Z,46,female,Greek,TRUE,NA,NA,NA,NA,NA,master,yes,yes,agree,I didn't see the pay,Very easy,No,Yes,To peak the same box with my partner,"9ngveZubiTLRMwkWA,FiEgFffvxrikipsC7",may2024,chat
PCQAc4kZrbAPahhXR,MPfxMjFnMJLJXyWSA,PzPjHc5yE8EgPT6AJ,2024-05-20T17:23:47Z,25,female,spanish,NA,NA,NA,NA,NA,TRUE,someCollege,yes,yes,agree,yes,yes,no,no,choose the one with more points for both of us,"MPfxMjFnMJLJXyWSA,S4rgzXeB4LvTsuCbR",may2024,chat
4n9gjyFxwWGvZrEFP,S4rgzXeB4LvTsuCbR,PzPjHc5yE8EgPT6AJ,2024-05-20T17:23:50Z,32,Male,Spanish,TRUE,NA,NA,NA,NA,TRUE,bachelor,yes,yes,stronglyAgree,Yes.,Yes.,Everything worked perfectly.,Yes.,Pick the equal amount any time it was possible.,"MPfxMjFnMJLJXyWSA,S4rgzXeB4LvTsuCbR",may2024,chat
Wo3jpWy5eAvjBiQRE,sL4PfezM2X6mGy3P5,PGQzAWoLzqYS9soap,2024-05-20T17:25:07Z,22,Female,Portuguese,TRUE,NA,NA,NA,NA,NA,someCollege,yes,yes,stronglyAgree,I believe it was,Yes,No,Yes,My strategy was always choosing the option that benefit both of us (the option were we both gained the maximum possible),"pgMgqLmjKiD7TTPKG,sL4PfezM2X6mGy3P5",may2024,chat
ZTW5D9NphBjBc2tJC,pgMgqLmjKiD7TTPKG,PGQzAWoLzqYS9soap,2024-05-20T17:26:53Z,43,Male,Italian,TRUE,NA,NA,NA,NA,NA,bachelor,yes,yes,stronglyAgree,"I am not sure, the game was a bit too long",Very easy,"No, I didn't notice any problems","Yes, I had enough time every round, maybe too much",Take as many points as possible by alternating with partner when points were not equal,"pgMgqLmjKiD7TTPKG,sL4PfezM2X6mGy3P5",may2024,chat
BZkC8NeuaRceoDpyk,b2BZS5YTS7YwzFWPx,NwuRNfDwCmA7P3YyG,2024-05-20T17:32:39Z,59,Female,English,TRUE,NA,NA,NA,NA,NA,highSchool,yes,yes,stronglyAgree,I think so yes.,Very easy to use,Study went 100% smoothly,More than enough time,Just kept it civil.  Tried sharing where possible haha,"b2BZS5YTS7YwzFWPx,f8Pcerdu4Qj55Yew4",may2024,chat
MxNs6qDkHrDS5Sh23,sqJDpiHxXoBQGHTtL,uKGckEJSrLnBCzZHA,2024-05-20T17:33:17Z,20,male,Polish,TRUE,NA,NA,NA,NA,NA,highSchool,yes,yes,stronglyAgree,yes,Yes,NA,Yes,To get same amount as my partner,"6X3WYo7amffBshnb5,sqJDpiHxXoBQGHTtL",may2024,chat
jQJLFBvFSPWs9SAZ3,f8Pcerdu4Qj55Yew4,NwuRNfDwCmA7P3YyG,2024-05-20T17:33:28Z,21,Male,Portuguese,TRUE,NA,NA,NA,NA,NA,someCollege,yes,yes,stronglyAgree,yes,yes,no,yes,We worked as a team. We started with the wrong foot but then we started choosing the better one for both of us. The boxes that gave  more points to someone we gave for each one by turns,"b2BZS5YTS7YwzFWPx,f8Pcerdu4Qj55Yew4",may2024,chat
FxDb82y8DdE6YuM5Y,vvNtoKH6A5sShTpk2,5EjqwQ7zx4aQz3qNQ,2024-05-20T17:41:08Z,NA,NA,NA,TRUE,NA,FALSE,NA,NA,NA,NA,yes,yes,stronglyAgree,yes,yes,no,yes,i just focused,"8Gd4X575jPi3Y8Xyx,vvNtoKH6A5sShTpk2",may2024,chat
kawiwFTEQYfWa4SG3,8Gd4X575jPi3Y8Xyx,5EjqwQ7zx4aQz3qNQ,2024-05-20T17:44:04Z,24,male,English,NA,NA,TRUE,NA,NA,NA,bachelor,yes,yes,stronglyAgree,"yes, it didn't seem fair in the beginning because the other participant knowingly or unknowingly chose the wrong box. it could be because of the colours. When I typed peach for the peach box, he/she chose some other box, but when I typed pinkish he/she chose the correct box. Maybe they didn't trust me at first so they chose an option that would give them the highest reward, but we managed to play fair once we started to trust each other more","yes, it was instant and I didn't have to wait for the messages to load",no,yes,to try to even out the points earned across all the rounds,"8Gd4X575jPi3Y8Xyx,vvNtoKH6A5sShTpk2",may2024,chat
LTwKitExnPofSgCFi,jcRRr32KNymJmknfv,z5pgSX3aBjLoWr3Lf,2024-05-20T17:57:36Z,42,male,polish,TRUE,NA,NA,NA,NA,NA,master,yes,yes,stronglyAgree,yes,yes,no,yes,to gain a lot of money,"PyEZDESN6Tzsc4v6C,jcRRr32KNymJmknfv",may2024,no_chat
DJ5j9zuYMNtD5uEov,PyEZDESN6Tzsc4v6C,z5pgSX3aBjLoWr3Lf,2024-05-20T17:57:53Z,21,non-binary,portuguese,NA,NA,TRUE,NA,NA,NA,someCollege,yes,no,stronglyAgree,yes,yes,no,yes,try to maximise points for us both,"PyEZDESN6Tzsc4v6C,jcRRr32KNymJmknfv",may2024,no_chat
9dpAvhjd6taWNTqNg,nRnwQAx2dL2AmY2ha,ag3QxJxWE7jQi9Kt2,2024-05-20T18:00:48Z,36,male,english,TRUE,NA,NA,NA,NA,NA,bachelor,yes,yes,disagree,yes,"yes, no issues",no issues,"yes, plenty","we agreed to go for the option that pays both of us most even, but in most rounds it didn't really apply so i mostly just picked at random in the hope our choices matched.","A7rkFB5425JNvixjT,nRnwQAx2dL2AmY2ha",may2024,no_chat
JjmbpnPw9NnrxEchH,A7rkFB5425JNvixjT,ag3QxJxWE7jQi9Kt2,2024-05-20T18:01:12Z,58,male,English,TRUE,NA,NA,NA,NA,NA,highSchool,yes,no,disagree,moderately,yes,none,just about,Try to get points,"A7rkFB5425JNvixjT,nRnwQAx2dL2AmY2ha",may2024,no_chat
f3DYgLrb2Q7oFaKaS,rZvQaFEpHAFdPv374,xPm8Fe2NDczt9dc7a,2024-05-20T18:02:17Z,21,male,Polish,TRUE,NA,NA,NA,NA,NA,highSchool,yes,yes,stronglyDisagree,Yes,Yes,No,Yes,Choose the box that benefits both sides.,"r9o7q3cJxcmuFfFkz,rZvQaFEpHAFdPv374",may2024,no_chat
r7XMC8bCxPhu2YJ8u,r9o7q3cJxcmuFfFkz,xPm8Fe2NDczt9dc7a,2024-05-20T18:02:24Z,18,Male,Hungarian,TRUE,NA,NA,NA,NA,NA,highSchool,yes,yes,neutral,Overall it was fair.,Yes.,No I didn't.,"Yes, more than enough.",I always tried to think in such a way as to get the most out of both of us.,"r9o7q3cJxcmuFfFkz,rZvQaFEpHAFdPv374",may2024,no_chat
hQ2gXRWN6JQWGnBzK,HLpbtojLoHvYFh9HW,Nwz9Kdwh3whBPm9qa,2024-05-20T18:02:24Z,18,Male,Polish,TRUE,NA,NA,NA,NA,NA,highSchool,yes,yes,stronglyAgree,yes,yes,no,yes,random,"HLpbtojLoHvYFh9HW,RheSCoheduonR6Qug",may2024,no_chat
ftKB38qKinbwWLWcx,RheSCoheduonR6Qug,Nwz9Kdwh3whBPm9qa,2024-05-20T18:02:26Z,18,Male,Polish,TRUE,NA,NA,NA,NA,NA,highSchool,yes,yes,stronglyAgree,yes,yes,no,yes,random,"HLpbtojLoHvYFh9HW,RheSCoheduonR6Qug",may2024,no_chat
jbkvL6KnHJsgBYb8h,5LcEiauGLWfxzXKJc,mZLC32EXmaK43MLuH,2024-05-20T18:03:36Z,39,male,english,NA,TRUE,NA,NA,NA,NA,bachelor,yes,yes,agree,yes,yes,none,yes,I chose options that rewarded us equally or favored my partner.,"5LcEiauGLWfxzXKJc,hM9ioupiMgAzk3obX",may2024,no_chat
dDcep4SMYnrKXXiFv,hM9ioupiMgAzk3obX,mZLC32EXmaK43MLuH,2024-05-20T18:03:51Z,32,female,Korean,NA,NA,TRUE,NA,NA,NA,bachelor,yes,yes,agree,maybe,yes,no,yes,tried to select results that would give both of us similar wins,"5LcEiauGLWfxzXKJc,hM9ioupiMgAzk3obX",may2024,no_chat
mWzRK23QNuyhjdrWu,TTM9fBcDRjTDydeNK,ynwh3dewPkoWB4YXQ,2024-05-20T18:04:35Z,19,Female,Polish,TRUE,NA,NA,NA,NA,NA,highSchool,yes,yes,agree,NA,NA,NA,NA,NA,"TTM9fBcDRjTDydeNK,rEGZtYwQBiFQLPDn4",may2024,no_chat
pkiSNKDeXNDh2n9eH,an7zPKK4n8YMKWEH8,9iTH7DbiJkNLcYByG,2024-05-20T18:08:43Z,38,male,polish,TRUE,NA,NA,NA,NA,NA,bachelor,yes,yes,agree,of course,of course,-,of course,to gain as many points,"Nc5gj5iN7ptJPCTJ4,an7zPKK4n8YMKWEH8",may2024,no_chat
efiZfwP95cANzZMt3,Nc5gj5iN7ptJPCTJ4,9iTH7DbiJkNLcYByG,2024-05-20T18:08:44Z,35,male,polish,TRUE,NA,NA,NA,NA,NA,bachelor,yes,yes,stronglyAgree,yes,yes,n,yes,to earn as much as possible,"Nc5gj5iN7ptJPCTJ4,an7zPKK4n8YMKWEH8",may2024,no_chat
KvYESHjsqKTkoyYhn,rEGZtYwQBiFQLPDn4,ynwh3dewPkoWB4YXQ,2024-05-20T18:11:37Z,34,Female,Greek,TRUE,NA,NA,NA,NA,NA,highSchool,yes,yes,disagree,"Yes, I think the pay is fair.","Yes, it was very easy.",There were no problems. I think it might be useful to have a couple of trial rounds before the actual game. \nThank you for the opportunity to participate!,"I suppose the reaction time is an important part of the study. There was enough time to look at the boxes and make a very quick decision. If the reaction time doesn't matter, 1-2 extra seconds would have been good.","When the amount was the same for both of us, I always tried to be fair and split it evenly between me and my partner. When the amount was different for each of us, sometimes I wanted to give the larger amount to my partner and other times I wanted to keep it for myself, so that there is a balance and the game would be fair. I don't think my partner understood my intentions.","TTM9fBcDRjTDydeNK,rEGZtYwQBiFQLPDn4",may2024,no_chat
s7KhbH8CjHuS6Tiyf,bGMjcokAeyD5jo5hw,93RaJrq9xdAK6LgpN,2024-05-20T18:15:00Z,35,male,polish,TRUE,FALSE,NA,NA,NA,NA,someCollege,yes,yes,stronglyAgree,yes,yes,no,yes,i wanted to have a great cowork with my partener,"bGMjcokAeyD5jo5hw,pdoJBcKbgtNfJQBdb",may2024,no_chat
HRWvsSHzMe6uuL77z,pdoJBcKbgtNfJQBdb,93RaJrq9xdAK6LgpN,2024-05-20T18:15:32Z,49,Male,Hungary,TRUE,NA,NA,NA,NA,NA,highSchool,yes,yes,stronglyAgree,Yes.,Yes.,No.,Yes.,"Sometimes you give, sometimes you get.","bGMjcokAeyD5jo5hw,pdoJBcKbgtNfJQBdb",may2024,no_chat
WKmfetghBYKcF4AtZ,QgT9chNQSd96SpLMv,g4XwnwJFksNKiAkzA,2024-05-20T18:39:55Z,21,Male,English,TRUE,NA,NA,NA,NA,NA,highSchool,yes,yes,stronglyAgree,Yeah surely,Yes,No,Yes,Cooperate as much as I can,"QgT9chNQSd96SpLMv,issPYSgHLPWJXuXjF",may2024,no_chat
KfPyCPJaWuxCNuBgT,issPYSgHLPWJXuXjF,g4XwnwJFksNKiAkzA,2024-05-20T18:40:24Z,19,Female,Polish,TRUE,NA,NA,NA,NA,NA,highSchool,yes,yes,stronglyAgree,yeah,yeah,no,yes,pick the high even splits,"QgT9chNQSd96SpLMv,issPYSgHLPWJXuXjF",may2024,no_chat
jQBP7viB95TWmXF3Y,AdqnhwuxCr3tkzCJt,8XPxZWS6czFo42Grb,2024-05-20T19:51:25Z,36,male,polish,TRUE,NA,NA,NA,NA,NA,bachelor,yes,yes,stronglyAgree,yes,yes,no,yes,to earn as much as I can,"AdqnhwuxCr3tkzCJt,RA85AYD6zjT2tE9kJ",may2024,no_chat
zaSQXKwYrLgBKreW9,RA85AYD6zjT2tE9kJ,8XPxZWS6czFo42Grb,2024-05-20T19:51:30Z,52,male,English,TRUE,NA,NA,NA,NA,NA,master,yes,yes,agree,yes,yes,no,yes,To try to maximize points for both of us,"AdqnhwuxCr3tkzCJt,RA85AYD6zjT2tE9kJ",may2024,no_chat
uo4bB4YaM3QrsGEyn,jvzE5HHATpQamwbtK,m94EsrT254mXGhBqn,2024-05-20T19:53:17Z,38,Female,English,TRUE,NA,NA,NA,NA,NA,bachelor,yes,yes,neutral,not sure,Yes,none,yes,Tried to maximise points for both of us,"jvzE5HHATpQamwbtK,orZw37FqMzZ4XYTTp",may2024,no_chat
9g7atnRaDqwtmHcTF,qPGfNuBLGoWDMpqCn,FNruRE4e8iuPRuw7v,2024-05-20T19:53:34Z,20,Male,Dutch,TRUE,NA,NA,NA,NA,NA,lessHighSchool,yes,yes,neutral,Yes,Yes,No,Yes,Looked at which tile of my color had the highest number,"ARAxzf5coEnZmFzgw,qPGfNuBLGoWDMpqCn",may2024,no_chat
4YDu7xfnhhrTnQTEX,ZGqnnaehHJN7pyLWL,DDxpgoPaSpE4epkNw,2024-05-20T19:53:39Z,29,29,english,NA,NA,NA,NA,NA,NA,NA,NA,NA,NA,NA,NA,NA,NA,NA,"9RD4tnNR3LLcj5BZi,ZGqnnaehHJN7pyLWL",may2024,no_chat
2pNtBZo9X3s5zQCPH,6c46G8EXMv6EKfFDS,zCCjTMmMmtsnkjGFQ,2024-05-20T19:54:03Z,58,M,English,TRUE,NA,NA,NA,NA,NA,master,yes,no,disagree,No,Yes,No,Yes,Limiting the other player leaving me with nothing,"6c46G8EXMv6EKfFDS,DXKTGminqErN4AMmN",may2024,no_chat
6HzDorLXySsHTTCCW,ARAxzf5coEnZmFzgw,FNruRE4e8iuPRuw7v,2024-05-20T19:54:10Z,27,Female,Zulu,NA,TRUE,NA,NA,NA,NA,master,yes,yes,disagree,Kinda,Yes,Nope,Yes,Select what I though he selected,"ARAxzf5coEnZmFzgw,qPGfNuBLGoWDMpqCn",may2024,no_chat
NoeTyKQM4RHZvEcjN,DXKTGminqErN4AMmN,zCCjTMmMmtsnkjGFQ,2024-05-20T19:54:13Z,29,Female,English,TRUE,NA,NA,NA,NA,NA,someCollege,yes,yes,agree,I think so.,"Yes, very easy.",None,"Yes, plenty of time.",To try and choose the same colour box as the partner.,"6c46G8EXMv6EKfFDS,DXKTGminqErN4AMmN",may2024,no_chat
n9iFPXwd5bEQd9YkE,bh5TTn5yiGF9j7WGz,vCxomnTFQeQpKggrB,2024-05-20T19:54:30Z,48,Female,English,TRUE,NA,NA,NA,NA,NA,bachelor,yes,yes,agree,yes,yes,no issues,yes,I tried to make things as equal as possible. Trying to be fair though seemed to make us both loose.,"bh5TTn5yiGF9j7WGz,iQCLdJAJ4M9gRstR2",may2024,no_chat
2sfFEu5YwgAMEXmxu,xGzT2ZB4MYS2mEn5c,AEhMZa52dPNtTYj5a,2024-05-20T19:54:36Z,26,female,spanish,NA,NA,NA,NA,NA,TRUE,bachelor,yes,no,neutral,no,yes,no,yes,trying to get both a bonus,"bSvSxcEvKRbegLjcq,xGzT2ZB4MYS2mEn5c",may2024,no_chat
RHqrWpLoT64J2FzAF,9RD4tnNR3LLcj5BZi,DDxpgoPaSpE4epkNw,2024-05-20T19:54:51Z,31,Male,English,TRUE,NA,NA,NA,NA,NA,bachelor,yes,yes,agree,No,Yes,No,Yes,I feel we tried to alternate between me getting more points and them but it didn't always work well.,"9RD4tnNR3LLcj5BZi,ZGqnnaehHJN7pyLWL",may2024,no_chat
EEABjFZwNexdeGPwq,8YLNbPSLt4qhfsHwt,rinxbXsNTbYTLQurw,2024-05-20T19:54:53Z,19,male,English,TRUE,NA,NA,NA,NA,NA,highSchool,yes,yes,agree,Yes,Yes,No,Yes,We tried to choose a box that would give us equal rewards,"8YLNbPSLt4qhfsHwt,Weytk5fTW7BXvbwCj",may2024,no_chat
o9WAnTzbkwEwkRze4,iQCLdJAJ4M9gRstR2,vCxomnTFQeQpKggrB,2024-05-20T19:55:00Z,27,male,Polish,TRUE,NA,NA,NA,NA,NA,someCollege,yes,yes,agree,Yes,Yes,No,Yes,Splitting and mostly giving my partner more points when the points weren't even in a given round.,"bh5TTn5yiGF9j7WGz,iQCLdJAJ4M9gRstR2",may2024,no_chat
tvh8G9yMjSp8B92Sx,Weytk5fTW7BXvbwCj,rinxbXsNTbYTLQurw,2024-05-20T19:55:09Z,38,Male,Spanish,NA,NA,NA,NA,NA,TRUE,bachelor,yes,yes,disagree,Yes,It was all easy to use.,No. All good.,Yes.,Just tried to have equal earnings.,"8YLNbPSLt4qhfsHwt,Weytk5fTW7BXvbwCj",may2024,no_chat
nK8kfecW3Y69WyAxA,orZw37FqMzZ4XYTTp,m94EsrT254mXGhBqn,2024-05-20T19:55:16Z,19,Male,Hungarian,TRUE,NA,NA,NA,NA,NA,highSchool,yes,yes,neutral,Yes.,Yes,No I didn't notice.,I feel this time is more than enough.,I tried to do my best so that it was good for both of us.,"jvzE5HHATpQamwbtK,orZw37FqMzZ4XYTTp",may2024,no_chat
YuSQh8LRhoyJYeqFY,Payx2mw85NonymMCc,NBKg6JoEa5hdzb3mv,2024-05-20T19:55:28Z,25,Male,Spanish,NA,NA,NA,NA,NA,TRUE,highSchool,yes,yes,stronglyAgree,Of course,Yeah,Not really,More than enough,Mostly choosing the box that gave him an advantage so we would both choose the same,"Payx2mw85NonymMCc,rFxkypzd4uKZnAa3R",may2024,no_chat
2zjh4aSugSxYKRj4d,8x3sqwPAun2TtYjMg,2MMNSk7qQ7aKj83Cw,2024-05-20T19:55:40Z,25,male,portuguese,TRUE,NA,NA,NA,NA,NA,master,yes,yes,agree,yes,yes,no,"yes, plenty",trying to choose the box that give us both points,"8x3sqwPAun2TtYjMg,TyMvmGYsWYcnekPHH",may2024,no_chat
fgYwLiuA5qcvogw8f,bSvSxcEvKRbegLjcq,AEhMZa52dPNtTYj5a,2024-05-20T19:55:46Z,34,Male,Polish,TRUE,NA,NA,NA,NA,NA,highSchool,yes,no,neutral,i don't have any opinion about that - didn't focus on it,it was just as usual chat i guess - so kind of easy to use,no,yes - maybe even too much time,Trying to focus on box which give payment for both players,"bSvSxcEvKRbegLjcq,xGzT2ZB4MYS2mEn5c",may2024,no_chat
NtNjciQSLn4pfZezH,AB5qZiuC62xHnk9N2,terDhBuaRpzJ9rGFR,2024-05-20T19:55:51Z,37,Male,English,TRUE,NA,NA,NA,NA,NA,highSchool,yes,no,neutral,yes,yes,No,not at first but I got faster as the experiment went on.,"I started off trying to be fair, but the other person seemed to be trying to give me the larger share.","AB5qZiuC62xHnk9N2,yqLQCGYzANw7bF4cM",may2024,no_chat
24MuFhez4Z5wtyoTe,9DovxXP2vm6s8DzMu,JEtLBLcGEgxbPPNNQ,2024-05-20T19:56:00Z,26,male,English,TRUE,NA,NA,NA,NA,NA,bachelor,yes,yes,neutral,yes,yes,no,yes,I was trying to always pick the same box so my partner could make a judgement that they felt was the most fair for both of us.,"9DovxXP2vm6s8DzMu,ZLaiZhLNkbkcNhYCt",may2024,no_chat
2z64SeMSj37ngnXip,dpyA83ptSemmJdn5h,WHfXReRM4iGqmRBoj,2024-05-20T19:56:01Z,30,Female,Portuguese,TRUE,NA,NA,NA,NA,NA,bachelor,yes,yes,agree,Yes,NA,No,Yes,Trying to find a mid term,"ccjsRa5FgqypN8uGN,dpyA83ptSemmJdn5h",may2024,no_chat
wMZJdDp5wagtBMBMM,rFxkypzd4uKZnAa3R,NBKg6JoEa5hdzb3mv,2024-05-20T19:56:04Z,26,female,English,TRUE,NA,NA,NA,NA,NA,bachelor,yes,yes,agree,Yes,Yes,The chat with my person was strange they did not say much. When i asked what their favourite pie was they replied with 'creampie' which i thought was inappropiate,Yes,I chose the best ouctome for me but tried to think of my partner as well,"Payx2mw85NonymMCc,rFxkypzd4uKZnAa3R",may2024,no_chat
oTze79d9jZMvW8QTY,ccjsRa5FgqypN8uGN,WHfXReRM4iGqmRBoj,2024-05-20T19:56:09Z,48,male,English,NA,TRUE,NA,NA,NA,NA,someCollege,yes,yes,agree,yes,yes,no,yes,Try to earn the same amount,"ccjsRa5FgqypN8uGN,dpyA83ptSemmJdn5h",may2024,no_chat
jx6KfSmtsyM7SdGwf,TyMvmGYsWYcnekPHH,2MMNSk7qQ7aKj83Cw,2024-05-20T19:56:23Z,60,Female,English,TRUE,NA,NA,NA,NA,NA,bachelor,yes,no,stronglyAgree,Yes,Yes,No,Yes,It took me a while but I looked at where we would both get an amount of money and not where my partner would not get anything.,"8x3sqwPAun2TtYjMg,TyMvmGYsWYcnekPHH",may2024,no_chat
kJGLyYwGSmK2iCq4n,ZLaiZhLNkbkcNhYCt,JEtLBLcGEgxbPPNNQ,2024-05-20T19:56:35Z,47,Female,Hungarian,TRUE,NA,NA,NA,NA,NA,lessHighSchool,yes,no,agree,Yes.,Yes.,-,Yes.,Tried to estimate the best outcome and equal options.,"9DovxXP2vm6s8DzMu,ZLaiZhLNkbkcNhYCt",may2024,no_chat
KEfFF8hYhJpjWvrzD,gz8jtqbopw9Rh2bCh,WfgnpjDf7q5KrA9ee,2024-05-20T19:56:44Z,34,Male,English,TRUE,NA,NA,NA,NA,NA,bachelor,yes,yes,stronglyAgree,Yes I do.,"Yes, very easy to use.","The first instructions page was blinking, as if it kept reloading every 10 seconds or so, but the rest of the study was fine.","Yes, I had more the enough time each round.",Pick the option that gave both myself and my partner a share of the points.,"gz8jtqbopw9Rh2bCh,k5Jqvatzptc8TyyJR",may2024,no_chat
x3zoym4hN7JQ4D2nd,RC2dGBcMmsRMfnTvs,c364MgjBHq558Ef6G,2024-05-20T19:56:52Z,26,Male,English,TRUE,NA,NA,NA,NA,NA,highSchool,yes,yes,neutral,Yes,Yes,"No issues, fun study!",Yes,Initally whichever was the best for both of us. After my partner made a selfish I choice I started changing up my choices to confuse them for my own benefit.,"RC2dGBcMmsRMfnTvs,kkczPhC2FFEf98LB7",may2024,no_chat
jarKkR69Deiy3zAZt,kkczPhC2FFEf98LB7,c364MgjBHq558Ef6G,2024-05-20T19:57:01Z,47,Male,Hungarian,TRUE,NA,NA,NA,NA,NA,highSchool,yes,yes,disagree,No I don't.,Yes.,I didn't notice any problem.,"Yes, I feel.","I tried to cooperate as best as possible, but it was not always successful.","RC2dGBcMmsRMfnTvs,kkczPhC2FFEf98LB7",may2024,no_chat
2mpHogDDBZZMkXQr9,oWgqTBzRRdz8t7pvY,vHsNBCwvi7MZLCoQQ,2024-05-20T19:57:32Z,26,Male,Italian,TRUE,NA,NA,NA,NA,NA,master,yes,yes,agree,Yes,Yes,No,Yes,Fall in the Nash equilibrium,"CEiy3QR7wYLiNMDD7,oWgqTBzRRdz8t7pvY",may2024,no_chat
CaPT3GQ7bkNYuy8vC,8D2frePJsRf8ABCdv,68qAYMArWSGW4EWdr,2024-05-20T19:57:33Z,62,Female,English,TRUE,NA,NA,NA,NA,NA,highSchool,no,no,stronglyDisagree,No.,Yes.,Minu got more reward points than I did.,No.,To try to maximise my reward.,"8D2frePJsRf8ABCdv,XcubzDfJk8Z6F2STy",may2024,no_chat
LCdjvbHKYgev2n6XD,sz64HESnxBcoHwDSN,peyoWPLTZfL6c9obR,2024-05-20T19:57:34Z,25,Male,Polish,TRUE,NA,NA,NA,NA,NA,bachelor,yes,no,stronglyAgree,yes,Yes.,NA,100% enough,I was taking the best choice.,"sz64HESnxBcoHwDSN,tFsAJnCz6HRj9W7pu",may2024,no_chat
kKw2JFtDGNyvmJErk,vcmpRgaTKnPS4tvfS,bYiMsFg5xkYrB8D6x,2024-05-20T19:57:35Z,30,male,Hungarian,TRUE,NA,NA,NA,NA,NA,someCollege,yes,yes,neutral,no,yes,no,yes,maximize reward,"M2dGCLajwN5n3rMNH,vcmpRgaTKnPS4tvfS",may2024,no_chat
BK3ddrjYpA3qcJeGj,3mbrH8RbZC79f4KuR,LGQujHF2eWSoAdWnG,2024-05-20T19:57:36Z,19,male,English,NA,NA,NA,NA,NA,TRUE,someCollege,yes,no,agree,Somewhat fair yes,Yes it was although we didnt chat during the game,none.,more than enough time,Choose the left box most of the time,"3mbrH8RbZC79f4KuR,vuzgZNTkRkC8TLBB5",may2024,no_chat
hcpCJo5LNS6SE9aLh,k5Jqvatzptc8TyyJR,WfgnpjDf7q5KrA9ee,2024-05-20T19:57:37Z,22,Female,English,NA,TRUE,NA,NA,NA,NA,highSchool,yes,yes,stronglyAgree,"Yes, I feel the pay was very fair",Yes it was,No problems and no further comments,Yes I had enough time,My strategy was to try to get me and my partner as much points as I could. I also trusted my partner to do the same,"gz8jtqbopw9Rh2bCh,k5Jqvatzptc8TyyJR",may2024,no_chat
WyHN7FYKXqBsThe8m,tFsAJnCz6HRj9W7pu,peyoWPLTZfL6c9obR,2024-05-20T19:57:37Z,26,Female,Polish,TRUE,NA,NA,NA,NA,NA,bachelor,yes,yes,stronglyAgree,Yes I did.,Yes it really was.,NA,Yes I have.,I wanted the best outcome for both of us.,"sz64HESnxBcoHwDSN,tFsAJnCz6HRj9W7pu",may2024,no_chat
2mfRGysjvhKPK9bzL,CEiy3QR7wYLiNMDD7,vHsNBCwvi7MZLCoQQ,2024-05-20T19:57:40Z,38,m,dutch,TRUE,NA,NA,NA,NA,NA,bachelor,yes,yes,agree,yes,yes no problems,the noises were annoying,yes,during our chat we chose to pick the compromise option,"CEiy3QR7wYLiNMDD7,oWgqTBzRRdz8t7pvY",may2024,no_chat
jeoNDzun6CuyubSW3,vuzgZNTkRkC8TLBB5,LGQujHF2eWSoAdWnG,2024-05-20T19:57:57Z,66,Female,English,NA,TRUE,NA,NA,NA,NA,someCollege,yes,no,agree,Yes,Yes,I did not encounter any problems,Yes,I chose the boxes with the highest points,"3mbrH8RbZC79f4KuR,vuzgZNTkRkC8TLBB5",may2024,no_chat
JiKLNKX7iyauaoF4y,XcubzDfJk8Z6F2STy,68qAYMArWSGW4EWdr,2024-05-20T19:59:07Z,59,male,English,TRUE,NA,NA,NA,NA,NA,bachelor,yes,no,neutral,probably,yes,no,yes,firstly I chose a box where I would always get a reward and then chose the option that would most likely give me a psoitive rewatd based on the likely choice ob Repi.,"8D2frePJsRf8ABCdv,XcubzDfJk8Z6F2STy",may2024,no_chat
MkfmYRJf4aozedYQG,M2dGCLajwN5n3rMNH,bYiMsFg5xkYrB8D6x,2024-05-20T19:59:10Z,28,Male,Hungarian,TRUE,NA,NA,NA,NA,NA,someCollege,yes,yes,neutral,Yeah,Yes,No,Yes,"To be nice and choose the best option for both of us, and I also saw my partner was greedy and always choose the box that gave them the most points so i also choose that instead of both of us getting 0","M2dGCLajwN5n3rMNH,vcmpRgaTKnPS4tvfS",may2024,no_chat
BCAy2mgcsmhWuRdkQ,yqLQCGYzANw7bF4cM,terDhBuaRpzJ9rGFR,2024-05-20T19:59:36Z,26,Male,Polish,TRUE,NA,NA,NA,NA,NA,bachelor,yes,yes,agree,Yes it felt fair.,Yes it was.,No I did not.,Absolutely.,"Whenever there was a 50/50 payout I picked it almost every time but in a different scenario I was trying to let my partner win more points first round, then try to win myself in the next one but my partner didn't recognize the pattern I was suggesting.","AB5qZiuC62xHnk9N2,yqLQCGYzANw7bF4cM",may2024,no_chat
w2yG8bRZxNGFcxdrN,Kbe4nYG7dFjfb2ggm,ZAFi7PZCtuiKzztgr,2024-05-20T20:01:26Z,56,Male,Italian,TRUE,NA,NA,NA,NA,NA,bachelor,yes,no,agree,yes,yes,No,yes,Try to get the higher number,"HxYRa7df5mhiCWGj9,Kbe4nYG7dFjfb2ggm",may2024,no_chat
wBoFJBbFnM4cYFaqa,HxYRa7df5mhiCWGj9,ZAFi7PZCtuiKzztgr,2024-05-20T20:03:22Z,22,male,English,NA,TRUE,NA,NA,NA,NA,someCollege,yes,yes,disagree,Yes,Yes,NA,Yes,NA,"HxYRa7df5mhiCWGj9,Kbe4nYG7dFjfb2ggm",may2024,no_chat
R2ehQffSCPuaGv9CC,CRKw8zmqcQkouYmev,RqP4575vkHwBNMg2A,2024-05-20T20:07:20Z,25,Male,Zulul,NA,TRUE,NA,NA,NA,NA,someCollege,yes,no,agree,Yes,Yes,n/a,Yes,"Try to pick the most fair option, unless forced otherwise, of which then I would return the favor to my partner on the next similar pattern. That's if my partner is not greedy, else I will also be greedy.","CRKw8zmqcQkouYmev,LFfvW87kABt9sEmfa",may2024,no_chat
nXrBeKNvEr75rJvqi,LFfvW87kABt9sEmfa,RqP4575vkHwBNMg2A,2024-05-20T20:08:20Z,24,Male,English,FALSE,TRUE,NA,NA,NA,NA,highSchool,yes,yes,agree,yes.,"yes, it was.","No, I didn't encounter any problems.","Yes, more than enough time.",My strategy was to choose the same box as my partner.,"CRKw8zmqcQkouYmev,LFfvW87kABt9sEmfa",may2024,no_chat
7j4ofbSgi8Mvff2w5,tzYDN26fLDCpMPqZF,GP8uy264Q9dRv3sAA,2024-05-20T20:56:37Z,40,Female,English,TRUE,NA,NA,NA,NA,NA,master,yes,no,disagree,Yes,Yes,No,Yes,Get as many points for myself as I can,"AYbqdsDXc7rgfg6e6,tzYDN26fLDCpMPqZF",may2024,chat
eyS8wEnQveG3ARjkL,AYbqdsDXc7rgfg6e6,GP8uy264Q9dRv3sAA,2024-05-20T20:57:34Z,49,Male,English,TRUE,NA,NA,NA,NA,NA,highSchool,yes,yes,disagree,Yes.,It was.,De nada.,"Yes, plenty.","I go left, partner goes right.  Hoping to spread the reward.  It didnt work out that way but nice little experiment for me.  People suck and cant be trusted to be decent.  At least, not in this survey.","AYbqdsDXc7rgfg6e6,tzYDN26fLDCpMPqZF",may2024,chat
SozyhFPpRJGiemFkw,afN4HXtTgxi59iCjB,tputLYZT9wdpDLcby,2024-05-20T20:58:03Z,26,Female,English,NA,NA,TRUE,NA,NA,NA,bachelor,yes,yes,agree,Yes,Yes,No,Yes,We're playing fairly so no bias,"afN4HXtTgxi59iCjB,sHbehxQJaYRu8an9a",may2024,chat
STkduspJi6GuBaEsZ,jRGtYhXiWRHwfRNnn,kuHuHtcQzXF6LqM2n,2024-05-20T20:58:57Z,42,Male,English,TRUE,NA,NA,NA,NA,NA,bachelor,yes,yes,neutral,Yes,Yes,None,No,Tried to pick the box that paid evenly most,"MDwvQRsnpdcm8gjiC,jRGtYhXiWRHwfRNnn",may2024,chat
PmkYcE6H7kgAtdkjm,MDwvQRsnpdcm8gjiC,kuHuHtcQzXF6LqM2n,2024-05-20T20:59:03Z,33,Female,british,TRUE,NA,NA,NA,NA,NA,someCollege,yes,yes,neutral,i think it was fair,very easy to use,no other problems,plenty of time,i didnt come up witha strategy,"MDwvQRsnpdcm8gjiC,jRGtYhXiWRHwfRNnn",may2024,chat
bgxnydFGsuu6erLS2,5E8KHekJqivWnYWp3,H3Y2X3FFJ4b8Qyn7G,2024-05-20T20:59:13Z,24,Mandarin,NA,NA,NA,TRUE,NA,NA,NA,bachelor,yes,yes,stronglyAgree,Yes,Yes good to have throughout the game,no,yes,Try to maximize for both players,"5E8KHekJqivWnYWp3,Zb6NueH4rHumWDn3p",may2024,chat
R5v3WgCXcLzSRtLxC,6x9Sf9Gz3GbN4KnsA,Ye9gHT9PC45c93cN5,2024-05-20T20:59:23Z,32,Male,English,NA,NA,TRUE,NA,NA,NA,master,yes,no,neutral,I think the pay was not too fair. It was mostly a lot or nothing.,It was easy to use and had no issues with it.,No problems at all.,I felt like I had enough time.,I just chose the options that gave me the best chance to earn some type of compensation,"6x9Sf9Gz3GbN4KnsA,owNSD6vwjaw5XMoi4",may2024,chat
rDEw5EeWebLwzfryD,Zb6NueH4rHumWDn3p,H3Y2X3FFJ4b8Qyn7G,2024-05-20T20:59:27Z,34,Male,English,TRUE,NA,NA,NA,NA,NA,bachelor,yes,yes,stronglyAgree,Yes!,Yes!,No!,Yes!,Get the most points and try to be friendly/funny.,"5E8KHekJqivWnYWp3,Zb6NueH4rHumWDn3p",may2024,chat
v7SXfReaRsLxhZbtc,sHbehxQJaYRu8an9a,tputLYZT9wdpDLcby,2024-05-20T20:59:30Z,28,Male,Polish,TRUE,NA,NA,NA,NA,NA,someCollege,yes,no,neutral,I feel the pay was fair.,"Yes, it was easy to use.",I did not notice any problems and I don't have any other comments about the study.,"Yes, I feel like I had enough time on each round.",I tried to give more points to my coleague whenever possible but always go for a 50/50 ratio when available,"afN4HXtTgxi59iCjB,sHbehxQJaYRu8an9a",may2024,chat
qCXEpDTnvPQ5xLdzu,owNSD6vwjaw5XMoi4,Ye9gHT9PC45c93cN5,2024-05-20T20:59:35Z,42,Male,Czech,TRUE,NA,NA,NA,NA,NA,master,yes,no,disagree,Yes,Yes,No,Yes,At first I wanted to maximize points for both but as I found out the partner is going for maximum for him I change the strategy to get at least some points.,"6x9Sf9Gz3GbN4KnsA,owNSD6vwjaw5XMoi4",may2024,chat
Fh3TakcRZD5TkoxZx,JWpf9YRErjqrr48ik,7ThYqDrspgRKoc7KE,2024-05-20T21:00:03Z,34,Female,English,NA,NA,TRUE,NA,NA,NA,someCollege,yes,yes,neutral,Yes,Yes,No,Yes,Choose the square the was as mutually beneficial and high rewarding as possible,"36FHL5JoF7jzrcud8,JWpf9YRErjqrr48ik",may2024,chat
KxTidgfGcSGxk8thP,F4DazHEnMTDZ7wKhZ,EMS7SAMbaEPbWHJX3,2024-05-20T21:00:08Z,21,men,hungarian,TRUE,NA,NA,NA,NA,NA,bachelor,yes,yes,agree,Yes. I think it was for both of us.,It was easy and simple.,-,Perfectly enough time.,"I did not have any strategy, I have tried to be as fair as possible.","4RmGXsq9mWASrydXH,F4DazHEnMTDZ7wKhZ",may2024,chat
TuCTyqx6M3c9Sav4n,36FHL5JoF7jzrcud8,7ThYqDrspgRKoc7KE,2024-05-20T21:00:17Z,53,male,english,TRUE,NA,NA,NA,NA,NA,someCollege,yes,yes,neutral,yes,"yes, but it was too quick to be able to use it",no,no,Look out for myself unless i could compromise for us both,"36FHL5JoF7jzrcud8,JWpf9YRErjqrr48ik",may2024,chat
oFWXgGH2jncsDnyZt,4RmGXsq9mWASrydXH,EMS7SAMbaEPbWHJX3,2024-05-20T21:00:46Z,29,male,English,NA,TRUE,NA,NA,NA,NA,bachelor,yes,yes,agree,Yes it was.,"Yes very simple and easy, no issue at all.",N/A,Yes I did.,No strategy per se. Mostly just intuition based on what my partner chose i.e. if he went for green a lot I would chose a different color.,"4RmGXsq9mWASrydXH,F4DazHEnMTDZ7wKhZ",may2024,chat
64L8S879QX5HuA2x3,CPrToddyk59RFjpZY,94nCRfpSktXykxeiK,2024-05-20T21:00:54Z,36,female,British,TRUE,NA,NA,NA,NA,NA,bachelor,yes,yes,stronglyAgree,Yes very,yes,All good thanks and fun :),No I felt a little rushed,"Keeping it equal when we could then taking it in turns to get higher amount, we played very fairly! :) and worked together","6unJ3r22ND5krke3i,CPrToddyk59RFjpZY",may2024,chat
6k88vzqfHyp9Co5vT,pwQm3JFuo92vgrDPA,gzc5eWveeFAZMMq78,2024-05-20T21:01:00Z,40,male,english,TRUE,NA,NA,NA,NA,NA,bachelor,yes,yes,stronglyAgree,Yes,Yes,No - thank you!!,Yes,I had my partner pick the colored box and I picked it.  I trusted their judgement.,"pwQm3JFuo92vgrDPA,rW5W4vrEguKr8EQTH",may2024,chat
btRYhs7CMpdYJHLDy,dkFNHJ7ooieZXFsqT,hRH8JbvX84pp24sNY,2024-05-20T21:01:12Z,38,female,english,NA,TRUE,NA,NA,NA,NA,bachelor,yes,no,disagree,Average,yes,No,Yes,"Trying ti be fair when even, if not get the point I can.","Z4crx8fEFQjQLkan5,dkFNHJ7ooieZXFsqT",may2024,chat
sihw3JStBoMncYqej,sJYThDJSj7Q63PuzY,tRrYBQawnYqj4TWWL,2024-05-20T21:01:14Z,25,Feminine,Portuguese,TRUE,NA,NA,NA,NA,NA,bachelor,yes,yes,neutral,More or less,Yes,No,Yes,Try to cooperate with my colleague so that we both win,"2N5XPb9sFphCZ35ir,sJYThDJSj7Q63PuzY",may2024,chat
yTNhrNg38zc6kSA4A,rW5W4vrEguKr8EQTH,gzc5eWveeFAZMMq78,2024-05-20T21:01:36Z,18,male,Polish,TRUE,NA,NA,NA,NA,NA,bachelor,yes,no,neutral,yup,yes,no,yes,communication,"pwQm3JFuo92vgrDPA,rW5W4vrEguKr8EQTH",may2024,chat
iZkcDt5qn3pB2TrEf,2N5XPb9sFphCZ35ir,tRrYBQawnYqj4TWWL,2024-05-20T21:01:42Z,32,male,Yoruba,NA,TRUE,NA,NA,NA,NA,master,yes,yes,agree,yes it was,yes it was,No there was absolute no problem,No the time was not enough,we communicated and share ideas,"2N5XPb9sFphCZ35ir,sJYThDJSj7Q63PuzY",may2024,chat
u6ZdqQ8LY898KTz3k,T42sfjMdHdFEgSzFm,Zhm6YPus4yFf4wytJ,2024-05-20T21:02:06Z,25,Female,English,TRUE,NA,NA,NA,NA,NA,bachelor,yes,no,agree,yes,yes,no,yes,Get the best for both of us,"T42sfjMdHdFEgSzFm,cjBRZAJYq45GuTidB",may2024,chat
MinCyxbvSFtqPoNPs,Z4crx8fEFQjQLkan5,hRH8JbvX84pp24sNY,2024-05-20T21:02:25Z,20,Female,English,TRUE,NA,NA,NA,NA,NA,highSchool,yes,yes,stronglyAgree,yes,"we did not use it during the game, but it was easy before we started",no,yes,we tried to make the picks where we both get equal points.,"Z4crx8fEFQjQLkan5,dkFNHJ7ooieZXFsqT",may2024,chat
ZhQ98sHMjbaJfXurc,FPyXeCzDyRAYciNnF,uDwq45TJPcHDjEZpQ,2024-05-20T21:02:52Z,22,Female,English,TRUE,NA,TRUE,NA,NA,NA,someCollege,yes,yes,stronglyAgree,Yes,Yes,None,"Yes, arguably 2 mins per round was too much",Split as evenly as possible and alternate who wins more if that strategy wasnt possible,"FPyXeCzDyRAYciNnF,xhMFtR5q5eYTXrQwD",may2024,chat
f36HMwbpNqjzXErCZ,6unJ3r22ND5krke3i,94nCRfpSktXykxeiK,2024-05-20T21:03:08Z,22,male,spanish,NA,NA,NA,NA,NA,TRUE,someCollege,yes,yes,stronglyAgree,yess,yes very easy,"i think it is an interesting study, it shows human behavior when money is on the line. it shows if people are willing to give up a little cash just to be fair or not",yes it was plenty of time,try to be fair and work with my partner,"6unJ3r22ND5krke3i,CPrToddyk59RFjpZY",may2024,chat
nz8Tvbh6ZhCX9Wxok,xhMFtR5q5eYTXrQwD,uDwq45TJPcHDjEZpQ,2024-05-20T21:03:31Z,42,woman,Czech,TRUE,NA,NA,NA,NA,NA,master,yes,yes,stronglyAgree,it's what Prolific recommends so why not,very much so,"it was a bit jittery from the start, the instructions kept blinking.",yup,to avoid getting any zero points. We cooperated and took turns in maximising our gains.,"FPyXeCzDyRAYciNnF,xhMFtR5q5eYTXrQwD",may2024,chat
gPF2MKb9kwudKyGzH,rmyHYpxRibWkCCTAi,MqBHvMz4B6sWppaHX,2024-05-20T21:03:32Z,25,female,English,NA,TRUE,NA,NA,NA,NA,master,yes,yes,stronglyAgree,"Yes, it was.",very easy to use.,None.,"Yes, there was more thaan enough time.",Communication,"h94kHPD3f9TnErLxv,rmyHYpxRibWkCCTAi",may2024,chat
9wn6865hGxPJvqSpb,xLAFL4eH3phRrFBYv,jcZtEDfrQbS3QasCe,2024-05-20T21:03:42Z,50,Male,English,NA,TRUE,NA,NA,NA,NA,bachelor,yes,no,neutral,Not really,Yes,no,Yes,Get the most points,"NRs9EXKd4txn9TnMc,xLAFL4eH3phRrFBYv",may2024,chat
LeTp83xLiQSqzZC8z,cjBRZAJYq45GuTidB,Zhm6YPus4yFf4wytJ,2024-05-20T21:03:44Z,25,Male,English,NA,TRUE,NA,NA,NA,NA,bachelor,yes,no,neutral,Yes,Yes,No,Yes,I selected the options that gave both players equal amounts of points,"T42sfjMdHdFEgSzFm,cjBRZAJYq45GuTidB",may2024,chat
hoAr2ahmYDk7mkAq9,h94kHPD3f9TnErLxv,MqBHvMz4B6sWppaHX,2024-05-20T21:04:07Z,45,Male,German,TRUE,NA,NA,NA,NA,NA,master,yes,yes,stronglyAgree,Absolutely,Yes,"No, everything went well",Yes,Cooperation and benefits for both,"h94kHPD3f9TnErLxv,rmyHYpxRibWkCCTAi",may2024,chat
YK4SKkqsQbkQ3Rxbm,NRs9EXKd4txn9TnMc,jcZtEDfrQbS3QasCe,2024-05-20T21:04:14Z,30,Male,English,TRUE,NA,NA,NA,NA,NA,bachelor,yes,no,neutral,I think the pay was a little low. $10 an hour would have been a better pay.,It was easy to use.,No problems,"I feel we had enough time in each round, but didn't realise we could chat until the last few rounds so I didn't utilise it as well as I could have.",To try and share the points wherever possible to get the highest percentage of the points.,"NRs9EXKd4txn9TnMc,xLAFL4eH3phRrFBYv",may2024,chat
sFub7PXczvRdr5y45,7JRDWt83nHuWtsiMz,ZQBWqWhjjphDgHMkQ,2024-05-20T21:04:35Z,44,Male,English,TRUE,NA,NA,NA,NA,NA,bachelor,yes,yes,stronglyAgree,yes,yes,All went ok. It was fun,yes,Tried to choose the options in turns so it benefits both players equally,"7JRDWt83nHuWtsiMz,GZcy7JhZQsBz2rpp8",may2024,chat
NK5zDp46RAMTfu6KS,d4xfHNJJXStne2aTA,LEGkPuxDmADY3qWwB,2024-05-20T21:04:40Z,24,Female,Spanish,TRUE,NA,NA,NA,NA,TRUE,someCollege,yes,yes,stronglyAgree,"Yes, I do.","Yes, it was","No, I didn't.","Yes, I did.","When the points were the same for the two of us, we chose that option. In the next few rounds, we took turns getting more points.","MYHAYj2fHyzJbFzas,d4xfHNJJXStne2aTA",may2024,chat
2Ks9cy3jcZJ5Yn6G3,4rdtCtv2wAGFnZ6u6,mCsebScrX73rJ5yp7,2024-05-20T21:04:52Z,53,Male,English,TRUE,NA,NA,NA,NA,NA,someCollege,yes,yes,agree,Yes I felt it was fair,Yes very quick and responsive,No problems or other comments thank you,Yes more than adequate,I guess to choose what looked to be the highest number and that might have sometimes correlated to the box colour (I might have been wrong regards this) and hope the other person did too so we both benefitted.,"4rdtCtv2wAGFnZ6u6,xJdmHLDf2m4hcGEuD",may2024,chat
5fZSFvvEWjfaYwvRh,xJdmHLDf2m4hcGEuD,mCsebScrX73rJ5yp7,2024-05-20T21:04:53Z,79,male,English,TRUE,NA,NA,NA,NA,NA,NA,NA,NA,NA,yes,yes it was good strategy,It was very good thank you,yes,to make the most gains,"4rdtCtv2wAGFnZ6u6,xJdmHLDf2m4hcGEuD",may2024,chat
cowiWrTqiKf2nK5Lf,292z4KqbdzG5wDMKh,yFb3yMkGsibfY5Y5F,2024-05-20T21:05:44Z,34,NA,NA,NA,NA,NA,NA,NA,NA,NA,NA,NA,NA,NA,NA,NA,NA,NA,"292z4KqbdzG5wDMKh,jptnpA3iBsg3JDzBF",may2024,chat
vcpaSHQhf88wjufZv,5s74KJrdgSS9EGLi5,at5BEB2LcLiC36iEC,2024-05-20T21:06:03Z,21,male,english,NA,TRUE,NA,NA,NA,NA,bachelor,yes,no,disagree,yes,yes,no,no,Go for what was mutually beneficial,"5s74KJrdgSS9EGLi5,GPHocRDvfhJhg29uw",may2024,chat
5Cq2QzBXJTmkqhG3Z,GZcy7JhZQsBz2rpp8,ZQBWqWhjjphDgHMkQ,2024-05-20T21:06:05Z,30,Male,English,NA,NA,NA,NA,NA,TRUE,highSchool,yes,yes,stronglyAgree,"Yes, I feel we should be close to even and we got a fair share.","Yes, I had no issues with the feature and it was easy to use.","I had no issues with the study, all questions and instructions were clear and easy to understand.",I felt it was just enough time as long as we did them in a rush for the ones that we had to message each other before selecting.,"We both decided to play it fair, we picked the option that would give us the same points or if that wasn't possible we would take turns when the options were not equal.","7JRDWt83nHuWtsiMz,GZcy7JhZQsBz2rpp8",may2024,chat
Z8XALdMSKugnAzfuR,GPHocRDvfhJhg29uw,at5BEB2LcLiC36iEC,2024-05-20T21:06:09Z,44,man,italian,TRUE,NA,NA,NA,NA,NA,bachelor,yes,yes,neutral,no,yes,no,no,try to divide the points as best as possible,"5s74KJrdgSS9EGLi5,GPHocRDvfhJhg29uw",may2024,chat
x5HeEkxXciyhkBHAa,MYHAYj2fHyzJbFzas,LEGkPuxDmADY3qWwB,2024-05-20T21:06:31Z,34,male,English,TRUE,NA,NA,NA,NA,NA,bachelor,yes,yes,agree,"I didn't see how the points converted into money. Maybe the base is low, it depends on what the bonus is.","Yes. I didn't see any text that prompted me to talk with the other person during the main task. I had to use my initiative, which I assume was the intention.",The instruction pages were flickering like they were reloading.,The time was very lenient,Try to balance out the money and avoid cases where neither gets money.,"MYHAYj2fHyzJbFzas,d4xfHNJJXStne2aTA",may2024,chat
edfHAfJtXZfcFBFeR,jptnpA3iBsg3JDzBF,yFb3yMkGsibfY5Y5F,2024-05-20T21:06:57Z,23,Male,Hungarian,TRUE,NA,NA,NA,NA,NA,highSchool,yes,yes,neutral,"Yes, it was.","Yes, it was.","No, I did not.","Yes, I had.",Try to maximalize profit.,"292z4KqbdzG5wDMKh,jptnpA3iBsg3JDzBF",may2024,chat
yxao3jM6GN2hk8b2v,8BFW7GDgBbEBJ4h9s,jWNKyeh24TSWseG9d,2024-05-20T21:10:45Z,19,male,dutch,TRUE,NA,NA,NA,NA,NA,someCollege,yes,yes,neutral,yes,yes,no,yes,greed,"8BFW7GDgBbEBJ4h9s,qRT9AGtF7R7w8WqGB",may2024,chat
aBHkbRgHToZkGhbYA,qRT9AGtF7R7w8WqGB,jWNKyeh24TSWseG9d,2024-05-20T21:11:05Z,28,Male,Portuguese,TRUE,FALSE,NA,NA,NA,NA,bachelor,yes,yes,stronglyAgree,Yes,Yes,No,"More than enough, we didn't even use 30secs for each round",Just trying to be fair,"8BFW7GDgBbEBJ4h9s,qRT9AGtF7R7w8WqGB",may2024,chat
DfEi5jZxFfQAcBpLf,9vutZRRFNSwXyGTZJ,X3KmNsi6bBapge7Br,2024-05-20T21:15:40Z,47,Male,NA,NA,NA,TRUE,NA,NA,NA,bachelor,yes,no,agree,Ok,Yes,n,Y,Make best for both,"9vutZRRFNSwXyGTZJ,wafa4oRWKt6DYZdk6",may2024,chat
e5bEvK7pEn9XsPyxW,wafa4oRWKt6DYZdk6,X3KmNsi6bBapge7Br,2024-05-20T21:17:01Z,35,female,Polish,TRUE,NA,NA,NA,NA,NA,master,yes,yes,stronglyAgree,Yes.,"Yes, it was quite easy:)",No.,Yes of course.,"Well, my strategy was to choose chests fairly so that me and the other player had a relatively equal number of points, and that's what we wrote in the chat.","9vutZRRFNSwXyGTZJ,wafa4oRWKt6DYZdk6",may2024,chat
qYFEJbYnbaCwC23rA,JpbbzTqCCptzqdBYG,Wg7v5hn67X4jzjJBA,2024-05-20T21:36:10Z,31,male,turkish / english,TRUE,NA,TRUE,NA,NA,NA,bachelor,yes,yes,stronglyAgree,"Evet, öyle görünüyor.",yes it is,"no, everyghing was okay",yes,we decided to pick the equal points as much as we can,"JpbbzTqCCptzqdBYG,YfMTT5N4iCKXQMuAH",may2024,chat
kNqQdRiHDHqJpBhhf,YfMTT5N4iCKXQMuAH,Wg7v5hn67X4jzjJBA,2024-05-20T21:39:11Z,55,Female,Spanish,NA,NA,NA,NA,NA,TRUE,someCollege,yes,yes,stronglyAgree,Yes,"Yes , very easy",No problems here,Absolutely,The strategy was to make a equal amount of points for me and my partner,"JpbbzTqCCptzqdBYG,YfMTT5N4iCKXQMuAH",may2024,chat
