_id,bot,readyAt,timeoutStartedAt,timeoutWaitCount,exitStepsDone,exitAt,exitStatus,exitReason,retiredAt,retiredReason,createdAt,data.bonus_log,data.role,data.name,data.avatar,data.nameColor,data.bonus,data.targets,data.clicked,data.scoreIncrement,data.exitTimeoutId,data.exited
7xHGHmp79DMkJ933F,,,,,,2024-05-20T17:45:25Z,gameFull,,,,2024-05-20T17:04:08Z,,,,,,,,,,,
7uc6KirfaLkCwWtZW,,2024-05-20T17:05:43Z,,,ExitSurvey,2024-05-20T17:16:52Z,finished,,,,2024-05-20T17:04:17Z,"{""rep"":7,""own"":0,""partner"":0},{""rep"":15,""own"":8,""partner"":4},{""rep"":32,""own"":5,""partner"":5},{""rep"":38,""own"":3,""partner"":3}",p2,Repi,/avatars/jdenticon/Samuel,#8138A8,1.6,"{""image"":""/experiment/green-crate.jpeg"",""label"":""A""},{""image"":""/experiment/crate.jpeg"",""label"":""B""}",B,3,,
XG7Xqmr7Ry3pFDctX,,2024-05-20T17:05:07Z,,,ExitSurvey,2024-05-20T17:16:30Z,finished,,,,2024-05-20T17:04:19Z,"{""rep"":7,""own"":0,""partner"":0},{""rep"":15,""own"":6,""partner"":6},{""rep"":32,""own"":0,""partner"":0},{""rep"":38,""own"":6,""partner"":6}",p2,Minu,/avatars/jdenticon/Alaina,#7ACC66,1.2000000000000002,"{""image"":""/experiment/purple-crate.jpeg"",""label"":""A""},{""image"":""/experiment/pink-crate.jpeg"",""label"":""B""}",A,6,,
ZnF7JteoRKz9xsJjT,,2024-05-20T17:05:28Z,,,ExitSurvey,2024-05-20T17:16:52Z,finished,,,,2024-05-20T17:04:19Z,"{""rep"":7,""own"":0,""partner"":0},{""rep"":15,""own"":4,""partner"":8},{""rep"":32,""own"":5,""partner"":5},{""rep"":38,""own"":3,""partner"":3}",p1,Minu,/avatars/jdenticon/Alaina,#7ACC66,1.2000000000000002,"{""image"":""/experiment/green-crate.jpeg"",""label"":""A""},{""image"":""/experiment/crate.jpeg"",""label"":""B""}",B,3,,
pgMgqLmjKiD7TTPKG,,2024-05-20T17:07:18Z,,,ExitSurvey,2024-05-20T17:23:36Z,finished,,,,2024-05-20T17:04:20Z,"{""rep"":7,""own"":5,""partner"":5},{""rep"":15,""own"":4,""partner"":2},{""rep"":32,""own"":3,""partner"":3},{""rep"":38,""own"":5,""partner"":7}",p2,Repi,/avatars/jdenticon/Samuel,#8138A8,1.7000000000000002,"{""image"":""/experiment/pink-crate.jpeg"",""label"":""A""},{""image"":""/experiment/green-crate.jpeg"",""label"":""B""}",A,6,,
f8Pcerdu4Qj55Yew4,,2024-05-20T17:07:37Z,,,ExitSurvey,2024-05-20T17:31:27Z,finished,,,,2024-05-20T17:04:25Z,"{""rep"":7,""own"":5,""partner"":3},{""rep"":15,""own"":2,""partner"":3},{""rep"":32,""own"":6,""partner"":6},{""rep"":38,""own"":7,""partner"":7}",p2,Minu,/avatars/jdenticon/Alaina,#7ACC66,2,"{""image"":""/experiment/purple-crate.jpeg"",""label"":""B""},{""image"":""/experiment/pink-crate.jpeg"",""label"":""A""}",A,3,,
FiEgFffvxrikipsC7,,2024-05-20T17:08:53Z,,,ExitSurvey,2024-05-20T17:21:21Z,finished,,,,2024-05-20T17:04:28Z,"{""rep"":7,""own"":8,""partner"":5},{""rep"":15,""own"":7,""partner"":7},{""rep"":32,""own"":11,""partner"":11},{""rep"":38,""own"":0,""partner"":0}",p2,Minu,/avatars/jdenticon/Alaina,#7ACC66,2.6,"{""image"":""/experiment/crate.jpeg"",""label"":""A""},{""image"":""/experiment/orange-crate.jpeg"",""label"":""B""}",A,3,11999,true
b2BZS5YTS7YwzFWPx,,2024-05-20T17:07:25Z,,,ExitSurvey,2024-05-20T17:31:27Z,finished,,,,2024-05-20T17:04:29Z,"{""rep"":7,""own"":3,""partner"":5},{""rep"":15,""own"":3,""partner"":2},{""rep"":32,""own"":6,""partner"":6},{""rep"":38,""own"":7,""partner"":7}",p1,Repi,/avatars/jdenticon/Samuel,#8138A8,1.9000000000000004,"{""image"":""/experiment/purple-crate.jpeg"",""label"":""B""},{""image"":""/experiment/pink-crate.jpeg"",""label"":""A""}",A,5,,
sL4PfezM2X6mGy3P5,,2024-05-20T17:06:45Z,,,ExitSurvey,2024-05-20T17:23:36Z,finished,,,,2024-05-20T17:04:33Z,"{""rep"":7,""own"":5,""partner"":5},{""rep"":15,""own"":2,""partner"":4},{""rep"":32,""own"":3,""partner"":3},{""rep"":38,""own"":7,""partner"":5}",p1,Minu,/avatars/jdenticon/Alaina,#7ACC66,1.7000000000000002,"{""image"":""/experiment/green-crate.jpeg"",""label"":""B""},{""image"":""/experiment/pink-crate.jpeg"",""label"":""A""}",A,6,,
6X3WYo7amffBshnb5,,2024-05-20T17:08:20Z,,,ExitSurvey,2024-05-20T17:21:14Z,finished,,,,2024-05-20T17:04:37Z,"{""rep"":7,""own"":4,""partner"":4},{""rep"":15,""own"":6,""partner"":6},{""rep"":32,""own"":6,""partner"":6},{""rep"":38,""own"":8,""partner"":8}",p2,Repi,/avatars/jdenticon/Samuel,#8138A8,2.4000000000000004,"{""image"":""/experiment/orange-crate.jpeg"",""label"":""B""},{""image"":""/experiment/green-crate.jpeg"",""label"":""A""}",A,6,,
R9aD2TxMFAPM9KDKj,,2024-05-20T17:06:41Z,,,ExitSurvey,2024-05-20T17:16:25Z,finished,,,,2024-05-20T17:05:00Z,"{""rep"":7,""own"":0,""partner"":0},{""rep"":15,""own"":11,""partner"":0},{""rep"":32,""own"":9,""partner"":0},{""rep"":38,""own"":9,""partner"":0}",p2,Minu,/avatars/jdenticon/Alaina,#7ACC66,2.9,"{""image"":""/experiment/purple-crate.jpeg"",""label"":""B""},{""image"":""/experiment/pink-crate.jpeg"",""label"":""A""}",B,4,,
Md5AafcF9zKCQh7sw,,2024-05-20T17:06:00Z,,,ExitSurvey,2024-05-20T17:16:25Z,finished,,,,2024-05-20T17:05:01Z,"{""rep"":7,""own"":0,""partner"":0},{""rep"":15,""own"":0,""partner"":11},{""rep"":32,""own"":0,""partner"":9},{""rep"":38,""own"":0,""partner"":9}",p1,Repi,/avatars/jdenticon/Samuel,#8138A8,0,"{""image"":""/experiment/purple-crate.jpeg"",""label"":""B""},{""image"":""/experiment/pink-crate.jpeg"",""label"":""A""}",B,2,,
sqJDpiHxXoBQGHTtL,,2024-05-20T17:08:31Z,,,ExitSurvey,2024-05-20T17:21:14Z,finished,,,,2024-05-20T17:05:03Z,"{""rep"":7,""own"":4,""partner"":4},{""rep"":15,""own"":6,""partner"":6},{""rep"":32,""own"":6,""partner"":6},{""rep"":38,""own"":8,""partner"":8}",p1,Minu,/avatars/jdenticon/Alaina,#7ACC66,2.4000000000000004,"{""image"":""/experiment/green-crate.jpeg"",""label"":""A""},{""image"":""/experiment/orange-crate.jpeg"",""label"":""B""}",A,9,,
F3TgEKTrHAeNQRYhC,,2024-05-20T17:05:18Z,,,ExitSurvey,2024-05-20T17:16:30Z,finished,,,,2024-05-20T17:05:06Z,"{""rep"":7,""own"":0,""partner"":0},{""rep"":15,""own"":6,""partner"":6},{""rep"":32,""own"":0,""partner"":0},{""rep"":38,""own"":6,""partner"":6}",p1,Repi,/avatars/jdenticon/Samuel,#8138A8,1.2000000000000002,"{""image"":""/experiment/purple-crate.jpeg"",""label"":""A""},{""image"":""/experiment/pink-crate.jpeg"",""label"":""B""}",A,6,,
9ngveZubiTLRMwkWA,,2024-05-20T17:10:29Z,,,ExitSurvey,2024-05-20T17:21:21Z,finished,,,,2024-05-20T17:08:39Z,"{""rep"":7,""own"":5,""partner"":8},{""rep"":15,""own"":7,""partner"":7},{""rep"":32,""own"":11,""partner"":11},{""rep"":38,""own"":0,""partner"":0}",p1,Repi,/avatars/jdenticon/Samuel,#8138A8,2.3000000000000003,"{""image"":""/experiment/crate.jpeg"",""label"":""A""},{""image"":""/experiment/orange-crate.jpeg"",""label"":""B""}",A,5,,
MPfxMjFnMJLJXyWSA,,2024-05-20T17:11:56Z,,,ExitSurvey,2024-05-20T17:22:47Z,finished,,,,2024-05-20T17:09:49Z,"{""rep"":7,""own"":2,""partner"":5},{""rep"":15,""own"":11,""partner"":11},{""rep"":32,""own"":0,""partner"":0},{""rep"":38,""own"":8,""partner"":8}",p1,Repi,/avatars/jdenticon/Samuel,#8138A8,2.1,"{""image"":""/experiment/pink-crate.jpeg"",""label"":""B""},{""image"":""/experiment/yellow-crate.jpeg"",""label"":""A""}",A,10,,
8Gd4X575jPi3Y8Xyx,,2024-05-20T17:13:30Z,,,ExitSurvey,2024-05-20T17:37:57Z,finished,,,,2024-05-20T17:11:19Z,"{""rep"":7,""own"":7,""partner"":7},{""rep"":15,""own"":0,""partner"":10},{""rep"":32,""own"":4,""partner"":4},{""rep"":38,""own"":9,""partner"":4}",p1,Repi,/avatars/jdenticon/Samuel,#8138A8,2,"{""image"":""/experiment/pink-crate.jpeg"",""label"":""B""},{""image"":""/experiment/yellow-crate.jpeg"",""label"":""A""}",A,11,,
S4rgzXeB4LvTsuCbR,,2024-05-20T17:13:04Z,,,ExitSurvey,2024-05-20T17:22:47Z,finished,,,,2024-05-20T17:11:43Z,"{""rep"":7,""own"":5,""partner"":2},{""rep"":15,""own"":11,""partner"":11},{""rep"":32,""own"":0,""partner"":0},{""rep"":38,""own"":8,""partner"":8}",p2,Minu,/avatars/jdenticon/Alaina,#7ACC66,2.4000000000000004,"{""image"":""/experiment/yellow-crate.jpeg"",""label"":""A""},{""image"":""/experiment/pink-crate.jpeg"",""label"":""B""}",A,10,,
vvNtoKH6A5sShTpk2,,2024-05-20T17:17:23Z,,,ExitSurvey,2024-05-20T17:37:57Z,finished,,,,2024-05-20T17:16:52Z,"{""rep"":7,""own"":7,""partner"":7},{""rep"":15,""own"":10,""partner"":0},{""rep"":32,""own"":4,""partner"":4},{""rep"":38,""own"":4,""partner"":9}",p2,Minu,/avatars/jdenticon/Alaina,#7ACC66,2.5,"{""image"":""/experiment/yellow-crate.jpeg"",""label"":""A""},{""image"":""/experiment/pink-crate.jpeg"",""label"":""B""}",A,11,,
nRnwQAx2dL2AmY2ha,,2024-05-20T17:49:12Z,,,ExitSurvey,2024-05-20T17:59:10Z,finished,,,,2024-05-20T17:46:25Z,"{""rep"":7,""own"":2,""partner"":9},{""rep"":15,""own"":0,""partner"":11},{""rep"":32,""own"":8,""partner"":2},{""rep"":38,""own"":0,""partner"":0}",p2,Minu,/avatars/jdenticon/Alaina,#7ACC66,1,"{""image"":""/experiment/crate.jpeg"",""label"":""A""},{""image"":""/experiment/orange-crate.jpeg"",""label"":""B""}",B,0,,
jcRRr32KNymJmknfv,,2024-05-20T17:46:29Z,,,ExitSurvey,2024-05-20T17:57:07Z,finished,,,,2024-05-20T17:46:25Z,"{""rep"":7,""own"":0,""partner"":0},{""rep"":15,""own"":7,""partner"":7},{""rep"":32,""own"":10,""partner"":10},{""rep"":38,""own"":6,""partner"":6}",p2,Minu,/avatars/jdenticon/Alaina,#7ACC66,2.3000000000000003,"{""image"":""/experiment/green-crate.jpeg"",""label"":""A""},{""image"":""/experiment/aqua-crate.jpeg"",""label"":""B""}",B,7,,
rZvQaFEpHAFdPv374,,2024-05-20T17:49:25Z,,,ExitSurvey,2024-05-20T18:01:03Z,finished,,,,2024-05-20T17:46:43Z,"{""rep"":7,""own"":0,""partner"":0},{""rep"":15,""own"":10,""partner"":10},{""rep"":32,""own"":0,""partner"":0},{""rep"":38,""own"":6,""partner"":9}",p1,Minu,/avatars/jdenticon/Alaina,#7ACC66,1.6,"{""image"":""/experiment/pink-crate.jpeg"",""label"":""A""},{""image"":""/experiment/orange-crate.jpeg"",""label"":""B""}",B,3,,
5LcEiauGLWfxzXKJc,,2024-05-20T17:52:02Z,,,ExitSurvey,2024-05-20T18:02:30Z,finished,,,,2024-05-20T17:46:46Z,"{""rep"":7,""own"":4,""partner"":2},{""rep"":15,""own"":8,""partner"":8},{""rep"":32,""own"":0,""partner"":0},{""rep"":38,""own"":0,""partner"":0}",p1,Repi,/avatars/jdenticon/Samuel,#8138A8,1.2000000000000002,"{""image"":""/experiment/yellow-crate.jpeg"",""label"":""A""},{""image"":""/experiment/green-crate.jpeg"",""label"":""B""}",A,7,,
EP8D9xM3EkxYjow9D,,2024-05-20T17:50:19Z,,,"Sorry,ExitSurvey",2024-05-20T17:50:56Z,custom,It looks like one of your partners disconnected before you could finish the experiment!,,,2024-05-20T17:47:00Z,,p2,Repi,/avatars/jdenticon/Samuel,#8138A8,0,"{""image"":""/experiment/aqua-crate.jpeg"",""label"":""A""},{""image"":""/experiment/blue-crate.jpeg"",""label"":""B""}",false,0,2787,true
PyEZDESN6Tzsc4v6C,,2024-05-20T17:48:05Z,,,ExitSurvey,2024-05-20T17:57:07Z,finished,,,,2024-05-20T17:47:05Z,"{""rep"":7,""own"":0,""partner"":0},{""rep"":15,""own"":7,""partner"":7},{""rep"":32,""own"":10,""partner"":10},{""rep"":38,""own"":6,""partner"":6}",p1,Repi,/avatars/jdenticon/Samuel,#8138A8,2.3000000000000003,"{""image"":""/experiment/aqua-crate.jpeg"",""label"":""B""},{""image"":""/experiment/green-crate.jpeg"",""label"":""A""}",B,4,,
A7rkFB5425JNvixjT,,2024-05-20T17:49:10Z,,,ExitSurvey,2024-05-20T17:59:10Z,finished,,,,2024-05-20T17:47:29Z,"{""rep"":7,""own"":9,""partner"":2},{""rep"":15,""own"":11,""partner"":0},{""rep"":32,""own"":2,""partner"":8},{""rep"":38,""own"":0,""partner"":0}",p1,Repi,/avatars/jdenticon/Samuel,#8138A8,2.2,"{""image"":""/experiment/orange-crate.jpeg"",""label"":""B""},{""image"":""/experiment/crate.jpeg"",""label"":""A""}",A,0,,
WgE53EnqD7sDSiBsE,,,,,,2024-05-20T18:59:13Z,gameFull,,,,2024-05-20T17:47:32Z,,,,,,,,,,,
r9o7q3cJxcmuFfFkz,,2024-05-20T17:49:48Z,,,ExitSurvey,2024-05-20T18:01:03Z,finished,,,,2024-05-20T17:47:44Z,"{""rep"":7,""own"":0,""partner"":0},{""rep"":15,""own"":10,""partner"":10},{""rep"":32,""own"":0,""partner"":0},{""rep"":38,""own"":9,""partner"":6}",p2,Repi,/avatars/jdenticon/Samuel,#8138A8,1.9,"{""image"":""/experiment/orange-crate.jpeg"",""label"":""B""},{""image"":""/experiment/pink-crate.jpeg"",""label"":""A""}",B,3,,
rEGZtYwQBiFQLPDn4,,2024-05-20T17:50:30Z,,,ExitSurvey,2024-05-20T18:00:39Z,finished,,,,2024-05-20T17:47:56Z,"{""rep"":7,""own"":0,""partner"":12},{""rep"":15,""own"":7,""partner"":9},{""rep"":32,""own"":0,""partner"":10},{""rep"":38,""own"":0,""partner"":11}",p2,Minu,/avatars/jdenticon/Alaina,#7ACC66,0.7000000000000001,"{""image"":""/experiment/green-crate.jpeg"",""label"":""B""},{""image"":""/experiment/aqua-crate.jpeg"",""label"":""A""}",B,8,,
LS3RnhoGth6eFEyWR,,2024-05-20T17:50:18Z,,,,2024-05-20T18:59:10Z,gameCancelled,,,,2024-05-20T17:48:19Z,,p1,Minu,/avatars/jdenticon/Alaina,#7ACC66,0,"{""image"":""/experiment/blue-crate.jpeg"",""label"":""B""},{""image"":""/experiment/aqua-crate.jpeg"",""label"":""A""}",false,0,,
TTM9fBcDRjTDydeNK,,2024-05-20T17:50:42Z,,,ExitSurvey,2024-05-20T18:00:39Z,finished,,,,2024-05-20T17:48:37Z,"{""rep"":7,""own"":12,""partner"":0},{""rep"":15,""own"":9,""partner"":7},{""rep"":32,""own"":10,""partner"":0},{""rep"":38,""own"":11,""partner"":0}",p1,Repi,/avatars/jdenticon/Samuel,#8138A8,4.2,"{""image"":""/experiment/aqua-crate.jpeg"",""label"":""A""},{""image"":""/experiment/green-crate.jpeg"",""label"":""B""}",A,0,,
hM9ioupiMgAzk3obX,,2024-05-20T17:51:11Z,,,ExitSurvey,2024-05-20T18:02:30Z,finished,,,,2024-05-20T17:48:52Z,"{""rep"":7,""own"":2,""partner"":4},{""rep"":15,""own"":8,""partner"":8},{""rep"":32,""own"":0,""partner"":0},{""rep"":38,""own"":0,""partner"":0}",p2,Minu,/avatars/jdenticon/Alaina,#7ACC66,1,"{""image"":""/experiment/yellow-crate.jpeg"",""label"":""A""},{""image"":""/experiment/green-crate.jpeg"",""label"":""B""}",A,7,,
RheSCoheduonR6Qug,,2024-05-20T17:50:26Z,,,ExitSurvey,2024-05-20T18:01:31Z,finished,,,,2024-05-20T17:50:03Z,"{""rep"":7,""own"":2,""partner"":6},{""rep"":15,""own"":7,""partner"":7},{""rep"":32,""own"":5,""partner"":3},{""rep"":38,""own"":9,""partner"":9}",p2,Minu,/avatars/jdenticon/Alaina,#7ACC66,2.3000000000000003,"{""image"":""/experiment/yellow-crate.jpeg"",""label"":""B""},{""image"":""/experiment/orange-crate.jpeg"",""label"":""A""}",A,11,,
HLpbtojLoHvYFh9HW,,2024-05-20T17:50:27Z,,,ExitSurvey,2024-05-20T18:01:31Z,finished,,,,2024-05-20T17:50:13Z,"{""rep"":7,""own"":6,""partner"":2},{""rep"":15,""own"":7,""partner"":7},{""rep"":32,""own"":3,""partner"":5},{""rep"":38,""own"":9,""partner"":9}",p1,Repi,/avatars/jdenticon/Samuel,#8138A8,2.5000000000000004,"{""image"":""/experiment/yellow-crate.jpeg"",""label"":""B""},{""image"":""/experiment/orange-crate.jpeg"",""label"":""A""}",A,11,,
Nc5gj5iN7ptJPCTJ4,,2024-05-20T17:56:58Z,,,ExitSurvey,2024-05-20T18:07:14Z,finished,,,,2024-05-20T17:56:40Z,"{""rep"":7,""own"":6,""partner"":9},{""rep"":15,""own"":9,""partner"":9},{""rep"":32,""own"":10,""partner"":10},{""rep"":38,""own"":8,""partner"":3}",p1,Repi,/avatars/jdenticon/Samuel,#8138A8,3.3,"{""image"":""/experiment/aqua-crate.jpeg"",""label"":""B""},{""image"":""/experiment/yellow-crate.jpeg"",""label"":""A""}",A,10,,
an7zPKK4n8YMKWEH8,,2024-05-20T17:57:11Z,,,ExitSurvey,2024-05-20T18:07:14Z,finished,,,,2024-05-20T17:57:05Z,"{""rep"":7,""own"":9,""partner"":6},{""rep"":15,""own"":9,""partner"":9},{""rep"":32,""own"":10,""partner"":10},{""rep"":38,""own"":3,""partner"":8}",p2,Minu,/avatars/jdenticon/Alaina,#7ACC66,3.0999999999999996,"{""image"":""/experiment/yellow-crate.jpeg"",""label"":""A""},{""image"":""/experiment/aqua-crate.jpeg"",""label"":""B""}",A,10,,
pdoJBcKbgtNfJQBdb,,2024-05-20T18:02:40Z,,,ExitSurvey,2024-05-20T18:13:39Z,finished,,,,2024-05-20T18:00:05Z,"{""rep"":7,""own"":8,""partner"":8},{""rep"":15,""own"":5,""partner"":3},{""rep"":32,""own"":11,""partner"":11},{""rep"":38,""own"":4,""partner"":6}",p1,Minu,/avatars/jdenticon/Alaina,#7ACC66,2.8000000000000003,"{""image"":""/experiment/blue-crate.jpeg"",""label"":""A""},{""image"":""/experiment/green-crate.jpeg"",""label"":""B""}",A,4,,
bGMjcokAeyD5jo5hw,,2024-05-20T18:01:38Z,,,ExitSurvey,2024-05-20T18:13:39Z,finished,,,,2024-05-20T18:00:22Z,"{""rep"":7,""own"":8,""partner"":8},{""rep"":15,""own"":3,""partner"":5},{""rep"":32,""own"":11,""partner"":11},{""rep"":38,""own"":6,""partner"":4}",p2,Repi,/avatars/jdenticon/Samuel,#8138A8,2.8000000000000003,"{""image"":""/experiment/blue-crate.jpeg"",""label"":""A""},{""image"":""/experiment/green-crate.jpeg"",""label"":""B""}",A,3,,
issPYSgHLPWJXuXjF,,2024-05-20T18:28:14Z,,,ExitSurvey,2024-05-20T18:39:14Z,finished,,,,2024-05-20T18:25:58Z,"{""rep"":7,""own"":7,""partner"":7},{""rep"":15,""own"":9,""partner"":9},{""rep"":32,""own"":2,""partner"":7},{""rep"":38,""own"":8,""partner"":8}",p2,Minu,/avatars/jdenticon/Alaina,#7ACC66,2.6,"{""image"":""/experiment/green-crate.jpeg"",""label"":""A""},{""image"":""/experiment/orange-crate.jpeg"",""label"":""B""}",B,7,,
QgT9chNQSd96SpLMv,,2024-05-20T18:29:44Z,,,ExitSurvey,2024-05-20T18:39:14Z,finished,,,,2024-05-20T18:28:57Z,"{""rep"":7,""own"":7,""partner"":7},{""rep"":15,""own"":9,""partner"":9},{""rep"":32,""own"":7,""partner"":2},{""rep"":38,""own"":8,""partner"":8}",p1,Repi,/avatars/jdenticon/Samuel,#8138A8,3.1000000000000005,"{""image"":""/experiment/orange-crate.jpeg"",""label"":""B""},{""image"":""/experiment/green-crate.jpeg"",""label"":""A""}",B,4,,
xGzT2ZB4MYS2mEn5c,,2024-05-20T19:43:05Z,,,ExitSurvey,2024-05-20T19:53:40Z,finished,,,,2024-05-20T19:41:00Z,"{""rep"":7,""own"":0,""partner"":11},{""rep"":15,""own"":0,""partner"":11},{""rep"":32,""own"":0,""partner"":0},{""rep"":38,""own"":9,""partner"":0}",p2,Minu,/avatars/jdenticon/Alaina,#7ACC66,0.9,"{""image"":""/experiment/orange-crate.jpeg"",""label"":""A""},{""image"":""/experiment/yellow-crate.jpeg"",""label"":""B""}",A,8,,
jvzE5HHATpQamwbtK,,2024-05-20T19:42:42Z,,,ExitSurvey,2024-05-20T19:52:39Z,finished,,,,2024-05-20T19:41:02Z,"{""rep"":7,""own"":11,""partner"":0},{""rep"":15,""own"":5,""partner"":7},{""rep"":32,""own"":0,""partner"":0},{""rep"":38,""own"":0,""partner"":9}",p1,Repi,/avatars/jdenticon/Samuel,#8138A8,1.6,"{""image"":""/experiment/green-crate.jpeg"",""label"":""A""},{""image"":""/experiment/purple-crate.jpeg"",""label"":""B""}",B,11,,
DXKTGminqErN4AMmN,,2024-05-20T19:42:39Z,,,ExitSurvey,2024-05-20T19:53:08Z,finished,,,,2024-05-20T19:41:02Z,"{""rep"":7,""own"":11,""partner"":0},{""rep"":15,""own"":5,""partner"":6},{""rep"":32,""own"":7,""partner"":7},{""rep"":38,""own"":5,""partner"":4}",p2,Minu,/avatars/jdenticon/Alaina,#7ACC66,2.8000000000000003,"{""image"":""/experiment/orange-crate.jpeg"",""label"":""B""},{""image"":""/experiment/purple-crate.jpeg"",""label"":""A""}",B,0,,
RA85AYD6zjT2tE9kJ,,2024-05-20T19:41:49Z,,,ExitSurvey,2024-05-20T19:50:50Z,finished,,,,2024-05-20T19:41:06Z,"{""rep"":7,""own"":11,""partner"":0},{""rep"":15,""own"":5,""partner"":5},{""rep"":32,""own"":7,""partner"":8},{""rep"":38,""own"":7,""partner"":7}",p2,Minu,/avatars/jdenticon/Alaina,#7ACC66,3.0000000000000004,"{""image"":""/experiment/blue-crate.jpeg"",""label"":""A""},{""image"":""/experiment/orange-crate.jpeg"",""label"":""B""}",A,10,,
rFxkypzd4uKZnAa3R,,2024-05-20T19:42:30Z,,,ExitSurvey,2024-05-20T19:53:52Z,finished,,,,2024-05-20T19:41:07Z,"{""rep"":7,""own"":7,""partner"":2},{""rep"":15,""own"":0,""partner"":0},{""rep"":32,""own"":4,""partner"":3},{""rep"":38,""own"":6,""partner"":2}",p1,Minu,/avatars/jdenticon/Alaina,#7ACC66,1.7000000000000002,"{""image"":""/experiment/purple-crate.jpeg"",""label"":""A""},{""image"":""/experiment/pink-crate.jpeg"",""label"":""B""}",B,10,,
M2dGCLajwN5n3rMNH,,2024-05-20T19:43:37Z,,,ExitSurvey,2024-05-20T19:56:36Z,finished,,,,2024-05-20T19:41:07Z,"{""rep"":7,""own"":0,""partner"":0},{""rep"":15,""own"":8,""partner"":0},{""rep"":32,""own"":11,""partner"":11},{""rep"":38,""own"":0,""partner"":0}",p1,Repi,/avatars/jdenticon/Samuel,#8138A8,1.9000000000000001,"{""image"":""/experiment/orange-crate.jpeg"",""label"":""B""},{""image"":""/experiment/purple-crate.jpeg"",""label"":""A""}",A,0,,
bSvSxcEvKRbegLjcq,,2024-05-20T19:43:07Z,,,ExitSurvey,2024-05-20T19:53:40Z,finished,,,,2024-05-20T19:41:07Z,"{""rep"":7,""own"":11,""partner"":0},{""rep"":15,""own"":11,""partner"":0},{""rep"":32,""own"":0,""partner"":0},{""rep"":38,""own"":0,""partner"":9}",p1,Repi,/avatars/jdenticon/Samuel,#8138A8,2.2,"{""image"":""/experiment/orange-crate.jpeg"",""label"":""A""},{""image"":""/experiment/yellow-crate.jpeg"",""label"":""B""}",A,8,,
9RD4tnNR3LLcj5BZi,,2024-05-20T19:43:23Z,,,ExitSurvey,2024-05-20T19:53:27Z,finished,,,,2024-05-20T19:41:09Z,"{""rep"":7,""own"":5,""partner"":5},{""rep"":15,""own"":9,""partner"":7},{""rep"":32,""own"":6,""partner"":7},{""rep"":38,""own"":0,""partner"":0}",p1,Repi,/avatars/jdenticon/Samuel,#8138A8,2,"{""image"":""/experiment/green-crate.jpeg"",""label"":""B""},{""image"":""/experiment/aqua-crate.jpeg"",""label"":""A""}",B,5,,
bh5TTn5yiGF9j7WGz,,2024-05-20T19:43:11Z,,,ExitSurvey,2024-05-20T19:53:08Z,finished,,,,2024-05-20T19:41:12Z,"{""rep"":7,""own"":5,""partner"":5},{""rep"":15,""own"":2,""partner"":5},{""rep"":32,""own"":9,""partner"":4},{""rep"":38,""own"":9,""partner"":9}",p2,Repi,/avatars/jdenticon/Samuel,#8138A8,2.5,"{""image"":""/experiment/crate.jpeg"",""label"":""B""},{""image"":""/experiment/aqua-crate.jpeg"",""label"":""A""}",B,9,,
iQCLdJAJ4M9gRstR2,,2024-05-20T19:43:13Z,,,ExitSurvey,2024-05-20T19:53:08Z,finished,,,,2024-05-20T19:41:17Z,"{""rep"":7,""own"":5,""partner"":5},{""rep"":15,""own"":5,""partner"":2},{""rep"":32,""own"":4,""partner"":9},{""rep"":38,""own"":9,""partner"":9}",p1,Minu,/avatars/jdenticon/Alaina,#7ACC66,2.3,"{""image"":""/experiment/aqua-crate.jpeg"",""label"":""A""},{""image"":""/experiment/crate.jpeg"",""label"":""B""}",B,3,,
Payx2mw85NonymMCc,,2024-05-20T19:42:07Z,,,ExitSurvey,2024-05-20T19:53:52Z,finished,,,,2024-05-20T19:41:18Z,"{""rep"":7,""own"":2,""partner"":7},{""rep"":15,""own"":0,""partner"":0},{""rep"":32,""own"":3,""partner"":4},{""rep"":38,""own"":2,""partner"":6}",p2,Repi,/avatars/jdenticon/Samuel,#8138A8,0.7,"{""image"":""/experiment/pink-crate.jpeg"",""label"":""B""},{""image"":""/experiment/purple-crate.jpeg"",""label"":""A""}",A,0,,
dpyA83ptSemmJdn5h,,2024-05-20T19:44:14Z,,,ExitSurvey,2024-05-20T19:55:07Z,finished,,,,2024-05-20T19:41:19Z,"{""rep"":7,""own"":10,""partner"":10},{""rep"":15,""own"":9,""partner"":5},{""rep"":32,""own"":8,""partner"":8},{""rep"":38,""own"":7,""partner"":7}",p2,Minu,/avatars/jdenticon/Alaina,#7ACC66,3.4000000000000004,"{""image"":""/experiment/pink-crate.jpeg"",""label"":""A""},{""image"":""/experiment/orange-crate.jpeg"",""label"":""B""}",A,6,,
CRKw8zmqcQkouYmev,,2024-05-20T19:47:32Z,,,ExitSurvey,2024-05-20T20:04:39Z,finished,,,,2024-05-20T19:41:21Z,"{""rep"":7,""own"":0,""partner"":0},{""rep"":15,""own"":11,""partner"":11},{""rep"":32,""own"":0,""partner"":0},{""rep"":38,""own"":9,""partner"":0}",p2,Repi,/avatars/jdenticon/Samuel,#8138A8,2,"{""image"":""/experiment/yellow-crate.jpeg"",""label"":""A""},{""image"":""/experiment/orange-crate.jpeg"",""label"":""B""}",B,1,,
TyMvmGYsWYcnekPHH,,2024-05-20T19:43:03Z,,,ExitSurvey,2024-05-20T19:54:27Z,finished,,,,2024-05-20T19:41:25Z,"{""rep"":7,""own"":9,""partner"":8},{""rep"":15,""own"":1,""partner"":1},{""rep"":32,""own"":4,""partner"":4},{""rep"":38,""own"":5,""partner"":5}",p2,Minu,/avatars/jdenticon/Alaina,#7ACC66,1.9,"{""image"":""/experiment/pink-crate.jpeg"",""label"":""A""},{""image"":""/experiment/blue-crate.jpeg"",""label"":""B""}",A,7,,
XcubzDfJk8Z6F2STy,,2024-05-20T19:44:00Z,,,ExitSurvey,2024-05-20T19:56:19Z,finished,,,,2024-05-20T19:41:26Z,"{""rep"":7,""own"":2,""partner"":2},{""rep"":15,""own"":5,""partner"":9},{""rep"":32,""own"":1,""partner"":1},{""rep"":38,""own"":6,""partner"":9}",p2,Minu,/avatars/jdenticon/Alaina,#7ACC66,1.4,"{""image"":""/experiment/pink-crate.jpeg"",""label"":""B""},{""image"":""/experiment/orange-crate.jpeg"",""label"":""A""}",B,12,,
6c46G8EXMv6EKfFDS,,2024-05-20T19:42:35Z,,,ExitSurvey,2024-05-20T19:53:08Z,finished,,,,2024-05-20T19:41:27Z,"{""rep"":7,""own"":0,""partner"":11},{""rep"":15,""own"":6,""partner"":5},{""rep"":32,""own"":7,""partner"":7},{""rep"":38,""own"":4,""partner"":5}",p1,Repi,/avatars/jdenticon/Samuel,#8138A8,1.7000000000000002,"{""image"":""/experiment/orange-crate.jpeg"",""label"":""B""},{""image"":""/experiment/purple-crate.jpeg"",""label"":""A""}",A,0,,
cnBAZb6CF6ihsgTCZ,,,,,,2024-05-20T19:57:45Z,gameLobbyTimedOut,,,,2024-05-20T19:41:28Z,,,,,,,,,,,
RC2dGBcMmsRMfnTvs,,2024-05-20T19:42:59Z,,,ExitSurvey,2024-05-20T19:55:18Z,finished,,,,2024-05-20T19:41:31Z,"{""rep"":7,""own"":0,""partner"":0},{""rep"":15,""own"":0,""partner"":7},{""rep"":32,""own"":0,""partner"":0},{""rep"":38,""own"":4,""partner"":4}",p2,Repi,/avatars/jdenticon/Samuel,#8138A8,0.4,"{""image"":""/experiment/pink-crate.jpeg"",""label"":""A""},{""image"":""/experiment/purple-crate.jpeg"",""label"":""B""}",A,6,,
qPGfNuBLGoWDMpqCn,,2024-05-20T19:43:17Z,,,ExitSurvey,2024-05-20T19:52:29Z,finished,,,,2024-05-20T19:41:33Z,"{""rep"":7,""own"":6,""partner"":4},{""rep"":15,""own"":0,""partner"":8},{""rep"":32,""own"":2,""partner"":2},{""rep"":38,""own"":11,""partner"":0}",p1,Minu,/avatars/jdenticon/Alaina,#7ACC66,1.9000000000000001,"{""image"":""/experiment/crate.jpeg"",""label"":""B""},{""image"":""/experiment/blue-crate.jpeg"",""label"":""A""}",A,2,,
ccjsRa5FgqypN8uGN,,2024-05-20T19:44:27Z,,,ExitSurvey,2024-05-20T19:55:07Z,finished,,,,2024-05-20T19:41:36Z,"{""rep"":7,""own"":10,""partner"":10},{""rep"":15,""own"":5,""partner"":9},{""rep"":32,""own"":8,""partner"":8},{""rep"":38,""own"":7,""partner"":7}",p1,Repi,/avatars/jdenticon/Samuel,#8138A8,3,"{""image"":""/experiment/orange-crate.jpeg"",""label"":""B""},{""image"":""/experiment/pink-crate.jpeg"",""label"":""A""}",A,6,,
CEiy3QR7wYLiNMDD7,,2024-05-20T19:43:37Z,,,ExitSurvey,2024-05-20T19:56:29Z,finished,,,,2024-05-20T19:41:39Z,"{""rep"":7,""own"":12,""partner"":0},{""rep"":15,""own"":0,""partner"":0},{""rep"":32,""own"":8,""partner"":8},{""rep"":38,""own"":8,""partner"":8}",p1,Repi,/avatars/jdenticon/Samuel,#8138A8,2.8,"{""image"":""/experiment/blue-crate.jpeg"",""label"":""B""},{""image"":""/experiment/pink-crate.jpeg"",""label"":""A""}",A,10,,
vuzgZNTkRkC8TLBB5,,2024-05-20T19:46:02Z,,,ExitSurvey,2024-05-20T19:55:46Z,finished,,,,2024-05-20T19:41:43Z,"{""rep"":7,""own"":9,""partner"":0},{""rep"":15,""own"":4,""partner"":0},{""rep"":32,""own"":10,""partner"":10},{""rep"":38,""own"":8,""partner"":8}",p2,Minu,/avatars/jdenticon/Alaina,#7ACC66,3.0999999999999996,"{""image"":""/experiment/pink-crate.jpeg"",""label"":""B""},{""image"":""/experiment/purple-crate.jpeg"",""label"":""A""}",B,6,,
vcmpRgaTKnPS4tvfS,,2024-05-20T19:43:40Z,,,ExitSurvey,2024-05-20T19:56:36Z,finished,,,,2024-05-20T19:41:44Z,"{""rep"":7,""own"":0,""partner"":0},{""rep"":15,""own"":0,""partner"":8},{""rep"":32,""own"":11,""partner"":11},{""rep"":38,""own"":0,""partner"":0}",p2,Minu,/avatars/jdenticon/Alaina,#7ACC66,1.1,"{""image"":""/experiment/orange-crate.jpeg"",""label"":""B""},{""image"":""/experiment/purple-crate.jpeg"",""label"":""A""}",B,0,,
AB5qZiuC62xHnk9N2,,2024-05-20T19:44:12Z,,,ExitSurvey,2024-05-20T19:54:00Z,finished,,,,2024-05-20T19:41:44Z,"{""rep"":7,""own"":0,""partner"":0},{""rep"":15,""own"":6,""partner"":6},{""rep"":32,""own"":6,""partner"":6},{""rep"":38,""own"":0,""partner"":0}",p2,Repi,/avatars/jdenticon/Samuel,#8138A8,1.2000000000000002,"{""image"":""/experiment/crate.jpeg"",""label"":""A""},{""image"":""/experiment/blue-crate.jpeg"",""label"":""B""}",B,0,,
8D2frePJsRf8ABCdv,,2024-05-20T19:43:45Z,,,ExitSurvey,2024-05-20T19:56:19Z,finished,,,,2024-05-20T19:41:46Z,"{""rep"":7,""own"":2,""partner"":2},{""rep"":15,""own"":9,""partner"":5},{""rep"":32,""own"":1,""partner"":1},{""rep"":38,""own"":9,""partner"":6}",p1,Repi,/avatars/jdenticon/Samuel,#8138A8,2.1,"{""image"":""/experiment/orange-crate.jpeg"",""label"":""A""},{""image"":""/experiment/pink-crate.jpeg"",""label"":""B""}",A,0,,
oWgqTBzRRdz8t7pvY,,2024-05-20T19:43:28Z,,,ExitSurvey,2024-05-20T19:56:29Z,finished,,,,2024-05-20T19:41:46Z,"{""rep"":7,""own"":0,""partner"":12},{""rep"":15,""own"":0,""partner"":0},{""rep"":32,""own"":8,""partner"":8},{""rep"":38,""own"":8,""partner"":8}",p2,Minu,/avatars/jdenticon/Alaina,#7ACC66,1.6,"{""image"":""/experiment/pink-crate.jpeg"",""label"":""A""},{""image"":""/experiment/blue-crate.jpeg"",""label"":""B""}",A,10,,
AdqnhwuxCr3tkzCJt,,2024-05-20T19:41:58Z,,,ExitSurvey,2024-05-20T19:50:50Z,finished,,,,2024-05-20T19:41:50Z,"{""rep"":7,""own"":0,""partner"":11},{""rep"":15,""own"":5,""partner"":5},{""rep"":32,""own"":8,""partner"":7},{""rep"":38,""own"":7,""partner"":7}",p1,Repi,/avatars/jdenticon/Samuel,#8138A8,2,"{""image"":""/experiment/orange-crate.jpeg"",""label"":""B""},{""image"":""/experiment/blue-crate.jpeg"",""label"":""A""}",A,10,,
kkczPhC2FFEf98LB7,,2024-05-20T19:42:49Z,,,ExitSurvey,2024-05-20T19:55:18Z,finished,,,,2024-05-20T19:41:51Z,"{""rep"":7,""own"":0,""partner"":0},{""rep"":15,""own"":7,""partner"":0},{""rep"":32,""own"":0,""partner"":0},{""rep"":38,""own"":4,""partner"":4}",p1,Minu,/avatars/jdenticon/Alaina,#7ACC66,1.1,"{""image"":""/experiment/purple-crate.jpeg"",""label"":""B""},{""image"":""/experiment/pink-crate.jpeg"",""label"":""A""}",A,7,,
8x3sqwPAun2TtYjMg,,2024-05-20T19:43:00Z,,,ExitSurvey,2024-05-20T19:54:27Z,finished,,,,2024-05-20T19:41:52Z,"{""rep"":7,""own"":8,""partner"":9},{""rep"":15,""own"":1,""partner"":1},{""rep"":32,""own"":4,""partner"":4},{""rep"":38,""own"":5,""partner"":5}",p1,Repi,/avatars/jdenticon/Samuel,#8138A8,1.8,"{""image"":""/experiment/pink-crate.jpeg"",""label"":""A""},{""image"":""/experiment/blue-crate.jpeg"",""label"":""B""}",A,7,,
yqLQCGYzANw7bF4cM,,2024-05-20T19:44:04Z,,,ExitSurvey,2024-05-20T19:54:00Z,finished,,,,2024-05-20T19:42:01Z,"{""rep"":7,""own"":0,""partner"":0},{""rep"":15,""own"":6,""partner"":6},{""rep"":32,""own"":6,""partner"":6},{""rep"":38,""own"":0,""partner"":0}",p1,Minu,/avatars/jdenticon/Alaina,#7ACC66,1.2000000000000002,"{""image"":""/experiment/crate.jpeg"",""label"":""A""},{""image"":""/experiment/blue-crate.jpeg"",""label"":""B""}",A,0,,
FbZrE7teP3JLRm5hF,,2024-05-20T19:47:07Z,,,"Sorry,ExitSurvey",2024-05-20T19:47:28Z,custom,It looks like one of your partners disconnected before you could finish the experiment!,,,2024-05-20T19:42:09Z,,p1,Minu,/avatars/jdenticon/Alaina,#7ACC66,0,,false,0,1847,true
ARAxzf5coEnZmFzgw,,2024-05-20T19:43:13Z,,,ExitSurvey,2024-05-20T19:52:29Z,finished,,,,2024-05-20T19:42:20Z,"{""rep"":7,""own"":4,""partner"":6},{""rep"":15,""own"":8,""partner"":0},{""rep"":32,""own"":2,""partner"":2},{""rep"":38,""own"":0,""partner"":11}",p2,Repi,/avatars/jdenticon/Samuel,#8138A8,1.4000000000000001,"{""image"":""/experiment/blue-crate.jpeg"",""label"":""A""},{""image"":""/experiment/crate.jpeg"",""label"":""B""}",A,2,,
k5Jqvatzptc8TyyJR,,2024-05-20T19:44:58Z,,,ExitSurvey,2024-05-20T19:54:37Z,finished,,,,2024-05-20T19:42:22Z,"{""rep"":7,""own"":6,""partner"":6},{""rep"":15,""own"":2,""partner"":6},{""rep"":32,""own"":4,""partner"":4},{""rep"":38,""own"":3,""partner"":3}",p2,Minu,/avatars/jdenticon/Alaina,#7ACC66,1.5000000000000002,"{""image"":""/experiment/yellow-crate.jpeg"",""label"":""B""},{""image"":""/experiment/blue-crate.jpeg"",""label"":""A""}",A,8,,
ZGqnnaehHJN7pyLWL,,2024-05-20T19:43:19Z,,,ExitSurvey,2024-05-20T19:53:27Z,finished,,,,2024-05-20T19:42:22Z,"{""rep"":7,""own"":5,""partner"":5},{""rep"":15,""own"":7,""partner"":9},{""rep"":32,""own"":7,""partner"":6},{""rep"":38,""own"":0,""partner"":0}",p2,Minu,/avatars/jdenticon/Alaina,#7ACC66,1.9000000000000004,"{""image"":""/experiment/aqua-crate.jpeg"",""label"":""A""},{""image"":""/experiment/green-crate.jpeg"",""label"":""B""}",B,7,,
orZw37FqMzZ4XYTTp,,2024-05-20T19:42:49Z,,,ExitSurvey,2024-05-20T19:52:39Z,finished,,,,2024-05-20T19:42:28Z,"{""rep"":7,""own"":0,""partner"":11},{""rep"":15,""own"":7,""partner"":5},{""rep"":32,""own"":0,""partner"":0},{""rep"":38,""own"":9,""partner"":0}",p2,Minu,/avatars/jdenticon/Alaina,#7ACC66,1.6,"{""image"":""/experiment/green-crate.jpeg"",""label"":""A""},{""image"":""/experiment/purple-crate.jpeg"",""label"":""B""}",A,0,,
Weytk5fTW7BXvbwCj,,2024-05-20T19:44:31Z,,,ExitSurvey,2024-05-20T19:54:02Z,finished,,,,2024-05-20T19:42:36Z,"{""rep"":7,""own"":6,""partner"":6},{""rep"":15,""own"":9,""partner"":9},{""rep"":32,""own"":9,""partner"":9},{""rep"":38,""own"":5,""partner"":5}",p2,Minu,/avatars/jdenticon/Alaina,#7ACC66,2.9,"{""image"":""/experiment/aqua-crate.jpeg"",""label"":""A""},{""image"":""/experiment/green-crate.jpeg"",""label"":""B""}",A,0,,
Qy9jkJcbK9tANodT3,,,,,"Sorry,ExitSurvey",2024-05-20T19:44:39Z,gameFull,,,,2024-05-20T19:43:23Z,,,,,,,,,,,
8YLNbPSLt4qhfsHwt,,2024-05-20T19:44:40Z,,,ExitSurvey,2024-05-20T19:54:02Z,finished,,,,2024-05-20T19:43:24Z,"{""rep"":7,""own"":6,""partner"":6},{""rep"":15,""own"":9,""partner"":9},{""rep"":32,""own"":9,""partner"":9},{""rep"":38,""own"":5,""partner"":5}",p1,Repi,/avatars/jdenticon/Samuel,#8138A8,2.9,"{""image"":""/experiment/aqua-crate.jpeg"",""label"":""A""},{""image"":""/experiment/green-crate.jpeg"",""label"":""B""}",B,9,,
ZLaiZhLNkbkcNhYCt,,2024-05-20T19:45:47Z,,,ExitSurvey,2024-05-20T19:55:11Z,finished,,,,2024-05-20T19:43:47Z,"{""rep"":7,""own"":1,""partner"":1},{""rep"":15,""own"":8,""partner"":8},{""rep"":32,""own"":9,""partner"":9},{""rep"":38,""own"":3,""partner"":6}",p2,Minu,/avatars/jdenticon/Alaina,#7ACC66,2.1,"{""image"":""/experiment/pink-crate.jpeg"",""label"":""B""},{""image"":""/experiment/yellow-crate.jpeg"",""label"":""A""}",A,8,,
Kbe4nYG7dFjfb2ggm,,2024-05-20T19:47:30Z,,,ExitSurvey,2024-05-20T20:00:10Z,finished,,,,2024-05-20T19:43:50Z,"{""rep"":7,""own"":6,""partner"":3},{""rep"":15,""own"":0,""partner"":0},{""rep"":32,""own"":6,""partner"":6},{""rep"":38,""own"":0,""partner"":0}",p1,Minu,/avatars/jdenticon/Alaina,#7ACC66,1.2000000000000002,"{""image"":""/experiment/green-crate.jpeg"",""label"":""A""},{""image"":""/experiment/aqua-crate.jpeg"",""label"":""B""}",A,0,,
3mbrH8RbZC79f4KuR,,2024-05-20T19:45:54Z,,,ExitSurvey,2024-05-20T19:55:46Z,finished,,,,2024-05-20T19:43:57Z,"{""rep"":7,""own"":0,""partner"":9},{""rep"":15,""own"":0,""partner"":4},{""rep"":32,""own"":10,""partner"":10},{""rep"":38,""own"":8,""partner"":8}",p1,Repi,/avatars/jdenticon/Samuel,#8138A8,1.8,"{""image"":""/experiment/pink-crate.jpeg"",""label"":""B""},{""image"":""/experiment/purple-crate.jpeg"",""label"":""A""}",B,3,,
CaWtYK8uNiEFDPkze,,,,,"Sorry,ExitSurvey",2024-05-20T19:45:58Z,gameFull,,,,2024-05-20T19:43:59Z,,,,,,,,,,,
tFsAJnCz6HRj9W7pu,,2024-05-20T19:46:30Z,,,ExitSurvey,2024-05-20T19:56:06Z,finished,,,,2024-05-20T19:44:05Z,"{""rep"":7,""own"":3,""partner"":5},{""rep"":15,""own"":4,""partner"":4},{""rep"":32,""own"":2,""partner"":6},{""rep"":38,""own"":9,""partner"":7}",p2,Minu,/avatars/jdenticon/Alaina,#7ACC66,1.8000000000000003,"{""image"":""/experiment/blue-crate.jpeg"",""label"":""B""},{""image"":""/experiment/aqua-crate.jpeg"",""label"":""A""}",A,7,,
gz8jtqbopw9Rh2bCh,,2024-05-20T19:45:05Z,,,ExitSurvey,2024-05-20T19:54:37Z,finished,,,,2024-05-20T19:44:07Z,"{""rep"":7,""own"":6,""partner"":6},{""rep"":15,""own"":6,""partner"":2},{""rep"":32,""own"":4,""partner"":4},{""rep"":38,""own"":3,""partner"":3}",p1,Repi,/avatars/jdenticon/Samuel,#8138A8,1.9000000000000001,"{""image"":""/experiment/blue-crate.jpeg"",""label"":""A""},{""image"":""/experiment/yellow-crate.jpeg"",""label"":""B""}",A,8,,
9DovxXP2vm6s8DzMu,,2024-05-20T19:45:34Z,,,ExitSurvey,2024-05-20T19:55:11Z,finished,,,,2024-05-20T19:44:16Z,"{""rep"":7,""own"":1,""partner"":1},{""rep"":15,""own"":8,""partner"":8},{""rep"":32,""own"":9,""partner"":9},{""rep"":38,""own"":6,""partner"":3}",p1,Repi,/avatars/jdenticon/Samuel,#8138A8,2.4000000000000004,"{""image"":""/experiment/pink-crate.jpeg"",""label"":""B""},{""image"":""/experiment/yellow-crate.jpeg"",""label"":""A""}",A,8,,
HxYRa7df5mhiCWGj9,,2024-05-20T19:47:23Z,,,ExitSurvey,2024-05-20T20:00:10Z,finished,,,,2024-05-20T19:44:19Z,"{""rep"":7,""own"":3,""partner"":6},{""rep"":15,""own"":0,""partner"":0},{""rep"":32,""own"":6,""partner"":6},{""rep"":38,""own"":0,""partner"":0}",p2,Repi,/avatars/jdenticon/Samuel,#8138A8,0.9000000000000001,"{""image"":""/experiment/green-crate.jpeg"",""label"":""A""},{""image"":""/experiment/aqua-crate.jpeg"",""label"":""B""}",B,12,,
sz64HESnxBcoHwDSN,,2024-05-20T19:46:32Z,,,ExitSurvey,2024-05-20T19:56:06Z,finished,,,,2024-05-20T19:44:24Z,"{""rep"":7,""own"":5,""partner"":3},{""rep"":15,""own"":4,""partner"":4},{""rep"":32,""own"":6,""partner"":2},{""rep"":38,""own"":7,""partner"":9}",p1,Repi,/avatars/jdenticon/Samuel,#8138A8,2.2,"{""image"":""/experiment/blue-crate.jpeg"",""label"":""B""},{""image"":""/experiment/aqua-crate.jpeg"",""label"":""A""}",A,8,,
EdmEXDKEWcvzGTvZX,,2024-05-20T19:47:18Z,,,"Sorry,ExitSurvey",2024-05-20T19:47:29Z,custom,It looks like one of your partners disconnected before you could finish the experiment!,,,2024-05-20T19:45:05Z,,p2,Repi,/avatars/jdenticon/Samuel,#8138A8,0,,false,0,1659,true
LFfvW87kABt9sEmfa,,2024-05-20T19:50:32Z,,,ExitSurvey,2024-05-20T20:04:39Z,finished,,,,2024-05-20T19:46:57Z,"{""rep"":7,""own"":0,""partner"":0},{""rep"":15,""own"":11,""partner"":11},{""rep"":32,""own"":0,""partner"":0},{""rep"":38,""own"":0,""partner"":9}",p1,Minu,/avatars/jdenticon/Alaina,#7ACC66,1.1,"{""image"":""/experiment/yellow-crate.jpeg"",""label"":""A""},{""image"":""/experiment/orange-crate.jpeg"",""label"":""B""}",B,1,,
AAHyZbhFmo8W8DHsz,,2024-05-20T19:52:45Z,,,"Sorry,ExitSurvey",2024-05-20T19:57:45Z,gameLobbyTimedOut,,,,2024-05-20T19:49:09Z,,,,,,,,,,,
AEYdAyZN49dAKQFjA,,2024-05-20T19:58:25Z,,,,2024-05-20T20:34:46Z,gameLobbyTimedOut,,,,2024-05-20T19:58:19Z,,,,,,,,,,,
9d363FngXkJjvkdfS,,2024-05-20T20:29:46Z,,,"Sorry,ExitSurvey",2024-05-20T20:34:46Z,gameLobbyTimedOut,,,,2024-05-20T20:21:37Z,,,,,,,,,,,
AYbqdsDXc7rgfg6e6,,2024-05-20T20:45:43Z,,,ExitSurvey,2024-05-20T20:55:59Z,finished,,,,2024-05-20T20:45:06Z,"{""rep"":7,""own"":0,""partner"":0},{""rep"":15,""own"":0,""partner"":12},{""rep"":32,""own"":0,""partner"":12},{""rep"":38,""own"":0,""partner"":9}",p1,Repi,/avatars/jdenticon/Samuel,#8138A8,0,"{""image"":""/experiment/crate.jpeg"",""label"":""B""},{""image"":""/experiment/pink-crate.jpeg"",""label"":""A""}",A,0,,
6x9Sf9Gz3GbN4KnsA,,2024-05-20T20:46:43Z,,,ExitSurvey,2024-05-20T20:58:00Z,finished,,,,2024-05-20T20:45:11Z,"{""rep"":7,""own"":0,""partner"":0},{""rep"":15,""own"":7,""partner"":6},{""rep"":32,""own"":3,""partner"":3},{""rep"":38,""own"":1,""partner"":1}",p1,Repi,/avatars/jdenticon/Samuel,#8138A8,1.1,"{""image"":""/experiment/purple-crate.jpeg"",""label"":""B""},{""image"":""/experiment/aqua-crate.jpeg"",""label"":""A""}",B,2,,
6unJ3r22ND5krke3i,,2024-05-20T20:46:27Z,,,ExitSurvey,2024-05-20T20:59:56Z,finished,,,,2024-05-20T20:45:11Z,"{""rep"":7,""own"":0,""partner"":0},{""rep"":15,""own"":3,""partner"":5},{""rep"":32,""own"":8,""partner"":8},{""rep"":38,""own"":3,""partner"":7}",p1,Repi,/avatars/jdenticon/Samuel,#8138A8,1.4000000000000001,"{""image"":""/experiment/yellow-crate.jpeg"",""label"":""A""},{""image"":""/experiment/orange-crate.jpeg"",""label"":""B""}",A,6,,
Zb6NueH4rHumWDn3p,,2024-05-20T20:46:43Z,,,ExitSurvey,2024-05-20T20:58:28Z,finished,,,,2024-05-20T20:45:15Z,"{""rep"":7,""own"":6,""partner"":6},{""rep"":15,""own"":5,""partner"":4},{""rep"":32,""own"":7,""partner"":7},{""rep"":38,""own"":4,""partner"":8}",p2,Minu,/avatars/jdenticon/Alaina,#7ACC66,2.2,"{""image"":""/experiment/purple-crate.jpeg"",""label"":""B""},{""image"":""/experiment/blue-crate.jpeg"",""label"":""A""}",A,2,,
sHbehxQJaYRu8an9a,,2024-05-20T20:46:29Z,,,ExitSurvey,2024-05-20T20:57:07Z,finished,,,,2024-05-20T20:45:17Z,"{""rep"":7,""own"":6,""partner"":6},{""rep"":15,""own"":0,""partner"":0},{""rep"":32,""own"":0,""partner"":0},{""rep"":38,""own"":0,""partner"":0}",p1,Minu,/avatars/jdenticon/Alaina,#7ACC66,0.6000000000000001,"{""image"":""/experiment/green-crate.jpeg"",""label"":""A""},{""image"":""/experiment/blue-crate.jpeg"",""label"":""B""}",A,10,,
rW5W4vrEguKr8EQTH,,2024-05-20T20:47:29Z,,,ExitSurvey,2024-05-20T21:00:20Z,finished,,,,2024-05-20T20:45:18Z,"{""rep"":7,""own"":6,""partner"":7},{""rep"":15,""own"":4,""partner"":5},{""rep"":32,""own"":7,""partner"":7},{""rep"":38,""own"":9,""partner"":9}",p1,Minu,/avatars/jdenticon/Alaina,#7ACC66,2.6,"{""image"":""/experiment/crate.jpeg"",""label"":""A""},{""image"":""/experiment/blue-crate.jpeg"",""label"":""B""}",B,2,,
owNSD6vwjaw5XMoi4,,2024-05-20T20:46:41Z,,,ExitSurvey,2024-05-20T20:58:00Z,finished,,,,2024-05-20T20:45:20Z,"{""rep"":7,""own"":0,""partner"":0},{""rep"":15,""own"":6,""partner"":7},{""rep"":32,""own"":3,""partner"":3},{""rep"":38,""own"":1,""partner"":1}",p2,Minu,/avatars/jdenticon/Alaina,#7ACC66,1.0000000000000002,"{""image"":""/experiment/purple-crate.jpeg"",""label"":""B""},{""image"":""/experiment/aqua-crate.jpeg"",""label"":""A""}",B,2,,
5E8KHekJqivWnYWp3,,2024-05-20T20:46:45Z,,,ExitSurvey,2024-05-20T20:58:28Z,finished,,,,2024-05-20T20:45:21Z,"{""rep"":7,""own"":6,""partner"":6},{""rep"":15,""own"":4,""partner"":5},{""rep"":32,""own"":7,""partner"":7},{""rep"":38,""own"":8,""partner"":4}",p1,Repi,/avatars/jdenticon/Samuel,#8138A8,2.5,"{""image"":""/experiment/blue-crate.jpeg"",""label"":""A""},{""image"":""/experiment/purple-crate.jpeg"",""label"":""B""}",A,3,,
36FHL5JoF7jzrcud8,,2024-05-20T20:49:25Z,,,ExitSurvey,2024-05-20T20:59:02Z,finished,,,,2024-05-20T20:45:23Z,"{""rep"":7,""own"":0,""partner"":0},{""rep"":15,""own"":5,""partner"":5},{""rep"":32,""own"":2,""partner"":2},{""rep"":38,""own"":0,""partner"":0}",p1,Repi,/avatars/jdenticon/Samuel,#8138A8,0.7,"{""image"":""/experiment/yellow-crate.jpeg"",""label"":""A""},{""image"":""/experiment/pink-crate.jpeg"",""label"":""B""}",A,0,,
rmyHYpxRibWkCCTAi,,2024-05-20T20:48:02Z,,,ExitSurvey,2024-05-20T21:02:25Z,finished,,,,2024-05-20T20:45:23Z,"{""rep"":7,""own"":0,""partner"":0},{""rep"":15,""own"":2,""partner"":3},{""rep"":32,""own"":4,""partner"":5},{""rep"":38,""own"":6,""partner"":3}",p2,Minu,/avatars/jdenticon/Alaina,#7ACC66,1.2000000000000002,"{""image"":""/experiment/aqua-crate.jpeg"",""label"":""A""},{""image"":""/experiment/pink-crate.jpeg"",""label"":""B""}",A,6,,
MDwvQRsnpdcm8gjiC,,2024-05-20T20:47:03Z,,,ExitSurvey,2024-05-20T20:57:47Z,finished,,,,2024-05-20T20:45:26Z,"{""rep"":7,""own"":0,""partner"":0},{""rep"":15,""own"":8,""partner"":2},{""rep"":32,""own"":8,""partner"":8},{""rep"":38,""own"":11,""partner"":0}",p2,Repi,/avatars/jdenticon/Samuel,#8138A8,2.7,"{""image"":""/experiment/aqua-crate.jpeg"",""label"":""B""},{""image"":""/experiment/green-crate.jpeg"",""label"":""A""}",A,0,,
CPrToddyk59RFjpZY,,2024-05-20T20:46:15Z,,,ExitSurvey,2024-05-20T20:59:56Z,finished,,,,2024-05-20T20:45:28Z,"{""rep"":7,""own"":0,""partner"":0},{""rep"":15,""own"":5,""partner"":3},{""rep"":32,""own"":8,""partner"":8},{""rep"":38,""own"":7,""partner"":3}",p2,Minu,/avatars/jdenticon/Alaina,#7ACC66,2,"{""image"":""/experiment/yellow-crate.jpeg"",""label"":""A""},{""image"":""/experiment/orange-crate.jpeg"",""label"":""B""}",A,6,,
sJYThDJSj7Q63PuzY,,2024-05-20T20:47:14Z,,,ExitSurvey,2024-05-20T20:59:45Z,finished,,,,2024-05-20T20:45:31Z,"{""rep"":7,""own"":7,""partner"":3},{""rep"":15,""own"":0,""partner"":0},{""rep"":32,""own"":0,""partner"":0},{""rep"":38,""own"":9,""partner"":8}",p1,Minu,/avatars/jdenticon/Alaina,#7ACC66,1.6,"{""image"":""/experiment/blue-crate.jpeg"",""label"":""B""},{""image"":""/experiment/crate.jpeg"",""label"":""A""}",A,0,,
xhMFtR5q5eYTXrQwD,,2024-05-20T20:47:01Z,,,ExitSurvey,2024-05-20T21:01:44Z,finished,,,,2024-05-20T20:45:32Z,"{""rep"":7,""own"":10,""partner"":10},{""rep"":15,""own"":9,""partner"":9},{""rep"":32,""own"":9,""partner"":9},{""rep"":38,""own"":3,""partner"":5}",p2,Minu,/avatars/jdenticon/Alaina,#7ACC66,3.0999999999999996,"{""image"":""/experiment/yellow-crate.jpeg"",""label"":""A""},{""image"":""/experiment/aqua-crate.jpeg"",""label"":""B""}",A,5,,
h94kHPD3f9TnErLxv,,2024-05-20T20:48:11Z,,,ExitSurvey,2024-05-20T21:02:25Z,finished,,,,2024-05-20T20:45:33Z,"{""rep"":7,""own"":0,""partner"":0},{""rep"":15,""own"":3,""partner"":2},{""rep"":32,""own"":5,""partner"":4},{""rep"":38,""own"":3,""partner"":6}",p1,Repi,/avatars/jdenticon/Samuel,#8138A8,1.1,"{""image"":""/experiment/pink-crate.jpeg"",""label"":""B""},{""image"":""/experiment/aqua-crate.jpeg"",""label"":""A""}",A,6,,
jRGtYhXiWRHwfRNnn,,2024-05-20T20:47:04Z,,,ExitSurvey,2024-05-20T20:57:47Z,finished,,,,2024-05-20T20:45:35Z,"{""rep"":7,""own"":0,""partner"":0},{""rep"":15,""own"":2,""partner"":8},{""rep"":32,""own"":8,""partner"":8},{""rep"":38,""own"":0,""partner"":11}",p1,Minu,/avatars/jdenticon/Alaina,#7ACC66,1,"{""image"":""/experiment/aqua-crate.jpeg"",""label"":""B""},{""image"":""/experiment/green-crate.jpeg"",""label"":""A""}",B,8,,
afN4HXtTgxi59iCjB,,2024-05-20T20:46:39Z,,,ExitSurvey,2024-05-20T20:57:07Z,finished,,,,2024-05-20T20:45:38Z,"{""rep"":7,""own"":6,""partner"":6},{""rep"":15,""own"":0,""partner"":0},{""rep"":32,""own"":0,""partner"":0},{""rep"":38,""own"":0,""partner"":0}",p2,Repi,/avatars/jdenticon/Samuel,#8138A8,0.6000000000000001,"{""image"":""/experiment/blue-crate.jpeg"",""label"":""B""},{""image"":""/experiment/green-crate.jpeg"",""label"":""A""}",A,10,,
2N5XPb9sFphCZ35ir,,2024-05-20T20:47:29Z,,,ExitSurvey,2024-05-20T20:59:45Z,finished,,,,2024-05-20T20:45:39Z,"{""rep"":7,""own"":3,""partner"":7},{""rep"":15,""own"":0,""partner"":0},{""rep"":32,""own"":0,""partner"":0},{""rep"":38,""own"":8,""partner"":9}",p2,Repi,/avatars/jdenticon/Samuel,#8138A8,1.1,"{""image"":""/experiment/crate.jpeg"",""label"":""A""},{""image"":""/experiment/blue-crate.jpeg"",""label"":""B""}",B,0,,
MYHAYj2fHyzJbFzas,,2024-05-20T20:47:41Z,,,ExitSurvey,2024-05-20T21:02:28Z,finished,,,,2024-05-20T20:45:41Z,"{""rep"":7,""own"":7,""partner"":9},{""rep"":15,""own"":8,""partner"":3},{""rep"":32,""own"":6,""partner"":6},{""rep"":38,""own"":7,""partner"":9}",p2,Repi,/avatars/jdenticon/Samuel,#8138A8,2.8000000000000003,"{""image"":""/experiment/purple-crate.jpeg"",""label"":""B""},{""image"":""/experiment/aqua-crate.jpeg"",""label"":""A""}",A,7,,
d4xfHNJJXStne2aTA,,2024-05-20T20:47:50Z,,,ExitSurvey,2024-05-20T21:02:28Z,finished,,,,2024-05-20T20:45:45Z,"{""rep"":7,""own"":9,""partner"":7},{""rep"":15,""own"":3,""partner"":8},{""rep"":32,""own"":6,""partner"":6},{""rep"":38,""own"":9,""partner"":7}",p1,Minu,/avatars/jdenticon/Alaina,#7ACC66,2.7,"{""image"":""/experiment/purple-crate.jpeg"",""label"":""B""},{""image"":""/experiment/aqua-crate.jpeg"",""label"":""A""}",A,7,,
4RmGXsq9mWASrydXH,,2024-05-20T20:48:48Z,,,ExitSurvey,2024-05-20T20:58:31Z,finished,,,,2024-05-20T20:45:48Z,"{""rep"":7,""own"":0,""partner"":0},{""rep"":15,""own"":2,""partner"":4},{""rep"":32,""own"":0,""partner"":0},{""rep"":38,""own"":0,""partner"":0}",p2,Repi,/avatars/jdenticon/Samuel,#8138A8,0.2,"{""image"":""/experiment/green-crate.jpeg"",""label"":""B""},{""image"":""/experiment/yellow-crate.jpeg"",""label"":""A""}",A,5,,
7JRDWt83nHuWtsiMz,,2024-05-20T20:48:30Z,,,ExitSurvey,2024-05-20T21:02:35Z,finished,,,,2024-05-20T20:45:48Z,"{""rep"":7,""own"":5,""partner"":7},{""rep"":15,""own"":7,""partner"":7},{""rep"":32,""own"":5,""partner"":5},{""rep"":38,""own"":4,""partner"":4}",p2,Repi,/avatars/jdenticon/Samuel,#8138A8,2.1,"{""image"":""/experiment/yellow-crate.jpeg"",""label"":""A""},{""image"":""/experiment/pink-crate.jpeg"",""label"":""B""}",B,6,,
cjBRZAJYq45GuTidB,,2024-05-20T20:49:52Z,,,ExitSurvey,2024-05-20T21:01:22Z,finished,,,,2024-05-20T20:45:49Z,"{""rep"":7,""own"":2,""partner"":3},{""rep"":15,""own"":0,""partner"":0},{""rep"":32,""own"":0,""partner"":0},{""rep"":38,""own"":6,""partner"":6}",p2,Minu,/avatars/jdenticon/Alaina,#7ACC66,0.8,"{""image"":""/experiment/pink-crate.jpeg"",""label"":""B""},{""image"":""/experiment/purple-crate.jpeg"",""label"":""A""}",A,9,,
tzYDN26fLDCpMPqZF,,2024-05-20T20:45:58Z,,,ExitSurvey,2024-05-20T20:55:59Z,finished,,,,2024-05-20T20:45:51Z,"{""rep"":7,""own"":0,""partner"":0},{""rep"":15,""own"":12,""partner"":0},{""rep"":32,""own"":12,""partner"":0},{""rep"":38,""own"":9,""partner"":0}",p2,Minu,/avatars/jdenticon/Alaina,#7ACC66,3.3000000000000003,"{""image"":""/experiment/pink-crate.jpeg"",""label"":""A""},{""image"":""/experiment/crate.jpeg"",""label"":""B""}",B,0,,
xJdmHLDf2m4hcGEuD,,2024-05-20T20:49:05Z,,,ExitSurvey,2024-05-20T21:02:55Z,finished,,,,2024-05-20T20:45:53Z,"{""rep"":7,""own"":9,""partner"":2},{""rep"":15,""own"":1,""partner"":1},{""rep"":32,""own"":0,""partner"":0},{""rep"":38,""own"":7,""partner"":0}",p1,Minu,/avatars/jdenticon/Alaina,#7ACC66,1.7000000000000002,"{""image"":""/experiment/purple-crate.jpeg"",""label"":""A""},{""image"":""/experiment/aqua-crate.jpeg"",""label"":""B""}",B,4,,
4rdtCtv2wAGFnZ6u6,,2024-05-20T20:49:03Z,,,ExitSurvey,2024-05-20T21:02:55Z,finished,,,,2024-05-20T20:45:55Z,"{""rep"":7,""own"":2,""partner"":9},{""rep"":15,""own"":1,""partner"":1},{""rep"":32,""own"":0,""partner"":0},{""rep"":38,""own"":0,""partner"":7}",p2,Repi,/avatars/jdenticon/Samuel,#8138A8,0.30000000000000004,"{""image"":""/experiment/aqua-crate.jpeg"",""label"":""B""},{""image"":""/experiment/purple-crate.jpeg"",""label"":""A""}",B,5,,
JpbbzTqCCptzqdBYG,,2024-05-20T21:02:07Z,,,ExitSurvey,2024-05-20T21:34:33Z,finished,,,,2024-05-20T20:45:55Z,"{""rep"":7,""own"":5,""partner"":5},{""rep"":15,""own"":6,""partner"":9},{""rep"":32,""own"":6,""partner"":6},{""rep"":38,""own"":3,""partner"":7}",p1,Repi,/avatars/jdenticon/Samuel,#8138A8,2,"{""image"":""/experiment/aqua-crate.jpeg"",""label"":""A""},{""image"":""/experiment/purple-crate.jpeg"",""label"":""B""}",A,5,,
FPyXeCzDyRAYciNnF,,2024-05-20T20:46:57Z,,,ExitSurvey,2024-05-20T21:01:44Z,finished,,,,2024-05-20T20:45:56Z,"{""rep"":7,""own"":10,""partner"":10},{""rep"":15,""own"":9,""partner"":9},{""rep"":32,""own"":9,""partner"":9},{""rep"":38,""own"":5,""partner"":3}",p1,Repi,/avatars/jdenticon/Samuel,#8138A8,3.3,"{""image"":""/experiment/yellow-crate.jpeg"",""label"":""A""},{""image"":""/experiment/aqua-crate.jpeg"",""label"":""B""}",A,5,,
gCWrGQL4NNzkp4K6h,,,,,,2024-05-20T21:13:50Z,gameLobbyTimedOut,,,,2024-05-20T20:45:57Z,,,,,,,,,,,
CbudDZjgNb3qQ8R4Z,,,,,"Sorry,ExitSurvey",2024-05-20T20:46:33Z,gameFull,,,,2024-05-20T20:45:58Z,,,,,,,,,,,
GZcy7JhZQsBz2rpp8,,2024-05-20T20:48:23Z,,,ExitSurvey,2024-05-20T21:02:35Z,finished,,,,2024-05-20T20:45:59Z,"{""rep"":7,""own"":7,""partner"":5},{""rep"":15,""own"":7,""partner"":7},{""rep"":32,""own"":5,""partner"":5},{""rep"":38,""own"":4,""partner"":4}",p1,Minu,/avatars/jdenticon/Alaina,#7ACC66,2.3000000000000003,"{""image"":""/experiment/yellow-crate.jpeg"",""label"":""A""},{""image"":""/experiment/pink-crate.jpeg"",""label"":""B""}",B,3,,
xLAFL4eH3phRrFBYv,,2024-05-20T20:51:59Z,,,ExitSurvey,2024-05-20T21:02:15Z,finished,,,,2024-05-20T20:46:26Z,"{""rep"":7,""own"":0,""partner"":11},{""rep"":15,""own"":0,""partner"":0},{""rep"":32,""own"":0,""partner"":0},{""rep"":38,""own"":2,""partner"":6}",p1,Minu,/avatars/jdenticon/Alaina,#7ACC66,0.2,"{""image"":""/experiment/pink-crate.jpeg"",""label"":""A""},{""image"":""/experiment/orange-crate.jpeg"",""label"":""B""}",A,5,,
Z4crx8fEFQjQLkan5,,2024-05-20T20:48:55Z,,,ExitSurvey,2024-05-20T21:00:02Z,finished,,,,2024-05-20T20:46:28Z,"{""rep"":7,""own"":8,""partner"":8},{""rep"":15,""own"":0,""partner"":0},{""rep"":32,""own"":0,""partner"":0},{""rep"":38,""own"":5,""partner"":5}",p2,Repi,/avatars/jdenticon/Samuel,#8138A8,1.3,"{""image"":""/experiment/green-crate.jpeg"",""label"":""B""},{""image"":""/experiment/crate.jpeg"",""label"":""A""}",A,7,,
pwQm3JFuo92vgrDPA,,2024-05-20T20:47:32Z,,,ExitSurvey,2024-05-20T21:00:20Z,finished,,,,2024-05-20T20:46:31Z,"{""rep"":7,""own"":7,""partner"":6},{""rep"":15,""own"":5,""partner"":4},{""rep"":32,""own"":7,""partner"":7},{""rep"":38,""own"":9,""partner"":9}",p2,Repi,/avatars/jdenticon/Samuel,#8138A8,2.8000000000000003,"{""image"":""/experiment/blue-crate.jpeg"",""label"":""B""},{""image"":""/experiment/crate.jpeg"",""label"":""A""}",B,3,,
8BFW7GDgBbEBJ4h9s,,2024-05-20T21:00:43Z,,,ExitSurvey,2024-05-20T21:10:09Z,finished,,,,2024-05-20T20:46:32Z,"{""rep"":7,""own"":11,""partner"":0},{""rep"":15,""own"":0,""partner"":11},{""rep"":32,""own"":0,""partner"":6},{""rep"":38,""own"":8,""partner"":8}",p1,Repi,/avatars/jdenticon/Samuel,#8138A8,1.9000000000000001,"{""image"":""/experiment/pink-crate.jpeg"",""label"":""B""},{""image"":""/experiment/yellow-crate.jpeg"",""label"":""A""}",B,3,,
T42sfjMdHdFEgSzFm,,2024-05-20T20:49:32Z,,,ExitSurvey,2024-05-20T21:01:22Z,finished,,,,2024-05-20T20:46:36Z,"{""rep"":7,""own"":3,""partner"":2},{""rep"":15,""own"":0,""partner"":0},{""rep"":32,""own"":0,""partner"":0},{""rep"":38,""own"":6,""partner"":6}",p1,Repi,/avatars/jdenticon/Samuel,#8138A8,0.9000000000000001,"{""image"":""/experiment/purple-crate.jpeg"",""label"":""A""},{""image"":""/experiment/pink-crate.jpeg"",""label"":""B""}",A,9,,
JWpf9YRErjqrr48ik,,2024-05-20T20:49:12Z,,,ExitSurvey,2024-05-20T20:59:02Z,finished,,,,2024-05-20T20:46:54Z,"{""rep"":7,""own"":0,""partner"":0},{""rep"":15,""own"":5,""partner"":5},{""rep"":32,""own"":2,""partner"":2},{""rep"":38,""own"":0,""partner"":0}",p2,Minu,/avatars/jdenticon/Alaina,#7ACC66,0.7,"{""image"":""/experiment/pink-crate.jpeg"",""label"":""B""},{""image"":""/experiment/yellow-crate.jpeg"",""label"":""A""}",B,0,,
9vutZRRFNSwXyGTZJ,,2024-05-20T20:54:01Z,,,ExitSurvey,2024-05-20T21:13:57Z,finished,,,,2024-05-20T20:47:09Z,"{""rep"":7,""own"":5,""partner"":5},{""rep"":15,""own"":3,""partner"":4},{""rep"":32,""own"":9,""partner"":5},{""rep"":38,""own"":5,""partner"":5}",p1,Repi,/avatars/jdenticon/Samuel,#8138A8,2.2,"{""image"":""/experiment/blue-crate.jpeg"",""label"":""B""},{""image"":""/experiment/yellow-crate.jpeg"",""label"":""A""}",A,9,,
F4DazHEnMTDZ7wKhZ,,2024-05-20T20:48:42Z,,,ExitSurvey,2024-05-20T20:58:31Z,finished,,,,2024-05-20T20:47:11Z,"{""rep"":7,""own"":0,""partner"":0},{""rep"":15,""own"":4,""partner"":2},{""rep"":32,""own"":0,""partner"":0},{""rep"":38,""own"":0,""partner"":0}",p1,Minu,/avatars/jdenticon/Alaina,#7ACC66,0.4,"{""image"":""/experiment/yellow-crate.jpeg"",""label"":""A""},{""image"":""/experiment/green-crate.jpeg"",""label"":""B""}",A,5,,
dkFNHJ7ooieZXFsqT,,2024-05-20T20:48:57Z,,,ExitSurvey,2024-05-20T21:00:02Z,finished,,,,2024-05-20T20:47:27Z,"{""rep"":7,""own"":8,""partner"":8},{""rep"":15,""own"":0,""partner"":0},{""rep"":32,""own"":0,""partner"":0},{""rep"":38,""own"":5,""partner"":5}",p1,Minu,/avatars/jdenticon/Alaina,#7ACC66,1.3,"{""image"":""/experiment/green-crate.jpeg"",""label"":""B""},{""image"":""/experiment/crate.jpeg"",""label"":""A""}",A,7,,
o3WW7RaxqZmCS4p5f,,2024-05-20T20:52:39Z,,,"Sorry,ExitSurvey",2024-05-20T20:56:17Z,custom,It looks like one of your partners disconnected before you could finish the experiment!,,,2024-05-20T20:47:28Z,,p2,Minu,/avatars/jdenticon/Alaina,#7ACC66,0,"{""image"":""/experiment/green-crate.jpeg"",""label"":""A""},{""image"":""/experiment/blue-crate.jpeg"",""label"":""B""}",false,0,5877,true
5s74KJrdgSS9EGLi5,,2024-05-20T20:53:55Z,,,ExitSurvey,2024-05-20T21:04:50Z,finished,,,,2024-05-20T20:47:43Z,"{""rep"":7,""own"":0,""partner"":0},{""rep"":15,""own"":0,""partner"":0},{""rep"":32,""own"":9,""partner"":0},{""rep"":38,""own"":8,""partner"":0}",p2,Repi,/avatars/jdenticon/Samuel,#8138A8,1.7000000000000002,"{""image"":""/experiment/purple-crate.jpeg"",""label"":""B""},{""image"":""/experiment/pink-crate.jpeg"",""label"":""A""}",A,0,,
GPHocRDvfhJhg29uw,,2024-05-20T20:53:34Z,,,ExitSurvey,2024-05-20T21:04:50Z,finished,,,,2024-05-20T20:48:01Z,"{""rep"":7,""own"":0,""partner"":0},{""rep"":15,""own"":0,""partner"":0},{""rep"":32,""own"":0,""partner"":9},{""rep"":38,""own"":0,""partner"":8}",p1,Minu,/avatars/jdenticon/Alaina,#7ACC66,0,"{""image"":""/experiment/purple-crate.jpeg"",""label"":""B""},{""image"":""/experiment/pink-crate.jpeg"",""label"":""A""}",B,12,,
NRs9EXKd4txn9TnMc,,2024-05-20T20:51:45Z,,,ExitSurvey,2024-05-20T21:02:15Z,finished,,,,2024-05-20T20:48:46Z,"{""rep"":7,""own"":11,""partner"":0},{""rep"":15,""own"":0,""partner"":0},{""rep"":32,""own"":0,""partner"":0},{""rep"":38,""own"":6,""partner"":2}",p2,Repi,/avatars/jdenticon/Samuel,#8138A8,1.7000000000000002,"{""image"":""/experiment/pink-crate.jpeg"",""label"":""A""},{""image"":""/experiment/orange-crate.jpeg"",""label"":""B""}",A,5,,
292z4KqbdzG5wDMKh,,2024-05-20T20:53:28Z,,,ExitSurvey,2024-05-20T21:05:39Z,finished,,,,2024-05-20T20:49:09Z,"{""rep"":7,""own"":5,""partner"":0},{""rep"":15,""own"":9,""partner"":9},{""rep"":32,""own"":0,""partner"":11},{""rep"":38,""own"":11,""partner"":11}",p2,Repi,/avatars/jdenticon/Samuel,#8138A8,2.5,"{""image"":""/experiment/blue-crate.jpeg"",""label"":""B""},{""image"":""/experiment/yellow-crate.jpeg"",""label"":""A""}",B,11,,
n5weRzQLnsjScJim5,,2024-05-20T20:52:27Z,,,"Sorry,ExitSurvey",2024-05-20T20:56:35Z,custom,It looks like one of your partners disconnected before you could finish the experiment!,,,2024-05-20T20:49:20Z,,p1,Repi,/avatars/jdenticon/Samuel,#8138A8,0,"{""image"":""/experiment/blue-crate.jpeg"",""label"":""B""},{""image"":""/experiment/green-crate.jpeg"",""label"":""A""}",false,0,3004,true
wafa4oRWKt6DYZdk6,,2024-05-20T20:54:39Z,,,ExitSurvey,2024-05-20T21:13:57Z,finished,,,,2024-05-20T20:50:46Z,"{""rep"":7,""own"":5,""partner"":5},{""rep"":15,""own"":4,""partner"":3},{""rep"":32,""own"":5,""partner"":9},{""rep"":38,""own"":5,""partner"":5}",p2,Minu,/avatars/jdenticon/Alaina,#7ACC66,1.9,"{""image"":""/experiment/blue-crate.jpeg"",""label"":""B""},{""image"":""/experiment/yellow-crate.jpeg"",""label"":""A""}",A,9,,
jptnpA3iBsg3JDzBF,,2024-05-20T20:53:20Z,,,ExitSurvey,2024-05-20T21:05:39Z,finished,,,,2024-05-20T20:52:46Z,"{""rep"":7,""own"":0,""partner"":5},{""rep"":15,""own"":9,""partner"":9},{""rep"":32,""own"":11,""partner"":0},{""rep"":38,""own"":11,""partner"":11}",p1,Minu,/avatars/jdenticon/Alaina,#7ACC66,3.1,"{""image"":""/experiment/yellow-crate.jpeg"",""label"":""A""},{""image"":""/experiment/blue-crate.jpeg"",""label"":""B""}",A,0,,
qRT9AGtF7R7w8WqGB,,2024-05-20T20:56:37Z,,,ExitSurvey,2024-05-20T21:10:09Z,finished,,,,2024-05-20T20:54:37Z,"{""rep"":7,""own"":0,""partner"":11},{""rep"":15,""own"":11,""partner"":0},{""rep"":32,""own"":6,""partner"":0},{""rep"":38,""own"":8,""partner"":8}",p2,Minu,/avatars/jdenticon/Alaina,#7ACC66,2.5,"{""image"":""/experiment/yellow-crate.jpeg"",""label"":""A""},{""image"":""/experiment/pink-crate.jpeg"",""label"":""B""}",B,8,,
mah4hvgKLgp5WWk2w,,2024-05-20T21:08:49Z,,,"Sorry,ExitSurvey",2024-05-20T21:13:50Z,gameLobbyTimedOut,,,,2024-05-20T20:59:33Z,,,,,,,,,,,
YfMTT5N4iCKXQMuAH,,2024-05-20T21:02:55Z,,,ExitSurvey,2024-05-20T21:34:33Z,finished,,,,2024-05-20T21:00:52Z,"{""rep"":7,""own"":5,""partner"":5},{""rep"":15,""own"":9,""partner"":6},{""rep"":32,""own"":6,""partner"":6},{""rep"":38,""own"":7,""partner"":3}",p2,Minu,/avatars/jdenticon/Alaina,#7ACC66,2.7,"{""image"":""/experiment/purple-crate.jpeg"",""label"":""B""},{""image"":""/experiment/aqua-crate.jpeg"",""label"":""A""}",A,5,,
sbwpeXBA6ea5LDuFQ,,2024-05-20T21:26:09Z,,,"Sorry,ExitSurvey",2024-05-20T21:31:09Z,gameLobbyTimedOut,,,,2024-05-20T21:23:49Z,,,,,,,,,,,
