_id,batchId,playerId,stageId,roundId,gameId,createdAt,submittedAt
RCeoCS2x69gDqQeWZ,WwhitNkP4sGvhRNrY,DfhwRi77r89iZFEFD,MjEe7EztGQmYsBX3X,qYNRWAkHFEghZ7hBw,2iyt5HqNWAyYtZvWc,2021-11-08T19:12:31Z,2021-11-08T19:12:42Z
TtS5BmDpjhiuQzcbd,WwhitNkP4sGvhRNrY,WvggzrzGgjk4HDh9M,MjEe7EztGQmYsBX3X,qYNRWAkHFEghZ7hBw,2iyt5HqNWAyYtZvWc,2021-11-08T19:12:31Z,2021-11-08T19:12:42Z
HZX6FAJsWKgnrZnuQ,WwhitNkP4sGvhRNrY,DfhwRi77r89iZFEFD,mpSwePLMe3oTrHaau,qYNRWAkHFEghZ7hBw,2iyt5HqNWAyYtZvWc,2021-11-08T19:12:31Z,
DbkZ9S2q2Pu6BYmoD,WwhitNkP4sGvhRNrY,WvggzrzGgjk4HDh9M,mpSwePLMe3oTrHaau,qYNRWAkHFEghZ7hBw,2iyt5HqNWAyYtZvWc,2021-11-08T19:12:31Z,
eWzpbNjvKf5auvWbz,WwhitNkP4sGvhRNrY,DfhwRi77r89iZFEFD,u4erQgufwz4Yno9qo,xo2zBZ3F7JgoD9Ewe,2iyt5HqNWAyYtZvWc,2021-11-08T19:12:32Z,2021-11-08T19:12:52Z
bjbzHBezMfxEQMbcq,WwhitNkP4sGvhRNrY,WvggzrzGgjk4HDh9M,u4erQgufwz4Yno9qo,xo2zBZ3F7JgoD9Ewe,2iyt5HqNWAyYtZvWc,2021-11-08T19:12:32Z,2021-11-08T19:12:58Z
inXduKXGDKS46az2h,WwhitNkP4sGvhRNrY,DfhwRi77r89iZFEFD,y8Wo5e4i9qYJDQs9D,xo2zBZ3F7JgoD9Ewe,2iyt5HqNWAyYtZvWc,2021-11-08T19:12:32Z,
rCrA3hTj5ETEYCCK4,WwhitNkP4sGvhRNrY,WvggzrzGgjk4HDh9M,y8Wo5e4i9qYJDQs9D,xo2zBZ3F7JgoD9Ewe,2iyt5HqNWAyYtZvWc,2021-11-08T19:12:32Z,
Bua24FKwqD6WjQNLR,WwhitNkP4sGvhRNrY,DfhwRi77r89iZFEFD,FTacnjNHyeybWEPJ9,Yx9MCZATGBmKP2eE4,2iyt5HqNWAyYtZvWc,2021-11-08T19:12:32Z,2021-11-08T19:13:06Z
arDp264czJYcp3o4w,WwhitNkP4sGvhRNrY,WvggzrzGgjk4HDh9M,FTacnjNHyeybWEPJ9,Yx9MCZATGBmKP2eE4,2iyt5HqNWAyYtZvWc,2021-11-08T19:12:32Z,2021-11-08T19:13:07Z
tMEhwhqAGehpt6jKm,WwhitNkP4sGvhRNrY,DfhwRi77r89iZFEFD,9czCEAfdMoTuNf3Pr,Yx9MCZATGBmKP2eE4,2iyt5HqNWAyYtZvWc,2021-11-08T19:12:32Z,
H6oJkn5oxWyByZkks,WwhitNkP4sGvhRNrY,WvggzrzGgjk4HDh9M,9czCEAfdMoTuNf3Pr,Yx9MCZATGBmKP2eE4,2iyt5HqNWAyYtZvWc,2021-11-08T19:12:32Z,
PkfN4aGBm4mXod7R8,WwhitNkP4sGvhRNrY,DfhwRi77r89iZFEFD,X9375u6Euf24gyW8z,MSug2PQKWMCKLQHZP,2iyt5HqNWAyYtZvWc,2021-11-08T19:12:32Z,2021-11-08T19:13:16Z
2GMxnnHjSzeFngdPF,WwhitNkP4sGvhRNrY,WvggzrzGgjk4HDh9M,X9375u6Euf24gyW8z,MSug2PQKWMCKLQHZP,2iyt5HqNWAyYtZvWc,2021-11-08T19:12:32Z,2021-11-08T19:13:18Z
82pzWaACun5rNWiHa,WwhitNkP4sGvhRNrY,DfhwRi77r89iZFEFD,E3DSx83xHf4xaTc6D,MSug2PQKWMCKLQHZP,2iyt5HqNWAyYtZvWc,2021-11-08T19:12:32Z,
pJCbDMLtoqMmKjbzE,WwhitNkP4sGvhRNrY,WvggzrzGgjk4HDh9M,E3DSx83xHf4xaTc6D,MSug2PQKWMCKLQHZP,2iyt5HqNWAyYtZvWc,2021-11-08T19:12:32Z,
hQohwSsqAxpeXzdEE,WwhitNkP4sGvhRNrY,DfhwRi77r89iZFEFD,oF3krxHA5kgjaHmdf,zqpLmTk9NAhoQ7wQw,2iyt5HqNWAyYtZvWc,2021-11-08T19:12:32Z,2021-11-08T19:13:27Z
d3GK7GfxC9r2s8iy9,WwhitNkP4sGvhRNrY,WvggzrzGgjk4HDh9M,oF3krxHA5kgjaHmdf,zqpLmTk9NAhoQ7wQw,2iyt5HqNWAyYtZvWc,2021-11-08T19:12:32Z,2021-11-08T19:13:27Z
ZuXpBbDcRkCKTTW7m,WwhitNkP4sGvhRNrY,DfhwRi77r89iZFEFD,KhjQEBc5qQsapsJZD,zqpLmTk9NAhoQ7wQw,2iyt5HqNWAyYtZvWc,2021-11-08T19:12:32Z,
ueiz4f6RWdcw55E9F,WwhitNkP4sGvhRNrY,WvggzrzGgjk4HDh9M,KhjQEBc5qQsapsJZD,zqpLmTk9NAhoQ7wQw,2iyt5HqNWAyYtZvWc,2021-11-08T19:12:32Z,
QsXRicQPAhRS2yTsL,WwhitNkP4sGvhRNrY,DfhwRi77r89iZFEFD,A2Y6tZjkK29n3Kxpy,QK4TYuCWN5CJkrfYc,2iyt5HqNWAyYtZvWc,2021-11-08T19:12:32Z,2021-11-08T19:13:36Z
TJ5v6s3dzeRLAEWyz,WwhitNkP4sGvhRNrY,WvggzrzGgjk4HDh9M,A2Y6tZjkK29n3Kxpy,QK4TYuCWN5CJkrfYc,2iyt5HqNWAyYtZvWc,2021-11-08T19:12:32Z,2021-11-08T19:13:36Z
e9s4uWbXBWZjJ3en4,WwhitNkP4sGvhRNrY,DfhwRi77r89iZFEFD,fCCYMmG7mWvhFvtcH,QK4TYuCWN5CJkrfYc,2iyt5HqNWAyYtZvWc,2021-11-08T19:12:32Z,
ajWgereGePJwNgj4j,WwhitNkP4sGvhRNrY,WvggzrzGgjk4HDh9M,fCCYMmG7mWvhFvtcH,QK4TYuCWN5CJkrfYc,2iyt5HqNWAyYtZvWc,2021-11-08T19:12:32Z,
cWQpvJnt2sZE2Gtvf,WwhitNkP4sGvhRNrY,DfhwRi77r89iZFEFD,hy8Aoe7qkC9XP8miE,hGXNHvd6aP6xruo4z,2iyt5HqNWAyYtZvWc,2021-11-08T19:12:32Z,2021-11-08T19:13:44Z
BgY6w3B5Gp2FcJARz,WwhitNkP4sGvhRNrY,WvggzrzGgjk4HDh9M,hy8Aoe7qkC9XP8miE,hGXNHvd6aP6xruo4z,2iyt5HqNWAyYtZvWc,2021-11-08T19:12:32Z,2021-11-08T19:13:45Z
ZMvDsqgzYfHskik5F,WwhitNkP4sGvhRNrY,DfhwRi77r89iZFEFD,rRKR5ysSJeavS9BJq,hGXNHvd6aP6xruo4z,2iyt5HqNWAyYtZvWc,2021-11-08T19:12:32Z,
GAL53sXaMR6JYFugc,WwhitNkP4sGvhRNrY,WvggzrzGgjk4HDh9M,rRKR5ysSJeavS9BJq,hGXNHvd6aP6xruo4z,2iyt5HqNWAyYtZvWc,2021-11-08T19:12:32Z,
p7FkEFPaBXqA6TMA6,WwhitNkP4sGvhRNrY,DfhwRi77r89iZFEFD,JPj63mrY8Bwa9y3vH,vjdbQ6ED3YSYPsh2f,2iyt5HqNWAyYtZvWc,2021-11-08T19:12:32Z,2021-11-08T19:13:54Z
xYsQREHpSipR3Gerd,WwhitNkP4sGvhRNrY,WvggzrzGgjk4HDh9M,JPj63mrY8Bwa9y3vH,vjdbQ6ED3YSYPsh2f,2iyt5HqNWAyYtZvWc,2021-11-08T19:12:32Z,2021-11-08T19:13:54Z
uQgQhL8zWrrcwD58i,WwhitNkP4sGvhRNrY,DfhwRi77r89iZFEFD,HNy4vhgyhFxBcd7Mf,vjdbQ6ED3YSYPsh2f,2iyt5HqNWAyYtZvWc,2021-11-08T19:12:32Z,
JWJCrRXokTzPR8tpz,WwhitNkP4sGvhRNrY,WvggzrzGgjk4HDh9M,HNy4vhgyhFxBcd7Mf,vjdbQ6ED3YSYPsh2f,2iyt5HqNWAyYtZvWc,2021-11-08T19:12:32Z,
Nq8YZEuaYBGSAHRBq,WwhitNkP4sGvhRNrY,DfhwRi77r89iZFEFD,D3Y7tkKRkCESqyvzE,G9YH9Zdz9noLWi5pj,2iyt5HqNWAyYtZvWc,2021-11-08T19:12:32Z,2021-11-08T19:14:02Z
qhEe9aSki3DtWqtxf,WwhitNkP4sGvhRNrY,WvggzrzGgjk4HDh9M,D3Y7tkKRkCESqyvzE,G9YH9Zdz9noLWi5pj,2iyt5HqNWAyYtZvWc,2021-11-08T19:12:32Z,2021-11-08T19:14:02Z
BwS9zKqf7aYx3tRgd,WwhitNkP4sGvhRNrY,DfhwRi77r89iZFEFD,zinCGcxXtrQiQLxn8,G9YH9Zdz9noLWi5pj,2iyt5HqNWAyYtZvWc,2021-11-08T19:12:32Z,
ciGHsA5YpBwMGh87b,WwhitNkP4sGvhRNrY,WvggzrzGgjk4HDh9M,zinCGcxXtrQiQLxn8,G9YH9Zdz9noLWi5pj,2iyt5HqNWAyYtZvWc,2021-11-08T19:12:32Z,
ZHm5ojSGLgZYMfRAF,WwhitNkP4sGvhRNrY,DfhwRi77r89iZFEFD,jNvEzogCMvLCrvZH6,7Xqe9P7EwhgJPMTQ5,2iyt5HqNWAyYtZvWc,2021-11-08T19:12:32Z,2021-11-08T19:14:12Z
SsJ2QWaLPeNkZQWGf,WwhitNkP4sGvhRNrY,WvggzrzGgjk4HDh9M,jNvEzogCMvLCrvZH6,7Xqe9P7EwhgJPMTQ5,2iyt5HqNWAyYtZvWc,2021-11-08T19:12:32Z,2021-11-08T19:14:10Z
BoAeYZWZoiqtCeuym,WwhitNkP4sGvhRNrY,DfhwRi77r89iZFEFD,HSsT2HjWN2KXa6sCX,7Xqe9P7EwhgJPMTQ5,2iyt5HqNWAyYtZvWc,2021-11-08T19:12:32Z,
oWYjfR78wg3quhwmz,WwhitNkP4sGvhRNrY,WvggzrzGgjk4HDh9M,HSsT2HjWN2KXa6sCX,7Xqe9P7EwhgJPMTQ5,2iyt5HqNWAyYtZvWc,2021-11-08T19:12:32Z,
YGcgrXFbHGD2cmntL,WwhitNkP4sGvhRNrY,DfhwRi77r89iZFEFD,pF3M7eociGQ9bZ33K,zSyjHsBsdYDLhytAu,2iyt5HqNWAyYtZvWc,2021-11-08T19:12:32Z,2021-11-08T19:14:21Z
knW9NYs4BmZdjty7N,WwhitNkP4sGvhRNrY,WvggzrzGgjk4HDh9M,pF3M7eociGQ9bZ33K,zSyjHsBsdYDLhytAu,2iyt5HqNWAyYtZvWc,2021-11-08T19:12:32Z,2021-11-08T19:14:22Z
9dkXv2J8thXenDvCZ,WwhitNkP4sGvhRNrY,DfhwRi77r89iZFEFD,PFP9oAJK9HZzpfQTP,zSyjHsBsdYDLhytAu,2iyt5HqNWAyYtZvWc,2021-11-08T19:12:32Z,
gtQ2RbNWyfq7sz7FM,WwhitNkP4sGvhRNrY,WvggzrzGgjk4HDh9M,PFP9oAJK9HZzpfQTP,zSyjHsBsdYDLhytAu,2iyt5HqNWAyYtZvWc,2021-11-08T19:12:32Z,
DQbnHceA4t8fjbvyc,WwhitNkP4sGvhRNrY,DfhwRi77r89iZFEFD,DY84AXLC3Krk9NXre,5rkaKLo2JRviSPrZH,2iyt5HqNWAyYtZvWc,2021-11-08T19:12:32Z,2021-11-08T19:14:30Z
Z5t5Et4gFfwMb2FR6,WwhitNkP4sGvhRNrY,WvggzrzGgjk4HDh9M,DY84AXLC3Krk9NXre,5rkaKLo2JRviSPrZH,2iyt5HqNWAyYtZvWc,2021-11-08T19:12:32Z,2021-11-08T19:14:29Z
NrJr59zyAHoL9LEEZ,WwhitNkP4sGvhRNrY,DfhwRi77r89iZFEFD,AeCfvuYkZxkpnjyMa,5rkaKLo2JRviSPrZH,2iyt5HqNWAyYtZvWc,2021-11-08T19:12:32Z,
kfRojNJLmmhG3syiH,WwhitNkP4sGvhRNrY,WvggzrzGgjk4HDh9M,AeCfvuYkZxkpnjyMa,5rkaKLo2JRviSPrZH,2iyt5HqNWAyYtZvWc,2021-11-08T19:12:32Z,
L6i4CRPvhxeLcYkDW,WwhitNkP4sGvhRNrY,DfhwRi77r89iZFEFD,pjXPKQKhQ5Tt6BNTu,cKRgysMc8SXmSqukA,2iyt5HqNWAyYtZvWc,2021-11-08T19:12:32Z,2021-11-08T19:14:38Z
msd8wJx3ghspJoDah,WwhitNkP4sGvhRNrY,WvggzrzGgjk4HDh9M,pjXPKQKhQ5Tt6BNTu,cKRgysMc8SXmSqukA,2iyt5HqNWAyYtZvWc,2021-11-08T19:12:32Z,2021-11-08T19:14:39Z
5nCENgaoBdpd6kq6C,WwhitNkP4sGvhRNrY,DfhwRi77r89iZFEFD,dKqPGxfcApbTCz926,cKRgysMc8SXmSqukA,2iyt5HqNWAyYtZvWc,2021-11-08T19:12:32Z,
5fPknd5GYPpXuR8LS,WwhitNkP4sGvhRNrY,WvggzrzGgjk4HDh9M,dKqPGxfcApbTCz926,cKRgysMc8SXmSqukA,2iyt5HqNWAyYtZvWc,2021-11-08T19:12:32Z,
GPZfdW3RdAXFj63Xo,WwhitNkP4sGvhRNrY,DfhwRi77r89iZFEFD,fc5EKD6Gy3iDLrbyZ,Tz8zXvvwbniHgA5oa,2iyt5HqNWAyYtZvWc,2021-11-08T19:12:32Z,2021-11-08T19:14:47Z
jYn2HbJ8Acm5oEteH,WwhitNkP4sGvhRNrY,WvggzrzGgjk4HDh9M,fc5EKD6Gy3iDLrbyZ,Tz8zXvvwbniHgA5oa,2iyt5HqNWAyYtZvWc,2021-11-08T19:12:32Z,2021-11-08T19:14:47Z
d3ouEoxijvDeDYgGw,WwhitNkP4sGvhRNrY,DfhwRi77r89iZFEFD,FpzPi9Qk79xfMLMvN,Tz8zXvvwbniHgA5oa,2iyt5HqNWAyYtZvWc,2021-11-08T19:12:32Z,
rSMpQS6ufNjtZz23Y,WwhitNkP4sGvhRNrY,WvggzrzGgjk4HDh9M,FpzPi9Qk79xfMLMvN,Tz8zXvvwbniHgA5oa,2iyt5HqNWAyYtZvWc,2021-11-08T19:12:32Z,
LJ9CDCrdyEG7KoaJr,WwhitNkP4sGvhRNrY,DfhwRi77r89iZFEFD,29TGGG3psGTF4PBwK,j6odAmLFzu6QpiDFc,2iyt5HqNWAyYtZvWc,2021-11-08T19:12:32Z,2021-11-08T19:14:55Z
nsWoJ2QHYCfjRadcz,WwhitNkP4sGvhRNrY,WvggzrzGgjk4HDh9M,29TGGG3psGTF4PBwK,j6odAmLFzu6QpiDFc,2iyt5HqNWAyYtZvWc,2021-11-08T19:12:32Z,2021-11-08T19:14:59Z
qHgp2d4Qxxw9yzAWq,WwhitNkP4sGvhRNrY,DfhwRi77r89iZFEFD,HE2N3FxGK5HmK9Kk4,j6odAmLFzu6QpiDFc,2iyt5HqNWAyYtZvWc,2021-11-08T19:12:32Z,
eqkdAxFQnkLrYzdcY,WwhitNkP4sGvhRNrY,WvggzrzGgjk4HDh9M,HE2N3FxGK5HmK9Kk4,j6odAmLFzu6QpiDFc,2iyt5HqNWAyYtZvWc,2021-11-08T19:12:32Z,
iScSc4bgNv6sD3BXp,WwhitNkP4sGvhRNrY,DfhwRi77r89iZFEFD,N4bC2GDi3exgKNntv,BNhf7ZuQJMp678tdM,2iyt5HqNWAyYtZvWc,2021-11-08T19:12:32Z,2021-11-08T19:15:07Z
NdXYggQaeWiPJMi9Z,WwhitNkP4sGvhRNrY,WvggzrzGgjk4HDh9M,N4bC2GDi3exgKNntv,BNhf7ZuQJMp678tdM,2iyt5HqNWAyYtZvWc,2021-11-08T19:12:32Z,2021-11-08T19:15:07Z
N4Suw75MRg97uKZxQ,WwhitNkP4sGvhRNrY,DfhwRi77r89iZFEFD,TpHBGTHCQ6cS4ao6F,BNhf7ZuQJMp678tdM,2iyt5HqNWAyYtZvWc,2021-11-08T19:12:32Z,
CzXFGAyGMmPTCxKDq,WwhitNkP4sGvhRNrY,WvggzrzGgjk4HDh9M,TpHBGTHCQ6cS4ao6F,BNhf7ZuQJMp678tdM,2iyt5HqNWAyYtZvWc,2021-11-08T19:12:32Z,
AmCTh5Cse9YJGL39t,WwhitNkP4sGvhRNrY,DfhwRi77r89iZFEFD,JC7EBaCBeoxRRyh3b,3HzpfLiXv4HCczpXZ,2iyt5HqNWAyYtZvWc,2021-11-08T19:12:32Z,2021-11-08T19:15:16Z
AAW3b5ksdSJuqNuza,WwhitNkP4sGvhRNrY,WvggzrzGgjk4HDh9M,JC7EBaCBeoxRRyh3b,3HzpfLiXv4HCczpXZ,2iyt5HqNWAyYtZvWc,2021-11-08T19:12:32Z,2021-11-08T19:15:15Z
C8qjPhEwugo8Maoxf,WwhitNkP4sGvhRNrY,DfhwRi77r89iZFEFD,aiKX2NpaidgvumjMH,3HzpfLiXv4HCczpXZ,2iyt5HqNWAyYtZvWc,2021-11-08T19:12:32Z,
XMwCz67Boq77JKj47,WwhitNkP4sGvhRNrY,WvggzrzGgjk4HDh9M,aiKX2NpaidgvumjMH,3HzpfLiXv4HCczpXZ,2iyt5HqNWAyYtZvWc,2021-11-08T19:12:32Z,
qXfTcA9ETerSFT4y7,WwhitNkP4sGvhRNrY,DfhwRi77r89iZFEFD,yb5mMyNHSzyCkCwvL,LL9bcZg2Tf4HmeNop,2iyt5HqNWAyYtZvWc,2021-11-08T19:12:32Z,2021-11-08T19:15:25Z
T3XMYJLHbyeWnsJsS,WwhitNkP4sGvhRNrY,WvggzrzGgjk4HDh9M,yb5mMyNHSzyCkCwvL,LL9bcZg2Tf4HmeNop,2iyt5HqNWAyYtZvWc,2021-11-08T19:12:32Z,2021-11-08T19:15:24Z
Dtqfan8WvWyehHhdq,WwhitNkP4sGvhRNrY,DfhwRi77r89iZFEFD,CgZpu3EXRD5Myd9Jq,LL9bcZg2Tf4HmeNop,2iyt5HqNWAyYtZvWc,2021-11-08T19:12:32Z,
TiySc3ty79nANC29L,WwhitNkP4sGvhRNrY,WvggzrzGgjk4HDh9M,CgZpu3EXRD5Myd9Jq,LL9bcZg2Tf4HmeNop,2iyt5HqNWAyYtZvWc,2021-11-08T19:12:32Z,
vFeB2rkDxXuQczi5t,WwhitNkP4sGvhRNrY,DfhwRi77r89iZFEFD,GfpemfWo4QoZfF3GJ,a7TgCj6zRPhaM436S,2iyt5HqNWAyYtZvWc,2021-11-08T19:12:32Z,2021-11-08T19:15:33Z
CrhYGq9Pj2zcqgy8g,WwhitNkP4sGvhRNrY,WvggzrzGgjk4HDh9M,GfpemfWo4QoZfF3GJ,a7TgCj6zRPhaM436S,2iyt5HqNWAyYtZvWc,2021-11-08T19:12:32Z,2021-11-08T19:15:33Z
nrvBeQvkw75qHeM9n,WwhitNkP4sGvhRNrY,DfhwRi77r89iZFEFD,a8DGe2X6yD9bv9JXD,a7TgCj6zRPhaM436S,2iyt5HqNWAyYtZvWc,2021-11-08T19:12:32Z,
oKAeeiZs64iHzppq2,WwhitNkP4sGvhRNrY,WvggzrzGgjk4HDh9M,a8DGe2X6yD9bv9JXD,a7TgCj6zRPhaM436S,2iyt5HqNWAyYtZvWc,2021-11-08T19:12:32Z,
Y4Jco36ojdkTNEWCe,WwhitNkP4sGvhRNrY,DfhwRi77r89iZFEFD,tFFNuckmY86zbSusE,GrpACDnm3vemubYHL,2iyt5HqNWAyYtZvWc,2021-11-08T19:12:32Z,2021-11-08T19:15:42Z
6KXhRTzwWt5vtmybq,WwhitNkP4sGvhRNrY,WvggzrzGgjk4HDh9M,tFFNuckmY86zbSusE,GrpACDnm3vemubYHL,2iyt5HqNWAyYtZvWc,2021-11-08T19:12:32Z,2021-11-08T19:15:41Z
GccsSC5pcRPCZEAyh,WwhitNkP4sGvhRNrY,DfhwRi77r89iZFEFD,9FcyxJmR6JGtkpWfq,GrpACDnm3vemubYHL,2iyt5HqNWAyYtZvWc,2021-11-08T19:12:32Z,
AcxNtAYCjb6xfPXjN,WwhitNkP4sGvhRNrY,WvggzrzGgjk4HDh9M,9FcyxJmR6JGtkpWfq,GrpACDnm3vemubYHL,2iyt5HqNWAyYtZvWc,2021-11-08T19:12:32Z,
epftFJ8B8us2QGvQx,bk9QuuXM9oDw4WzkN,Hvv3gEyCGX2zBmXK2,TXNK3izmwbxp97yFY,zeYeMFGeBKzmTixWD,zLuA4iDWY3B356FLZ,2021-11-08T19:13:07Z,2021-11-08T19:13:24Z
L8W8ppwMu6GHu8NHJ,bk9QuuXM9oDw4WzkN,aD8amtjzJx6jEyBMp,TXNK3izmwbxp97yFY,zeYeMFGeBKzmTixWD,zLuA4iDWY3B356FLZ,2021-11-08T19:13:07Z,2021-11-08T19:13:17Z
sjqhcWE3nCqhRvsNN,bk9QuuXM9oDw4WzkN,Hvv3gEyCGX2zBmXK2,5dFRavFjbwZgfokpe,zeYeMFGeBKzmTixWD,zLuA4iDWY3B356FLZ,2021-11-08T19:13:07Z,
k4GcAqmkmnQf5hY9R,bk9QuuXM9oDw4WzkN,aD8amtjzJx6jEyBMp,5dFRavFjbwZgfokpe,zeYeMFGeBKzmTixWD,zLuA4iDWY3B356FLZ,2021-11-08T19:13:07Z,
ivpcTrvHt3M4A2dHa,bk9QuuXM9oDw4WzkN,Hvv3gEyCGX2zBmXK2,kY5fWhiQZLbxEjcRw,g3zCdpuspGBjLjkfG,zLuA4iDWY3B356FLZ,2021-11-08T19:13:07Z,2021-11-08T19:13:32Z
ufLpLY2tffSBm4jGC,bk9QuuXM9oDw4WzkN,aD8amtjzJx6jEyBMp,kY5fWhiQZLbxEjcRw,g3zCdpuspGBjLjkfG,zLuA4iDWY3B356FLZ,2021-11-08T19:13:07Z,2021-11-08T19:13:37Z
7d86W2tTEcqkv5QxF,bk9QuuXM9oDw4WzkN,Hvv3gEyCGX2zBmXK2,Taq556jKYHDYXZ9ta,g3zCdpuspGBjLjkfG,zLuA4iDWY3B356FLZ,2021-11-08T19:13:07Z,
bxxaLMXhy6cvyEiiv,bk9QuuXM9oDw4WzkN,aD8amtjzJx6jEyBMp,Taq556jKYHDYXZ9ta,g3zCdpuspGBjLjkfG,zLuA4iDWY3B356FLZ,2021-11-08T19:13:07Z,
jHQ35Tqtr9dNAEsrw,bk9QuuXM9oDw4WzkN,Hvv3gEyCGX2zBmXK2,TankasDpcEJz6bfHj,ffgSfrus3mfQXcMGY,zLuA4iDWY3B356FLZ,2021-11-08T19:13:07Z,2021-11-08T19:13:45Z
WXGSH93qa3TPYCfdW,bk9QuuXM9oDw4WzkN,aD8amtjzJx6jEyBMp,TankasDpcEJz6bfHj,ffgSfrus3mfQXcMGY,zLuA4iDWY3B356FLZ,2021-11-08T19:13:07Z,2021-11-08T19:13:47Z
HsNmFTca5cesmZZPa,bk9QuuXM9oDw4WzkN,Hvv3gEyCGX2zBmXK2,zzLd6wrrAf5oRzrP5,ffgSfrus3mfQXcMGY,zLuA4iDWY3B356FLZ,2021-11-08T19:13:07Z,
JEcfM5JTfWCPWu2jX,bk9QuuXM9oDw4WzkN,aD8amtjzJx6jEyBMp,zzLd6wrrAf5oRzrP5,ffgSfrus3mfQXcMGY,zLuA4iDWY3B356FLZ,2021-11-08T19:13:07Z,
7z5jdo9LhjaCNdjLq,bk9QuuXM9oDw4WzkN,Hvv3gEyCGX2zBmXK2,8usR3eqvtnrnNpQtY,xLTv2KhgoGtHPm7Qh,zLuA4iDWY3B356FLZ,2021-11-08T19:13:07Z,2021-11-08T19:13:58Z
2CFE6cDhijjCejKbJ,bk9QuuXM9oDw4WzkN,aD8amtjzJx6jEyBMp,8usR3eqvtnrnNpQtY,xLTv2KhgoGtHPm7Qh,zLuA4iDWY3B356FLZ,2021-11-08T19:13:07Z,2021-11-08T19:13:57Z
AQ6TfupsXnAzyXN2D,bk9QuuXM9oDw4WzkN,Hvv3gEyCGX2zBmXK2,GDKidWgMzzZe9WaR2,xLTv2KhgoGtHPm7Qh,zLuA4iDWY3B356FLZ,2021-11-08T19:13:07Z,
mtC8Dzst6YDriKXJL,bk9QuuXM9oDw4WzkN,aD8amtjzJx6jEyBMp,GDKidWgMzzZe9WaR2,xLTv2KhgoGtHPm7Qh,zLuA4iDWY3B356FLZ,2021-11-08T19:13:07Z,
XQaG4D4gvFAdQq9XX,bk9QuuXM9oDw4WzkN,Hvv3gEyCGX2zBmXK2,zvNHeJ2g9yowDyTS4,LAhmHxA9msSnv2Ero,zLuA4iDWY3B356FLZ,2021-11-08T19:13:07Z,2021-11-08T19:14:10Z
v8AqseRPmKvFF5Bct,bk9QuuXM9oDw4WzkN,aD8amtjzJx6jEyBMp,zvNHeJ2g9yowDyTS4,LAhmHxA9msSnv2Ero,zLuA4iDWY3B356FLZ,2021-11-08T19:13:07Z,2021-11-08T19:14:14Z
Yeq6hcgDBCXYkCdgm,bk9QuuXM9oDw4WzkN,Hvv3gEyCGX2zBmXK2,tbmhfWptpTzDGsRAZ,LAhmHxA9msSnv2Ero,zLuA4iDWY3B356FLZ,2021-11-08T19:13:07Z,
AN2Ri82K3xZNgrzYn,bk9QuuXM9oDw4WzkN,aD8amtjzJx6jEyBMp,tbmhfWptpTzDGsRAZ,LAhmHxA9msSnv2Ero,zLuA4iDWY3B356FLZ,2021-11-08T19:13:07Z,
h5dbmTMA4SiTFfH9s,bk9QuuXM9oDw4WzkN,Hvv3gEyCGX2zBmXK2,WyFcQtuWBTS25zrBJ,oR5mMrXQTQL2BrLt5,zLuA4iDWY3B356FLZ,2021-11-08T19:13:07Z,2021-11-08T19:14:23Z
tRo9WNXyBSYjXtgjq,bk9QuuXM9oDw4WzkN,aD8amtjzJx6jEyBMp,WyFcQtuWBTS25zrBJ,oR5mMrXQTQL2BrLt5,zLuA4iDWY3B356FLZ,2021-11-08T19:13:07Z,2021-11-08T19:14:22Z
SaEsnSEAA65iuXzp6,bk9QuuXM9oDw4WzkN,Hvv3gEyCGX2zBmXK2,EmtBE2cc6Lwtk4Kt6,oR5mMrXQTQL2BrLt5,zLuA4iDWY3B356FLZ,2021-11-08T19:13:07Z,
J9gxRQqxe4QmeZ4ZC,bk9QuuXM9oDw4WzkN,aD8amtjzJx6jEyBMp,EmtBE2cc6Lwtk4Kt6,oR5mMrXQTQL2BrLt5,zLuA4iDWY3B356FLZ,2021-11-08T19:13:07Z,
JyEPgpKLs44oX6Jv9,bk9QuuXM9oDw4WzkN,Hvv3gEyCGX2zBmXK2,MMRsJqKch9QTAuhin,GQCHz6TBzEyK3ySnX,zLuA4iDWY3B356FLZ,2021-11-08T19:13:07Z,2021-11-08T19:14:33Z
Jyk5eo9QqeR9wYw5A,bk9QuuXM9oDw4WzkN,aD8amtjzJx6jEyBMp,MMRsJqKch9QTAuhin,GQCHz6TBzEyK3ySnX,zLuA4iDWY3B356FLZ,2021-11-08T19:13:07Z,2021-11-08T19:14:32Z
amtK5MBBwS7kMCFSo,bk9QuuXM9oDw4WzkN,Hvv3gEyCGX2zBmXK2,ozRRvevj6G8uK87WQ,GQCHz6TBzEyK3ySnX,zLuA4iDWY3B356FLZ,2021-11-08T19:13:07Z,
Hir4N4decaHQzyCAG,bk9QuuXM9oDw4WzkN,aD8amtjzJx6jEyBMp,ozRRvevj6G8uK87WQ,GQCHz6TBzEyK3ySnX,zLuA4iDWY3B356FLZ,2021-11-08T19:13:07Z,
wa7JZbde7u8sx6WW4,bk9QuuXM9oDw4WzkN,Hvv3gEyCGX2zBmXK2,aCdttfoQjxFrQYmeb,roQgvYhrLEdLHocZi,zLuA4iDWY3B356FLZ,2021-11-08T19:13:07Z,2021-11-08T19:14:42Z
9T4Le5t6R5XYCnCLT,bk9QuuXM9oDw4WzkN,aD8amtjzJx6jEyBMp,aCdttfoQjxFrQYmeb,roQgvYhrLEdLHocZi,zLuA4iDWY3B356FLZ,2021-11-08T19:13:07Z,2021-11-08T19:14:45Z
r9xaArpdtWo7nxKWm,bk9QuuXM9oDw4WzkN,Hvv3gEyCGX2zBmXK2,r9BSNk95zijXQ9KWm,roQgvYhrLEdLHocZi,zLuA4iDWY3B356FLZ,2021-11-08T19:13:07Z,
Weh7Z3tte9jGCEaWn,bk9QuuXM9oDw4WzkN,aD8amtjzJx6jEyBMp,r9BSNk95zijXQ9KWm,roQgvYhrLEdLHocZi,zLuA4iDWY3B356FLZ,2021-11-08T19:13:07Z,
eDpwHT2AhCYWGjGAB,bk9QuuXM9oDw4WzkN,Hvv3gEyCGX2zBmXK2,mTWSymh5FiSggnJed,jYZaeA2zRPQpD98JB,zLuA4iDWY3B356FLZ,2021-11-08T19:13:07Z,2021-11-08T19:14:53Z
CKmtMqS9FtDxyk6vD,bk9QuuXM9oDw4WzkN,aD8amtjzJx6jEyBMp,mTWSymh5FiSggnJed,jYZaeA2zRPQpD98JB,zLuA4iDWY3B356FLZ,2021-11-08T19:13:07Z,2021-11-08T19:14:56Z
2g99DygAdvE5FuGCf,bk9QuuXM9oDw4WzkN,Hvv3gEyCGX2zBmXK2,2Dt5p9j3rTdCyH3gs,jYZaeA2zRPQpD98JB,zLuA4iDWY3B356FLZ,2021-11-08T19:13:07Z,
KAfjpqjMZmmENsXck,bk9QuuXM9oDw4WzkN,aD8amtjzJx6jEyBMp,2Dt5p9j3rTdCyH3gs,jYZaeA2zRPQpD98JB,zLuA4iDWY3B356FLZ,2021-11-08T19:13:07Z,
sqQ2qKSYJGPdszTdj,bk9QuuXM9oDw4WzkN,Hvv3gEyCGX2zBmXK2,sXM25h2CnvvMG2Cha,QgrQmQiAaAgP36ddx,zLuA4iDWY3B356FLZ,2021-11-08T19:13:07Z,2021-11-08T19:15:07Z
Bpo9kdhdu78JFZpEi,bk9QuuXM9oDw4WzkN,aD8amtjzJx6jEyBMp,sXM25h2CnvvMG2Cha,QgrQmQiAaAgP36ddx,zLuA4iDWY3B356FLZ,2021-11-08T19:13:07Z,2021-11-08T19:15:06Z
g5LEZC58taTwu5wvo,bk9QuuXM9oDw4WzkN,Hvv3gEyCGX2zBmXK2,AGwfdpn55pFtvbBsd,QgrQmQiAaAgP36ddx,zLuA4iDWY3B356FLZ,2021-11-08T19:13:07Z,
argWpBRQshxRCq4ox,bk9QuuXM9oDw4WzkN,aD8amtjzJx6jEyBMp,AGwfdpn55pFtvbBsd,QgrQmQiAaAgP36ddx,zLuA4iDWY3B356FLZ,2021-11-08T19:13:07Z,
iutKRWczL84WT7Qmg,bk9QuuXM9oDw4WzkN,Hvv3gEyCGX2zBmXK2,H2sEod76aeF5ZFPhf,QZnAJ2unvCKe3XoJk,zLuA4iDWY3B356FLZ,2021-11-08T19:13:07Z,2021-11-08T19:15:17Z
T7k38u5XYYXbSijTX,bk9QuuXM9oDw4WzkN,aD8amtjzJx6jEyBMp,H2sEod76aeF5ZFPhf,QZnAJ2unvCKe3XoJk,zLuA4iDWY3B356FLZ,2021-11-08T19:13:07Z,2021-11-08T19:15:16Z
HQQFApDtbLaZjPrNF,bk9QuuXM9oDw4WzkN,Hvv3gEyCGX2zBmXK2,hvrDCcJsR2A73JMDD,QZnAJ2unvCKe3XoJk,zLuA4iDWY3B356FLZ,2021-11-08T19:13:07Z,
yYSsuvrsBxApZdiH8,bk9QuuXM9oDw4WzkN,aD8amtjzJx6jEyBMp,hvrDCcJsR2A73JMDD,QZnAJ2unvCKe3XoJk,zLuA4iDWY3B356FLZ,2021-11-08T19:13:07Z,
vyAnuHECv6wCar6gj,bk9QuuXM9oDw4WzkN,Hvv3gEyCGX2zBmXK2,kJrxWz7Bazk9MjQPq,CX3ipZzMDdpnSjA26,zLuA4iDWY3B356FLZ,2021-11-08T19:13:07Z,2021-11-08T19:15:26Z
YF5fMFkSq2MWkKF99,bk9QuuXM9oDw4WzkN,aD8amtjzJx6jEyBMp,kJrxWz7Bazk9MjQPq,CX3ipZzMDdpnSjA26,zLuA4iDWY3B356FLZ,2021-11-08T19:13:07Z,2021-11-08T19:15:26Z
AWAwpjy4QzTvZxMnT,bk9QuuXM9oDw4WzkN,Hvv3gEyCGX2zBmXK2,BtpGrb8mbN7pnPBJn,CX3ipZzMDdpnSjA26,zLuA4iDWY3B356FLZ,2021-11-08T19:13:07Z,
97T54G6HCFw6QvHzN,bk9QuuXM9oDw4WzkN,aD8amtjzJx6jEyBMp,BtpGrb8mbN7pnPBJn,CX3ipZzMDdpnSjA26,zLuA4iDWY3B356FLZ,2021-11-08T19:13:07Z,
pWqv9piqiS7aff3RN,bk9QuuXM9oDw4WzkN,Hvv3gEyCGX2zBmXK2,MzbPerHMpm7ELhYDS,roXA5jyhire4zH34h,zLuA4iDWY3B356FLZ,2021-11-08T19:13:07Z,2021-11-08T19:15:36Z
wR96ANpj7o4qQ775S,bk9QuuXM9oDw4WzkN,aD8amtjzJx6jEyBMp,MzbPerHMpm7ELhYDS,roXA5jyhire4zH34h,zLuA4iDWY3B356FLZ,2021-11-08T19:13:07Z,2021-11-08T19:15:35Z
khtpNAecS3LzFNwzp,bk9QuuXM9oDw4WzkN,Hvv3gEyCGX2zBmXK2,sKB7ThAewWYsnJRZy,roXA5jyhire4zH34h,zLuA4iDWY3B356FLZ,2021-11-08T19:13:07Z,
KxW3LetApFFXnH4YB,bk9QuuXM9oDw4WzkN,aD8amtjzJx6jEyBMp,sKB7ThAewWYsnJRZy,roXA5jyhire4zH34h,zLuA4iDWY3B356FLZ,2021-11-08T19:13:07Z,
WNCTbvbG4LByPjHqm,bk9QuuXM9oDw4WzkN,Hvv3gEyCGX2zBmXK2,sv3NKaTzWRHFSPzD4,G6m7hWjc2yedk7WCL,zLuA4iDWY3B356FLZ,2021-11-08T19:13:07Z,2021-11-08T19:15:46Z
bZ7BZ3zzgqLRAnmjJ,bk9QuuXM9oDw4WzkN,aD8amtjzJx6jEyBMp,sv3NKaTzWRHFSPzD4,G6m7hWjc2yedk7WCL,zLuA4iDWY3B356FLZ,2021-11-08T19:13:07Z,2021-11-08T19:15:46Z
m9bZr7oJ647xjcccC,bk9QuuXM9oDw4WzkN,Hvv3gEyCGX2zBmXK2,bZ4nLycR8hosXFhL3,G6m7hWjc2yedk7WCL,zLuA4iDWY3B356FLZ,2021-11-08T19:13:07Z,
KHRQvTTNiE98pXM6M,bk9QuuXM9oDw4WzkN,aD8amtjzJx6jEyBMp,bZ4nLycR8hosXFhL3,G6m7hWjc2yedk7WCL,zLuA4iDWY3B356FLZ,2021-11-08T19:13:07Z,
AwqCnyBW7fjDajypX,bk9QuuXM9oDw4WzkN,Hvv3gEyCGX2zBmXK2,ivAy6o6Xaa8z8tXae,ZB9QsfpT5Fk4Kir2Y,zLuA4iDWY3B356FLZ,2021-11-08T19:13:07Z,2021-11-08T19:15:58Z
PZFsvkWqgHxJDjyuG,bk9QuuXM9oDw4WzkN,aD8amtjzJx6jEyBMp,ivAy6o6Xaa8z8tXae,ZB9QsfpT5Fk4Kir2Y,zLuA4iDWY3B356FLZ,2021-11-08T19:13:07Z,2021-11-08T19:15:57Z
LJqfHMsBjauE5a4MX,bk9QuuXM9oDw4WzkN,Hvv3gEyCGX2zBmXK2,chvJx9ag2EsPmnsBT,ZB9QsfpT5Fk4Kir2Y,zLuA4iDWY3B356FLZ,2021-11-08T19:13:07Z,
n9osgaXuLfzRkpme6,bk9QuuXM9oDw4WzkN,aD8amtjzJx6jEyBMp,chvJx9ag2EsPmnsBT,ZB9QsfpT5Fk4Kir2Y,zLuA4iDWY3B356FLZ,2021-11-08T19:13:07Z,
F4BYN6iqDusFcurkC,bk9QuuXM9oDw4WzkN,Hvv3gEyCGX2zBmXK2,tZEGEqGDnySHGJD9X,Ky7yAcTyNnYTqqvLZ,zLuA4iDWY3B356FLZ,2021-11-08T19:13:07Z,2021-11-08T19:16:09Z
xZCBznijneQxDG2d7,bk9QuuXM9oDw4WzkN,aD8amtjzJx6jEyBMp,tZEGEqGDnySHGJD9X,Ky7yAcTyNnYTqqvLZ,zLuA4iDWY3B356FLZ,2021-11-08T19:13:07Z,2021-11-08T19:16:08Z
mGfHMoZbCjdDy8zG7,bk9QuuXM9oDw4WzkN,Hvv3gEyCGX2zBmXK2,yse9RmCtmb7rxQLAd,Ky7yAcTyNnYTqqvLZ,zLuA4iDWY3B356FLZ,2021-11-08T19:13:07Z,
dBayJqhbRga9DSF25,bk9QuuXM9oDw4WzkN,aD8amtjzJx6jEyBMp,yse9RmCtmb7rxQLAd,Ky7yAcTyNnYTqqvLZ,zLuA4iDWY3B356FLZ,2021-11-08T19:13:07Z,
kGuPTFTaE7t3feaFa,bk9QuuXM9oDw4WzkN,Hvv3gEyCGX2zBmXK2,8aKNjeC3soFYRWnFF,wuwJa6iiigpgHZ4E5,zLuA4iDWY3B356FLZ,2021-11-08T19:13:07Z,2021-11-08T19:16:19Z
jjxkK2pZWFr93ZF36,bk9QuuXM9oDw4WzkN,aD8amtjzJx6jEyBMp,8aKNjeC3soFYRWnFF,wuwJa6iiigpgHZ4E5,zLuA4iDWY3B356FLZ,2021-11-08T19:13:07Z,2021-11-08T19:16:19Z
72jYDsDEXCgeqpNWS,bk9QuuXM9oDw4WzkN,Hvv3gEyCGX2zBmXK2,25eFGy28RDhfSQiav,wuwJa6iiigpgHZ4E5,zLuA4iDWY3B356FLZ,2021-11-08T19:13:07Z,
5CofFhZ7fSdwutzuR,bk9QuuXM9oDw4WzkN,aD8amtjzJx6jEyBMp,25eFGy28RDhfSQiav,wuwJa6iiigpgHZ4E5,zLuA4iDWY3B356FLZ,2021-11-08T19:13:07Z,
bmw9wTfe9fDJNkrMf,bk9QuuXM9oDw4WzkN,Hvv3gEyCGX2zBmXK2,yCRJChewrFg7hBEwf,KTNti5CaBCAKFJJJo,zLuA4iDWY3B356FLZ,2021-11-08T19:13:07Z,2021-11-08T19:16:28Z
aH89qHHeMo6Gr8ZRS,bk9QuuXM9oDw4WzkN,aD8amtjzJx6jEyBMp,yCRJChewrFg7hBEwf,KTNti5CaBCAKFJJJo,zLuA4iDWY3B356FLZ,2021-11-08T19:13:07Z,2021-11-08T19:16:28Z
tQbyv7kXvAHmfjuLf,bk9QuuXM9oDw4WzkN,Hvv3gEyCGX2zBmXK2,mtgsJEkS8SCE8xn2n,KTNti5CaBCAKFJJJo,zLuA4iDWY3B356FLZ,2021-11-08T19:13:07Z,
NgxvoJaXAxhhdmoRy,bk9QuuXM9oDw4WzkN,aD8amtjzJx6jEyBMp,mtgsJEkS8SCE8xn2n,KTNti5CaBCAKFJJJo,zLuA4iDWY3B356FLZ,2021-11-08T19:13:07Z,
H4pQ3BF99jz8Xh2Q8,bk9QuuXM9oDw4WzkN,Hvv3gEyCGX2zBmXK2,Dp5SryMuiZLmCT3eB,ZmG9uXZyqrX4v2zns,zLuA4iDWY3B356FLZ,2021-11-08T19:13:07Z,2021-11-08T19:16:41Z
fym33pwJrWtHhvCJd,bk9QuuXM9oDw4WzkN,aD8amtjzJx6jEyBMp,Dp5SryMuiZLmCT3eB,ZmG9uXZyqrX4v2zns,zLuA4iDWY3B356FLZ,2021-11-08T19:13:07Z,2021-11-08T19:16:38Z
nEQzG6JgsNaotdkjH,bk9QuuXM9oDw4WzkN,Hvv3gEyCGX2zBmXK2,8zYC4QBcuccyDzkP7,ZmG9uXZyqrX4v2zns,zLuA4iDWY3B356FLZ,2021-11-08T19:13:07Z,
qG8ZkQpyPehGFXinY,bk9QuuXM9oDw4WzkN,aD8amtjzJx6jEyBMp,8zYC4QBcuccyDzkP7,ZmG9uXZyqrX4v2zns,zLuA4iDWY3B356FLZ,2021-11-08T19:13:07Z,
MzaFRJPpigao6uoF2,bk9QuuXM9oDw4WzkN,Hvv3gEyCGX2zBmXK2,A2FGyCxeTsZK3DdN5,Ej9nWknpCKFgwfWmN,zLuA4iDWY3B356FLZ,2021-11-08T19:13:07Z,2021-11-08T19:16:51Z
tj8xC5FWibfpKLpWr,bk9QuuXM9oDw4WzkN,aD8amtjzJx6jEyBMp,A2FGyCxeTsZK3DdN5,Ej9nWknpCKFgwfWmN,zLuA4iDWY3B356FLZ,2021-11-08T19:13:07Z,2021-11-08T19:16:50Z
KZwCx3FAQo3sDo9PX,bk9QuuXM9oDw4WzkN,Hvv3gEyCGX2zBmXK2,GWpWyfRR8psobRgoF,Ej9nWknpCKFgwfWmN,zLuA4iDWY3B356FLZ,2021-11-08T19:13:07Z,
Fsghu46q49p4BxfmW,bk9QuuXM9oDw4WzkN,aD8amtjzJx6jEyBMp,GWpWyfRR8psobRgoF,Ej9nWknpCKFgwfWmN,zLuA4iDWY3B356FLZ,2021-11-08T19:13:07Z,
h4jPzTBjhMzdYmcYX,hDiBWcbJcoXC8viPd,m5hyD6u7arfKCWZ2h,v6nPWYZLvue4SxsPW,u7yGNjn4Dq5y5roHM,iBNEbA9ZNacrZ97qL,2021-11-08T19:14:41Z,2021-11-08T19:15:00Z
Szm6MyXXRHWGfdPv5,hDiBWcbJcoXC8viPd,rMFK4T5wzumu8iwh7,v6nPWYZLvue4SxsPW,u7yGNjn4Dq5y5roHM,iBNEbA9ZNacrZ97qL,2021-11-08T19:14:41Z,2021-11-08T19:14:57Z
SYecC2AkuG7uYFhoB,hDiBWcbJcoXC8viPd,m5hyD6u7arfKCWZ2h,WB44sFXPmopS9gkMD,u7yGNjn4Dq5y5roHM,iBNEbA9ZNacrZ97qL,2021-11-08T19:14:41Z,
YAZch6tkRQHr6qSio,hDiBWcbJcoXC8viPd,rMFK4T5wzumu8iwh7,WB44sFXPmopS9gkMD,u7yGNjn4Dq5y5roHM,iBNEbA9ZNacrZ97qL,2021-11-08T19:14:41Z,
nWQJSBFhGASnQ9JEo,hDiBWcbJcoXC8viPd,m5hyD6u7arfKCWZ2h,NCnamFQy5SLbGCmv2,n8HQKpFxYZRmFm7dF,iBNEbA9ZNacrZ97qL,2021-11-08T19:14:41Z,2021-11-08T19:15:12Z
2h4DmozHdM7CwA6gG,hDiBWcbJcoXC8viPd,rMFK4T5wzumu8iwh7,NCnamFQy5SLbGCmv2,n8HQKpFxYZRmFm7dF,iBNEbA9ZNacrZ97qL,2021-11-08T19:14:41Z,2021-11-08T19:15:19Z
N9Td6wC2H5hQ3eaXj,hDiBWcbJcoXC8viPd,m5hyD6u7arfKCWZ2h,43kEBgzm2pAEZTimg,n8HQKpFxYZRmFm7dF,iBNEbA9ZNacrZ97qL,2021-11-08T19:14:41Z,
R6P2rd9sfY9rrfTTd,hDiBWcbJcoXC8viPd,rMFK4T5wzumu8iwh7,43kEBgzm2pAEZTimg,n8HQKpFxYZRmFm7dF,iBNEbA9ZNacrZ97qL,2021-11-08T19:14:41Z,
vpdvSYMyk6SX9JzqN,hDiBWcbJcoXC8viPd,m5hyD6u7arfKCWZ2h,2H86pFQXbj8uHjENe,wsEj3B9Dw6pRLLG5g,iBNEbA9ZNacrZ97qL,2021-11-08T19:14:41Z,2021-11-08T19:15:35Z
kPqJqL7RpJkftKcKS,hDiBWcbJcoXC8viPd,rMFK4T5wzumu8iwh7,2H86pFQXbj8uHjENe,wsEj3B9Dw6pRLLG5g,iBNEbA9ZNacrZ97qL,2021-11-08T19:14:41Z,2021-11-08T19:15:34Z
ZQ4KbkjCBksg5dCoB,hDiBWcbJcoXC8viPd,m5hyD6u7arfKCWZ2h,qQypBMvaxgWc4Y8Xn,wsEj3B9Dw6pRLLG5g,iBNEbA9ZNacrZ97qL,2021-11-08T19:14:41Z,
NeihsByuh9sjKX8Zr,hDiBWcbJcoXC8viPd,rMFK4T5wzumu8iwh7,qQypBMvaxgWc4Y8Xn,wsEj3B9Dw6pRLLG5g,iBNEbA9ZNacrZ97qL,2021-11-08T19:14:41Z,
STvwooz9XDmLHR9qe,hDiBWcbJcoXC8viPd,m5hyD6u7arfKCWZ2h,tCbWXBzQjRxYiAcuS,cDKskbvfwDqXJMhaZ,iBNEbA9ZNacrZ97qL,2021-11-08T19:14:41Z,2021-11-08T19:15:47Z
gqc5Aa7to8jEEnS9q,hDiBWcbJcoXC8viPd,rMFK4T5wzumu8iwh7,tCbWXBzQjRxYiAcuS,cDKskbvfwDqXJMhaZ,iBNEbA9ZNacrZ97qL,2021-11-08T19:14:41Z,2021-11-08T19:15:47Z
xakTpFgiwazsHPnoF,hDiBWcbJcoXC8viPd,m5hyD6u7arfKCWZ2h,DnhFsFRe5iHfXJrqE,cDKskbvfwDqXJMhaZ,iBNEbA9ZNacrZ97qL,2021-11-08T19:14:41Z,
MYvGPhoDhQF7sEfJe,hDiBWcbJcoXC8viPd,rMFK4T5wzumu8iwh7,DnhFsFRe5iHfXJrqE,cDKskbvfwDqXJMhaZ,iBNEbA9ZNacrZ97qL,2021-11-08T19:14:41Z,
46oBaBncvdmZonZ3T,hDiBWcbJcoXC8viPd,m5hyD6u7arfKCWZ2h,LEbhHwSKjJKxbibEC,qut2gSoeDRYEJhzAn,iBNEbA9ZNacrZ97qL,2021-11-08T19:14:41Z,2021-11-08T19:15:58Z
AvvY6KDq6L2Gm7XKs,hDiBWcbJcoXC8viPd,rMFK4T5wzumu8iwh7,LEbhHwSKjJKxbibEC,qut2gSoeDRYEJhzAn,iBNEbA9ZNacrZ97qL,2021-11-08T19:14:41Z,2021-11-08T19:15:58Z
rdug8yZeFmm4BdAKs,hDiBWcbJcoXC8viPd,m5hyD6u7arfKCWZ2h,45H7nSu3hQgS85Lyw,qut2gSoeDRYEJhzAn,iBNEbA9ZNacrZ97qL,2021-11-08T19:14:41Z,
JG6tNyyFSmzYJWfkP,hDiBWcbJcoXC8viPd,rMFK4T5wzumu8iwh7,45H7nSu3hQgS85Lyw,qut2gSoeDRYEJhzAn,iBNEbA9ZNacrZ97qL,2021-11-08T19:14:41Z,
rGJ4xoeGYezw7YEGa,hDiBWcbJcoXC8viPd,m5hyD6u7arfKCWZ2h,m2tkBoSLt59mLcLaM,i47yyk3kSsfGWpKGM,iBNEbA9ZNacrZ97qL,2021-11-08T19:14:41Z,2021-11-08T19:16:08Z
4EXTTF9BF8TxWwLTN,hDiBWcbJcoXC8viPd,rMFK4T5wzumu8iwh7,m2tkBoSLt59mLcLaM,i47yyk3kSsfGWpKGM,iBNEbA9ZNacrZ97qL,2021-11-08T19:14:41Z,2021-11-08T19:16:10Z
uvMijYSWRkeaN8wH8,hDiBWcbJcoXC8viPd,m5hyD6u7arfKCWZ2h,xEq9SQtYMQLvMtZiR,i47yyk3kSsfGWpKGM,iBNEbA9ZNacrZ97qL,2021-11-08T19:14:41Z,
Q45hajb8SfRs4pjAt,hDiBWcbJcoXC8viPd,rMFK4T5wzumu8iwh7,xEq9SQtYMQLvMtZiR,i47yyk3kSsfGWpKGM,iBNEbA9ZNacrZ97qL,2021-11-08T19:14:41Z,
Ao4vG3WDG5HSzkthN,hDiBWcbJcoXC8viPd,m5hyD6u7arfKCWZ2h,KqFWHEyhjMBhEsCSz,bHhnBuXRJZFwA93mk,iBNEbA9ZNacrZ97qL,2021-11-08T19:14:41Z,2021-11-08T19:16:23Z
qLRxvBymityoahyPc,hDiBWcbJcoXC8viPd,rMFK4T5wzumu8iwh7,KqFWHEyhjMBhEsCSz,bHhnBuXRJZFwA93mk,iBNEbA9ZNacrZ97qL,2021-11-08T19:14:41Z,2021-11-08T19:16:19Z
GyGp9wdLLhfJ9CJrE,hDiBWcbJcoXC8viPd,m5hyD6u7arfKCWZ2h,F5RZAuovzrjps6s37,bHhnBuXRJZFwA93mk,iBNEbA9ZNacrZ97qL,2021-11-08T19:14:41Z,
a5vLqJPLgyx2ye9wD,hDiBWcbJcoXC8viPd,rMFK4T5wzumu8iwh7,F5RZAuovzrjps6s37,bHhnBuXRJZFwA93mk,iBNEbA9ZNacrZ97qL,2021-11-08T19:14:41Z,
PWjp34ESRTM5CpDLG,hDiBWcbJcoXC8viPd,m5hyD6u7arfKCWZ2h,i3JqRm5EDJ7cNtu8M,gMepK4tvZmjKKJRMh,iBNEbA9ZNacrZ97qL,2021-11-08T19:14:41Z,2021-11-08T19:16:33Z
8cRXXmA8PnfW64FNf,hDiBWcbJcoXC8viPd,rMFK4T5wzumu8iwh7,i3JqRm5EDJ7cNtu8M,gMepK4tvZmjKKJRMh,iBNEbA9ZNacrZ97qL,2021-11-08T19:14:41Z,2021-11-08T19:16:32Z
2qK5JzuLyfT9YodQy,hDiBWcbJcoXC8viPd,m5hyD6u7arfKCWZ2h,CaMEZCGsBb7CwTZfK,gMepK4tvZmjKKJRMh,iBNEbA9ZNacrZ97qL,2021-11-08T19:14:41Z,
5LxrNMpGgEAGTsZNt,hDiBWcbJcoXC8viPd,rMFK4T5wzumu8iwh7,CaMEZCGsBb7CwTZfK,gMepK4tvZmjKKJRMh,iBNEbA9ZNacrZ97qL,2021-11-08T19:14:41Z,
icHwRzWcCtLsXM74G,hDiBWcbJcoXC8viPd,m5hyD6u7arfKCWZ2h,eWh5cDgNbR7ANW77Z,GPxuXMaCxzXTbZhL6,iBNEbA9ZNacrZ97qL,2021-11-08T19:14:41Z,2021-11-08T19:16:43Z
2b9Zss8SDuJf3nj3h,hDiBWcbJcoXC8viPd,rMFK4T5wzumu8iwh7,eWh5cDgNbR7ANW77Z,GPxuXMaCxzXTbZhL6,iBNEbA9ZNacrZ97qL,2021-11-08T19:14:41Z,2021-11-08T19:16:45Z
5T7dTtAeunGKHJmuX,hDiBWcbJcoXC8viPd,m5hyD6u7arfKCWZ2h,KBj3mqowugEpW4NvX,GPxuXMaCxzXTbZhL6,iBNEbA9ZNacrZ97qL,2021-11-08T19:14:41Z,
Wryd4FzyobGPTqoDM,hDiBWcbJcoXC8viPd,rMFK4T5wzumu8iwh7,KBj3mqowugEpW4NvX,GPxuXMaCxzXTbZhL6,iBNEbA9ZNacrZ97qL,2021-11-08T19:14:41Z,
JLfGXPtjHauYtWF5A,hDiBWcbJcoXC8viPd,m5hyD6u7arfKCWZ2h,2mQ8xyv6DFRhsECew,KiTP6nZmgC3y5M8Q9,iBNEbA9ZNacrZ97qL,2021-11-08T19:14:41Z,2021-11-08T19:16:56Z
NruRYgETG2vksDxEi,hDiBWcbJcoXC8viPd,rMFK4T5wzumu8iwh7,2mQ8xyv6DFRhsECew,KiTP6nZmgC3y5M8Q9,iBNEbA9ZNacrZ97qL,2021-11-08T19:14:41Z,2021-11-08T19:16:56Z
afAQbsSCWydGjuvZm,hDiBWcbJcoXC8viPd,m5hyD6u7arfKCWZ2h,TaddanyRC3GaopFnz,KiTP6nZmgC3y5M8Q9,iBNEbA9ZNacrZ97qL,2021-11-08T19:14:41Z,
CZxqMjNEmNKL5K6cc,hDiBWcbJcoXC8viPd,rMFK4T5wzumu8iwh7,TaddanyRC3GaopFnz,KiTP6nZmgC3y5M8Q9,iBNEbA9ZNacrZ97qL,2021-11-08T19:14:41Z,
CgSRXSQ6jWD6SdGCG,hDiBWcbJcoXC8viPd,m5hyD6u7arfKCWZ2h,2WvwELPa2jQdmkmZE,SigpQiZ36pwoKLM5o,iBNEbA9ZNacrZ97qL,2021-11-08T19:14:41Z,2021-11-08T19:17:05Z
DLJ4Wchok7k43yeQ7,hDiBWcbJcoXC8viPd,rMFK4T5wzumu8iwh7,2WvwELPa2jQdmkmZE,SigpQiZ36pwoKLM5o,iBNEbA9ZNacrZ97qL,2021-11-08T19:14:41Z,2021-11-08T19:17:07Z
zAdSwAQG3wk8TPa2p,hDiBWcbJcoXC8viPd,m5hyD6u7arfKCWZ2h,paT5yKhJFpaC7uRji,SigpQiZ36pwoKLM5o,iBNEbA9ZNacrZ97qL,2021-11-08T19:14:41Z,
iAcnaCxP7DtZRQHxm,hDiBWcbJcoXC8viPd,rMFK4T5wzumu8iwh7,paT5yKhJFpaC7uRji,SigpQiZ36pwoKLM5o,iBNEbA9ZNacrZ97qL,2021-11-08T19:14:41Z,
L37FR4y5QaJYG6jeM,hDiBWcbJcoXC8viPd,m5hyD6u7arfKCWZ2h,2ha3QRi2QLf7F5ba7,F5qzaRu9eSbfHTqfD,iBNEbA9ZNacrZ97qL,2021-11-08T19:14:41Z,2021-11-08T19:17:18Z
4TogixhzMfn59349u,hDiBWcbJcoXC8viPd,rMFK4T5wzumu8iwh7,2ha3QRi2QLf7F5ba7,F5qzaRu9eSbfHTqfD,iBNEbA9ZNacrZ97qL,2021-11-08T19:14:41Z,2021-11-08T19:17:15Z
ktiaftgpN7RfQshpw,hDiBWcbJcoXC8viPd,m5hyD6u7arfKCWZ2h,7ZusGwimhaXqAAAta,F5qzaRu9eSbfHTqfD,iBNEbA9ZNacrZ97qL,2021-11-08T19:14:41Z,
QPFjSN5PtntKPSyfS,hDiBWcbJcoXC8viPd,rMFK4T5wzumu8iwh7,7ZusGwimhaXqAAAta,F5qzaRu9eSbfHTqfD,iBNEbA9ZNacrZ97qL,2021-11-08T19:14:41Z,
yB3XkTt7G7dQw8WCx,hDiBWcbJcoXC8viPd,m5hyD6u7arfKCWZ2h,ve3mLxtFFjZQyNE2F,xxKHdcj5zznZazYc3,iBNEbA9ZNacrZ97qL,2021-11-08T19:14:41Z,2021-11-08T19:17:28Z
GBn5b3RNQQNyNySXa,hDiBWcbJcoXC8viPd,rMFK4T5wzumu8iwh7,ve3mLxtFFjZQyNE2F,xxKHdcj5zznZazYc3,iBNEbA9ZNacrZ97qL,2021-11-08T19:14:41Z,2021-11-08T19:17:27Z
pJXJmdp7kXWbhh3bY,hDiBWcbJcoXC8viPd,m5hyD6u7arfKCWZ2h,b8shukAWdtKNyZuqi,xxKHdcj5zznZazYc3,iBNEbA9ZNacrZ97qL,2021-11-08T19:14:41Z,
EtfjPgBg7zyBvTPR9,hDiBWcbJcoXC8viPd,rMFK4T5wzumu8iwh7,b8shukAWdtKNyZuqi,xxKHdcj5zznZazYc3,iBNEbA9ZNacrZ97qL,2021-11-08T19:14:41Z,
6d6jevRC5pwZ85MSB,hDiBWcbJcoXC8viPd,m5hyD6u7arfKCWZ2h,QPYevuzMZ55EgFpvY,z8pWR47zF3doDDsna,iBNEbA9ZNacrZ97qL,2021-11-08T19:14:41Z,2021-11-08T19:17:39Z
GP2mDZgWZqZyjpbP3,hDiBWcbJcoXC8viPd,rMFK4T5wzumu8iwh7,QPYevuzMZ55EgFpvY,z8pWR47zF3doDDsna,iBNEbA9ZNacrZ97qL,2021-11-08T19:14:41Z,2021-11-08T19:17:36Z
7ZaxyQoSPYCydE5kX,hDiBWcbJcoXC8viPd,m5hyD6u7arfKCWZ2h,xZmL5iwmAT7wHGowa,z8pWR47zF3doDDsna,iBNEbA9ZNacrZ97qL,2021-11-08T19:14:41Z,
YYT8ywG6FayjYycd5,hDiBWcbJcoXC8viPd,rMFK4T5wzumu8iwh7,xZmL5iwmAT7wHGowa,z8pWR47zF3doDDsna,iBNEbA9ZNacrZ97qL,2021-11-08T19:14:41Z,
Kvr7NDAcxDojgty3C,hDiBWcbJcoXC8viPd,m5hyD6u7arfKCWZ2h,3fbukNsMi4jmhNsdt,6YQu36dbtueKgWuCv,iBNEbA9ZNacrZ97qL,2021-11-08T19:14:41Z,2021-11-08T19:17:50Z
5CWRRKfuajmrkdCCu,hDiBWcbJcoXC8viPd,rMFK4T5wzumu8iwh7,3fbukNsMi4jmhNsdt,6YQu36dbtueKgWuCv,iBNEbA9ZNacrZ97qL,2021-11-08T19:14:41Z,2021-11-08T19:17:50Z
a7rbxAb9auiL8Hkvn,hDiBWcbJcoXC8viPd,m5hyD6u7arfKCWZ2h,phzaENr7yjFXPDWET,6YQu36dbtueKgWuCv,iBNEbA9ZNacrZ97qL,2021-11-08T19:14:41Z,
fdd3cBqWTpGpjQkSn,hDiBWcbJcoXC8viPd,rMFK4T5wzumu8iwh7,phzaENr7yjFXPDWET,6YQu36dbtueKgWuCv,iBNEbA9ZNacrZ97qL,2021-11-08T19:14:41Z,
dZzEj7BTpMbenpZmJ,hDiBWcbJcoXC8viPd,m5hyD6u7arfKCWZ2h,C5hqAxXaBLi2MoLiD,7w89ukMnKSY9GpENs,iBNEbA9ZNacrZ97qL,2021-11-08T19:14:41Z,2021-11-08T19:18:00Z
zmS5Jug9wbJeWnwtA,hDiBWcbJcoXC8viPd,rMFK4T5wzumu8iwh7,C5hqAxXaBLi2MoLiD,7w89ukMnKSY9GpENs,iBNEbA9ZNacrZ97qL,2021-11-08T19:14:41Z,2021-11-08T19:17:59Z
KFGFApK4e7qMRgGuS,hDiBWcbJcoXC8viPd,m5hyD6u7arfKCWZ2h,FHtYgXZc3LatkaoQ7,7w89ukMnKSY9GpENs,iBNEbA9ZNacrZ97qL,2021-11-08T19:14:41Z,
CJKDfuY7gKtmLk5Xr,hDiBWcbJcoXC8viPd,rMFK4T5wzumu8iwh7,FHtYgXZc3LatkaoQ7,7w89ukMnKSY9GpENs,iBNEbA9ZNacrZ97qL,2021-11-08T19:14:41Z,
Pne5XWRcEc8XQQ5KJ,hDiBWcbJcoXC8viPd,m5hyD6u7arfKCWZ2h,xGMC7dhZtigpv69DW,e2oSzHgwzcDgSSmeQ,iBNEbA9ZNacrZ97qL,2021-11-08T19:14:41Z,2021-11-08T19:18:10Z
EWccNv2LNiwzyfdjZ,hDiBWcbJcoXC8viPd,rMFK4T5wzumu8iwh7,xGMC7dhZtigpv69DW,e2oSzHgwzcDgSSmeQ,iBNEbA9ZNacrZ97qL,2021-11-08T19:14:41Z,2021-11-08T19:18:08Z
trJKF5zYfodAnNzPg,hDiBWcbJcoXC8viPd,m5hyD6u7arfKCWZ2h,EKx3EfizyFrkyio4b,e2oSzHgwzcDgSSmeQ,iBNEbA9ZNacrZ97qL,2021-11-08T19:14:41Z,
TjhHZh5W8wAwF7ooQ,hDiBWcbJcoXC8viPd,rMFK4T5wzumu8iwh7,EKx3EfizyFrkyio4b,e2oSzHgwzcDgSSmeQ,iBNEbA9ZNacrZ97qL,2021-11-08T19:14:41Z,
65vYWTMjkcNmzwZuT,hDiBWcbJcoXC8viPd,m5hyD6u7arfKCWZ2h,zREZkoMCRvxvAuByD,KEKWLqa4CmHYfsmha,iBNEbA9ZNacrZ97qL,2021-11-08T19:14:41Z,2021-11-08T19:18:20Z
eaBPvNMk5ZFZeHc6r,hDiBWcbJcoXC8viPd,rMFK4T5wzumu8iwh7,zREZkoMCRvxvAuByD,KEKWLqa4CmHYfsmha,iBNEbA9ZNacrZ97qL,2021-11-08T19:14:41Z,2021-11-08T19:18:20Z
66YnompfnKecF3PQY,hDiBWcbJcoXC8viPd,m5hyD6u7arfKCWZ2h,NJRjmvGJrsT3ST4Ab,KEKWLqa4CmHYfsmha,iBNEbA9ZNacrZ97qL,2021-11-08T19:14:41Z,
RDxtw96gEvx2nsN7H,hDiBWcbJcoXC8viPd,rMFK4T5wzumu8iwh7,NJRjmvGJrsT3ST4Ab,KEKWLqa4CmHYfsmha,iBNEbA9ZNacrZ97qL,2021-11-08T19:14:41Z,
rjdfftfMMxyhyBKfz,hDiBWcbJcoXC8viPd,m5hyD6u7arfKCWZ2h,MGLbMTKAhbzmCjBoe,6px68To7sStbYMuHc,iBNEbA9ZNacrZ97qL,2021-11-08T19:14:41Z,2021-11-08T19:18:28Z
AD7oJgChpiXX8bg6c,hDiBWcbJcoXC8viPd,rMFK4T5wzumu8iwh7,MGLbMTKAhbzmCjBoe,6px68To7sStbYMuHc,iBNEbA9ZNacrZ97qL,2021-11-08T19:14:41Z,2021-11-08T19:18:28Z
WBBYizyvuEKpxsLeH,hDiBWcbJcoXC8viPd,m5hyD6u7arfKCWZ2h,m9cKRpvPfwckGnoFW,6px68To7sStbYMuHc,iBNEbA9ZNacrZ97qL,2021-11-08T19:14:41Z,
pieX58DAwFWEzWciN,hDiBWcbJcoXC8viPd,rMFK4T5wzumu8iwh7,m9cKRpvPfwckGnoFW,6px68To7sStbYMuHc,iBNEbA9ZNacrZ97qL,2021-11-08T19:14:41Z,
E7Dz4iq7hsjELBrqS,hDiBWcbJcoXC8viPd,m5hyD6u7arfKCWZ2h,Ck62Fec4witbp4W3F,JNPfSqdMD2qZ7tG4m,iBNEbA9ZNacrZ97qL,2021-11-08T19:14:41Z,2021-11-08T19:18:38Z
uWyYgpe86t7EJpNo9,hDiBWcbJcoXC8viPd,rMFK4T5wzumu8iwh7,Ck62Fec4witbp4W3F,JNPfSqdMD2qZ7tG4m,iBNEbA9ZNacrZ97qL,2021-11-08T19:14:41Z,2021-11-08T19:18:39Z
e68cRRZ9vMMjou5Pb,hDiBWcbJcoXC8viPd,m5hyD6u7arfKCWZ2h,PWdmoPHj6CWeeWJZ9,JNPfSqdMD2qZ7tG4m,iBNEbA9ZNacrZ97qL,2021-11-08T19:14:41Z,
JJtWS7gyQWoFk9C8E,hDiBWcbJcoXC8viPd,rMFK4T5wzumu8iwh7,PWdmoPHj6CWeeWJZ9,JNPfSqdMD2qZ7tG4m,iBNEbA9ZNacrZ97qL,2021-11-08T19:14:41Z,
3G7EagGFhhdErHqJr,z6CcrDMY3isWGz47w,Ew2Y7JzcqPu7Zb9P9,rdPqwwgrsHJtjR4Fv,6hLwTxx8FNAMD8HEy,hX4iCqsQSa2GCa4DS,2021-11-08T19:15:08Z,2021-11-08T19:15:16Z
DwQBXrqgKMxEXm3un,z6CcrDMY3isWGz47w,YFN2b7aXAu9NEFvLC,rdPqwwgrsHJtjR4Fv,6hLwTxx8FNAMD8HEy,hX4iCqsQSa2GCa4DS,2021-11-08T19:15:08Z,2021-11-08T19:15:23Z
5mMNRNXoDjmbxs3ER,z6CcrDMY3isWGz47w,Ew2Y7JzcqPu7Zb9P9,Xuib4fR6borHCb3q7,6hLwTxx8FNAMD8HEy,hX4iCqsQSa2GCa4DS,2021-11-08T19:15:08Z,
HfLbFepjEXE2gXnnk,z6CcrDMY3isWGz47w,YFN2b7aXAu9NEFvLC,Xuib4fR6borHCb3q7,6hLwTxx8FNAMD8HEy,hX4iCqsQSa2GCa4DS,2021-11-08T19:15:08Z,
QuRo9KRGgP4eBqwK3,z6CcrDMY3isWGz47w,Ew2Y7JzcqPu7Zb9P9,YC7tyGbK4R5fSsoXb,hvDHS6A36kAntt4Ea,hX4iCqsQSa2GCa4DS,2021-11-08T19:15:08Z,2021-11-08T19:15:32Z
FBWBC6WsjQfMDGhWv,z6CcrDMY3isWGz47w,YFN2b7aXAu9NEFvLC,YC7tyGbK4R5fSsoXb,hvDHS6A36kAntt4Ea,hX4iCqsQSa2GCa4DS,2021-11-08T19:15:08Z,2021-11-08T19:15:40Z
uyMTH43dzqaAjwhji,z6CcrDMY3isWGz47w,Ew2Y7JzcqPu7Zb9P9,MHc89JHGGh3ntWnBw,hvDHS6A36kAntt4Ea,hX4iCqsQSa2GCa4DS,2021-11-08T19:15:08Z,
5LyRJRGxP6qsrWtC3,z6CcrDMY3isWGz47w,YFN2b7aXAu9NEFvLC,MHc89JHGGh3ntWnBw,hvDHS6A36kAntt4Ea,hX4iCqsQSa2GCa4DS,2021-11-08T19:15:08Z,
nwMch6qRQbKeJ8HQN,z6CcrDMY3isWGz47w,Ew2Y7JzcqPu7Zb9P9,FiB2ZQTrcJqW969o6,eZpmDDwgAYixiFSzG,hX4iCqsQSa2GCa4DS,2021-11-08T19:15:08Z,2021-11-08T19:15:49Z
r4WDLevjRA8Ft3wPb,z6CcrDMY3isWGz47w,YFN2b7aXAu9NEFvLC,FiB2ZQTrcJqW969o6,eZpmDDwgAYixiFSzG,hX4iCqsQSa2GCa4DS,2021-11-08T19:15:08Z,2021-11-08T19:15:54Z
e8B4pL8gHGpSdCZD2,z6CcrDMY3isWGz47w,Ew2Y7JzcqPu7Zb9P9,Q44pgyQL54CLe2QWQ,eZpmDDwgAYixiFSzG,hX4iCqsQSa2GCa4DS,2021-11-08T19:15:08Z,
wHoS2HHt5YSosw4NH,z6CcrDMY3isWGz47w,YFN2b7aXAu9NEFvLC,Q44pgyQL54CLe2QWQ,eZpmDDwgAYixiFSzG,hX4iCqsQSa2GCa4DS,2021-11-08T19:15:08Z,
6mwMZCFgLopH7SSvk,z6CcrDMY3isWGz47w,Ew2Y7JzcqPu7Zb9P9,RkEF5PuPTo9ikGZaF,htuztMCzuyg53Hp5c,hX4iCqsQSa2GCa4DS,2021-11-08T19:15:08Z,2021-11-08T19:16:03Z
dmdAv84jCprwfqDxG,z6CcrDMY3isWGz47w,YFN2b7aXAu9NEFvLC,RkEF5PuPTo9ikGZaF,htuztMCzuyg53Hp5c,hX4iCqsQSa2GCa4DS,2021-11-08T19:15:08Z,2021-11-08T19:16:10Z
RuZhQc69QRppQxkCC,z6CcrDMY3isWGz47w,Ew2Y7JzcqPu7Zb9P9,wKg3BisP8D9kQqQKL,htuztMCzuyg53Hp5c,hX4iCqsQSa2GCa4DS,2021-11-08T19:15:08Z,
3f64GexAp8swY7jFd,z6CcrDMY3isWGz47w,YFN2b7aXAu9NEFvLC,wKg3BisP8D9kQqQKL,htuztMCzuyg53Hp5c,hX4iCqsQSa2GCa4DS,2021-11-08T19:15:08Z,
erRTx5o4Sfmf4ku3y,z6CcrDMY3isWGz47w,Ew2Y7JzcqPu7Zb9P9,XpnZa7D6hDJzesz4T,tC3Ste6YeskoYrvtq,hX4iCqsQSa2GCa4DS,2021-11-08T19:15:08Z,2021-11-08T19:16:18Z
7ZisuCqSqW6jopASW,z6CcrDMY3isWGz47w,YFN2b7aXAu9NEFvLC,XpnZa7D6hDJzesz4T,tC3Ste6YeskoYrvtq,hX4iCqsQSa2GCa4DS,2021-11-08T19:15:08Z,2021-11-08T19:16:21Z
nC8tmbpHsg6QN53E8,z6CcrDMY3isWGz47w,Ew2Y7JzcqPu7Zb9P9,ro8R4CxMbKmdY34RB,tC3Ste6YeskoYrvtq,hX4iCqsQSa2GCa4DS,2021-11-08T19:15:08Z,
FZSWjPevXQKJ6tkf3,z6CcrDMY3isWGz47w,YFN2b7aXAu9NEFvLC,ro8R4CxMbKmdY34RB,tC3Ste6YeskoYrvtq,hX4iCqsQSa2GCa4DS,2021-11-08T19:15:08Z,
en7PXW5AtHxxJzawR,z6CcrDMY3isWGz47w,Ew2Y7JzcqPu7Zb9P9,JvMFhDceYiREYqBr5,QAHDw6F9whRCpCdo2,hX4iCqsQSa2GCa4DS,2021-11-08T19:15:08Z,2021-11-08T19:16:32Z
jF58wGZHJx7mrYuuZ,z6CcrDMY3isWGz47w,YFN2b7aXAu9NEFvLC,JvMFhDceYiREYqBr5,QAHDw6F9whRCpCdo2,hX4iCqsQSa2GCa4DS,2021-11-08T19:15:08Z,2021-11-08T19:16:50Z
ted8FidWidyS39AD2,z6CcrDMY3isWGz47w,Ew2Y7JzcqPu7Zb9P9,cngsRq5NMozsiWLFt,QAHDw6F9whRCpCdo2,hX4iCqsQSa2GCa4DS,2021-11-08T19:15:08Z,
B4y34EqRDSPjJAbod,z6CcrDMY3isWGz47w,YFN2b7aXAu9NEFvLC,cngsRq5NMozsiWLFt,QAHDw6F9whRCpCdo2,hX4iCqsQSa2GCa4DS,2021-11-08T19:15:08Z,
kAD4t52wT9NNDg2AZ,z6CcrDMY3isWGz47w,Ew2Y7JzcqPu7Zb9P9,bAj6zL888PpSbHC9J,WAboBzsPPedfq6qz5,hX4iCqsQSa2GCa4DS,2021-11-08T19:15:08Z,2021-11-08T19:17:00Z
6jYeKv3Nh9Myi6t36,z6CcrDMY3isWGz47w,YFN2b7aXAu9NEFvLC,bAj6zL888PpSbHC9J,WAboBzsPPedfq6qz5,hX4iCqsQSa2GCa4DS,2021-11-08T19:15:08Z,2021-11-08T19:17:11Z
qyrJqhuM6BX4Aqu7X,z6CcrDMY3isWGz47w,Ew2Y7JzcqPu7Zb9P9,G6rm7RPYJ7k4EokJ4,WAboBzsPPedfq6qz5,hX4iCqsQSa2GCa4DS,2021-11-08T19:15:08Z,
i9sA45YN3CSguXaFQ,z6CcrDMY3isWGz47w,YFN2b7aXAu9NEFvLC,G6rm7RPYJ7k4EokJ4,WAboBzsPPedfq6qz5,hX4iCqsQSa2GCa4DS,2021-11-08T19:15:08Z,
XEfveWqFZYm75gdh6,z6CcrDMY3isWGz47w,Ew2Y7JzcqPu7Zb9P9,9w2SnHxw6gxmQDFwr,4SvJwFFs5R2AQBkKM,hX4iCqsQSa2GCa4DS,2021-11-08T19:15:08Z,2021-11-08T19:17:23Z
k9hoM4NWokFdjyF4e,z6CcrDMY3isWGz47w,YFN2b7aXAu9NEFvLC,9w2SnHxw6gxmQDFwr,4SvJwFFs5R2AQBkKM,hX4iCqsQSa2GCa4DS,2021-11-08T19:15:08Z,2021-11-08T19:17:29Z
47ChxdFYM5utXm47T,z6CcrDMY3isWGz47w,Ew2Y7JzcqPu7Zb9P9,58P7arfSp3jfv4sxW,4SvJwFFs5R2AQBkKM,hX4iCqsQSa2GCa4DS,2021-11-08T19:15:08Z,
YiD3BZjZYZT4d3wwC,z6CcrDMY3isWGz47w,YFN2b7aXAu9NEFvLC,58P7arfSp3jfv4sxW,4SvJwFFs5R2AQBkKM,hX4iCqsQSa2GCa4DS,2021-11-08T19:15:08Z,
22hT7PzBCxxohrojD,z6CcrDMY3isWGz47w,Ew2Y7JzcqPu7Zb9P9,2GxteTMouZxHGXok4,KsM8Jk4LdXfAKnixQ,hX4iCqsQSa2GCa4DS,2021-11-08T19:15:08Z,2021-11-08T19:17:44Z
Fswi4zfG2NGfi4xwX,z6CcrDMY3isWGz47w,YFN2b7aXAu9NEFvLC,2GxteTMouZxHGXok4,KsM8Jk4LdXfAKnixQ,hX4iCqsQSa2GCa4DS,2021-11-08T19:15:08Z,2021-11-08T19:17:46Z
cJAuqtRNTbBfSMoyz,z6CcrDMY3isWGz47w,Ew2Y7JzcqPu7Zb9P9,8JYqMRsWhXBnGykFw,KsM8Jk4LdXfAKnixQ,hX4iCqsQSa2GCa4DS,2021-11-08T19:15:08Z,
WEvE8PtPFRR6fY7qg,z6CcrDMY3isWGz47w,YFN2b7aXAu9NEFvLC,8JYqMRsWhXBnGykFw,KsM8Jk4LdXfAKnixQ,hX4iCqsQSa2GCa4DS,2021-11-08T19:15:08Z,
nyZcLkRDtYXCc56Kj,z6CcrDMY3isWGz47w,Ew2Y7JzcqPu7Zb9P9,yT9SrWGSfGh2imEQW,vWFsF6GhFjeazQYNo,hX4iCqsQSa2GCa4DS,2021-11-08T19:15:08Z,2021-11-08T19:17:54Z
WM5g9GY3GSCztjdAK,z6CcrDMY3isWGz47w,YFN2b7aXAu9NEFvLC,yT9SrWGSfGh2imEQW,vWFsF6GhFjeazQYNo,hX4iCqsQSa2GCa4DS,2021-11-08T19:15:08Z,2021-11-08T19:18:03Z
MDoFz2k96bMxMhhCT,z6CcrDMY3isWGz47w,Ew2Y7JzcqPu7Zb9P9,Xqyv96utpkNTxPTQZ,vWFsF6GhFjeazQYNo,hX4iCqsQSa2GCa4DS,2021-11-08T19:15:08Z,
bR8t4BeCZgJnjBxnu,z6CcrDMY3isWGz47w,YFN2b7aXAu9NEFvLC,Xqyv96utpkNTxPTQZ,vWFsF6GhFjeazQYNo,hX4iCqsQSa2GCa4DS,2021-11-08T19:15:08Z,
xobZwmroBnSLLTAMG,z6CcrDMY3isWGz47w,Ew2Y7JzcqPu7Zb9P9,tbB3xk6GN8Qs5ToJq,kkbDtsHzhDemkawzE,hX4iCqsQSa2GCa4DS,2021-11-08T19:15:08Z,2021-11-08T19:18:15Z
5ni3RvxpfPWKSegJp,z6CcrDMY3isWGz47w,YFN2b7aXAu9NEFvLC,tbB3xk6GN8Qs5ToJq,kkbDtsHzhDemkawzE,hX4iCqsQSa2GCa4DS,2021-11-08T19:15:08Z,2021-11-08T19:18:19Z
5JFEjkj7i8HbgZzRB,z6CcrDMY3isWGz47w,Ew2Y7JzcqPu7Zb9P9,MrkHqqk4cQqKLX7Bj,kkbDtsHzhDemkawzE,hX4iCqsQSa2GCa4DS,2021-11-08T19:15:08Z,
zia76soXtFQ73FjKp,z6CcrDMY3isWGz47w,YFN2b7aXAu9NEFvLC,MrkHqqk4cQqKLX7Bj,kkbDtsHzhDemkawzE,hX4iCqsQSa2GCa4DS,2021-11-08T19:15:08Z,
T48BNnuju6keBaQmw,z6CcrDMY3isWGz47w,Ew2Y7JzcqPu7Zb9P9,hKftRdjktm8CpnC4b,KrW3n79NwteYheakJ,hX4iCqsQSa2GCa4DS,2021-11-08T19:15:08Z,2021-11-08T19:18:33Z
2iuCz5jx8TYGoq9Cw,z6CcrDMY3isWGz47w,YFN2b7aXAu9NEFvLC,hKftRdjktm8CpnC4b,KrW3n79NwteYheakJ,hX4iCqsQSa2GCa4DS,2021-11-08T19:15:08Z,2021-11-08T19:18:40Z
F82mQW7qjBtZ2rvu7,z6CcrDMY3isWGz47w,Ew2Y7JzcqPu7Zb9P9,TatGKB7YNP5T2A3By,KrW3n79NwteYheakJ,hX4iCqsQSa2GCa4DS,2021-11-08T19:15:08Z,
vmyHLBLjhbhrjKf4y,z6CcrDMY3isWGz47w,YFN2b7aXAu9NEFvLC,TatGKB7YNP5T2A3By,KrW3n79NwteYheakJ,hX4iCqsQSa2GCa4DS,2021-11-08T19:15:08Z,
HbRtiy6B2Dg96fJo9,z6CcrDMY3isWGz47w,Ew2Y7JzcqPu7Zb9P9,A8nigHzojSywpeNBP,BeJeSXuRW8FAogLSd,hX4iCqsQSa2GCa4DS,2021-11-08T19:15:08Z,2021-11-08T19:18:54Z
5PNjZu85pkF9SDHxk,z6CcrDMY3isWGz47w,YFN2b7aXAu9NEFvLC,A8nigHzojSywpeNBP,BeJeSXuRW8FAogLSd,hX4iCqsQSa2GCa4DS,2021-11-08T19:15:08Z,2021-11-08T19:18:57Z
aFmvHmwnqv8oYn4Fe,z6CcrDMY3isWGz47w,Ew2Y7JzcqPu7Zb9P9,6XZXSJq3p8hbm8rXH,BeJeSXuRW8FAogLSd,hX4iCqsQSa2GCa4DS,2021-11-08T19:15:08Z,
948S8hXsXYSJhxGm5,z6CcrDMY3isWGz47w,YFN2b7aXAu9NEFvLC,6XZXSJq3p8hbm8rXH,BeJeSXuRW8FAogLSd,hX4iCqsQSa2GCa4DS,2021-11-08T19:15:08Z,
Ej8EfW7yFfgnrXwP9,z6CcrDMY3isWGz47w,Ew2Y7JzcqPu7Zb9P9,gopFuTFDSXz6qduSs,FD4vJXRdoy3T53gEf,hX4iCqsQSa2GCa4DS,2021-11-08T19:15:08Z,2021-11-08T19:19:09Z
wtWpcteDSsxH5bEyt,z6CcrDMY3isWGz47w,YFN2b7aXAu9NEFvLC,gopFuTFDSXz6qduSs,FD4vJXRdoy3T53gEf,hX4iCqsQSa2GCa4DS,2021-11-08T19:15:08Z,2021-11-08T19:19:12Z
MrwCvmgCLcsgn6eWf,z6CcrDMY3isWGz47w,Ew2Y7JzcqPu7Zb9P9,gydqZoSDt78XShP3q,FD4vJXRdoy3T53gEf,hX4iCqsQSa2GCa4DS,2021-11-08T19:15:08Z,
mPbBmuuQwPc6yyWfT,z6CcrDMY3isWGz47w,YFN2b7aXAu9NEFvLC,gydqZoSDt78XShP3q,FD4vJXRdoy3T53gEf,hX4iCqsQSa2GCa4DS,2021-11-08T19:15:08Z,
A8iKiK8iXhdCChTRr,z6CcrDMY3isWGz47w,Ew2Y7JzcqPu7Zb9P9,squnscjmx7gZNjP83,RrrkPvvdkFjy7tErT,hX4iCqsQSa2GCa4DS,2021-11-08T19:15:08Z,2021-11-08T19:19:25Z
7xBrHsbdxJmGxAM84,z6CcrDMY3isWGz47w,YFN2b7aXAu9NEFvLC,squnscjmx7gZNjP83,RrrkPvvdkFjy7tErT,hX4iCqsQSa2GCa4DS,2021-11-08T19:15:08Z,2021-11-08T19:19:26Z
8NEBYYqBv6mcyizkY,z6CcrDMY3isWGz47w,Ew2Y7JzcqPu7Zb9P9,ehRSrLXe7ofgAxcQy,RrrkPvvdkFjy7tErT,hX4iCqsQSa2GCa4DS,2021-11-08T19:15:08Z,
Q6GRKfhvJXTT3CWSc,z6CcrDMY3isWGz47w,YFN2b7aXAu9NEFvLC,ehRSrLXe7ofgAxcQy,RrrkPvvdkFjy7tErT,hX4iCqsQSa2GCa4DS,2021-11-08T19:15:08Z,
X7nBcxYwLXmpXbXwq,z6CcrDMY3isWGz47w,Ew2Y7JzcqPu7Zb9P9,puAXw9fNN66Ytdtxd,SyD3qvGr2TGmd6dj3,hX4iCqsQSa2GCa4DS,2021-11-08T19:15:08Z,2021-11-08T19:19:36Z
cF7r8mWSYisbPntYR,z6CcrDMY3isWGz47w,YFN2b7aXAu9NEFvLC,puAXw9fNN66Ytdtxd,SyD3qvGr2TGmd6dj3,hX4iCqsQSa2GCa4DS,2021-11-08T19:15:08Z,2021-11-08T19:19:45Z
naetwrcMBPkNAnsuE,z6CcrDMY3isWGz47w,Ew2Y7JzcqPu7Zb9P9,kSNg4JtrNyi8KWjAE,SyD3qvGr2TGmd6dj3,hX4iCqsQSa2GCa4DS,2021-11-08T19:15:08Z,
oaqabfmHv3x3Xfgvt,z6CcrDMY3isWGz47w,YFN2b7aXAu9NEFvLC,kSNg4JtrNyi8KWjAE,SyD3qvGr2TGmd6dj3,hX4iCqsQSa2GCa4DS,2021-11-08T19:15:08Z,
JTKKoCLzBZfHx59Eu,z6CcrDMY3isWGz47w,Ew2Y7JzcqPu7Zb9P9,pMNWjJ4E9ekQZNAq6,zRQsnryfCLx74EZSG,hX4iCqsQSa2GCa4DS,2021-11-08T19:15:08Z,2021-11-08T19:19:58Z
uDQGGTmAjwCWdA95x,z6CcrDMY3isWGz47w,YFN2b7aXAu9NEFvLC,pMNWjJ4E9ekQZNAq6,zRQsnryfCLx74EZSG,hX4iCqsQSa2GCa4DS,2021-11-08T19:15:08Z,2021-11-08T19:19:59Z
XyFj6zeWsqF4EYNaL,z6CcrDMY3isWGz47w,Ew2Y7JzcqPu7Zb9P9,ZMiJgRu3KZQ2MwaJr,zRQsnryfCLx74EZSG,hX4iCqsQSa2GCa4DS,2021-11-08T19:15:08Z,
tN77wRNTYyEZb6kCw,z6CcrDMY3isWGz47w,YFN2b7aXAu9NEFvLC,ZMiJgRu3KZQ2MwaJr,zRQsnryfCLx74EZSG,hX4iCqsQSa2GCa4DS,2021-11-08T19:15:08Z,
d4pfCk9NgMwhmvbfa,z6CcrDMY3isWGz47w,Ew2Y7JzcqPu7Zb9P9,ayTdWpRGHLzyvPAam,2486gWTTZhJ8hqnMg,hX4iCqsQSa2GCa4DS,2021-11-08T19:15:08Z,2021-11-08T19:20:13Z
hc6W8rxC33Dbp839P,z6CcrDMY3isWGz47w,YFN2b7aXAu9NEFvLC,ayTdWpRGHLzyvPAam,2486gWTTZhJ8hqnMg,hX4iCqsQSa2GCa4DS,2021-11-08T19:15:08Z,2021-11-08T19:20:13Z
vg6i6KxqaTNme5MPs,z6CcrDMY3isWGz47w,Ew2Y7JzcqPu7Zb9P9,GSZXs3RpeKW7eWvcv,2486gWTTZhJ8hqnMg,hX4iCqsQSa2GCa4DS,2021-11-08T19:15:08Z,
E9wHEEwRe5hLfjfk3,z6CcrDMY3isWGz47w,YFN2b7aXAu9NEFvLC,GSZXs3RpeKW7eWvcv,2486gWTTZhJ8hqnMg,hX4iCqsQSa2GCa4DS,2021-11-08T19:15:08Z,
f6XvtCJZ8QekWAbhT,z6CcrDMY3isWGz47w,Ew2Y7JzcqPu7Zb9P9,gQqAQZKEBY5LpPaux,zjzpA9b4pRQ84CQmd,hX4iCqsQSa2GCa4DS,2021-11-08T19:15:08Z,2021-11-08T19:20:30Z
3JTqBybWxfzyoidZv,z6CcrDMY3isWGz47w,YFN2b7aXAu9NEFvLC,gQqAQZKEBY5LpPaux,zjzpA9b4pRQ84CQmd,hX4iCqsQSa2GCa4DS,2021-11-08T19:15:08Z,2021-11-08T19:20:28Z
b4RnBhZsuHHSHK2ob,z6CcrDMY3isWGz47w,Ew2Y7JzcqPu7Zb9P9,2mAuHsmLsr5DxaJbH,zjzpA9b4pRQ84CQmd,hX4iCqsQSa2GCa4DS,2021-11-08T19:15:08Z,
sQhDLGY7TRkME4vq4,z6CcrDMY3isWGz47w,YFN2b7aXAu9NEFvLC,2mAuHsmLsr5DxaJbH,zjzpA9b4pRQ84CQmd,hX4iCqsQSa2GCa4DS,2021-11-08T19:15:08Z,
dwgdvdTKQfwbptyJi,z6CcrDMY3isWGz47w,Ew2Y7JzcqPu7Zb9P9,3BKFhKebaCADDbvKH,DSyNooGZii4ncBBFe,hX4iCqsQSa2GCa4DS,2021-11-08T19:15:08Z,2021-11-08T19:20:42Z
RZJ6AF7jpEFne4DZm,z6CcrDMY3isWGz47w,YFN2b7aXAu9NEFvLC,3BKFhKebaCADDbvKH,DSyNooGZii4ncBBFe,hX4iCqsQSa2GCa4DS,2021-11-08T19:15:08Z,2021-11-08T19:20:43Z
3bs9r3k2mzWL4tfAs,z6CcrDMY3isWGz47w,Ew2Y7JzcqPu7Zb9P9,YzBwQsF8Q4X4xFgrJ,DSyNooGZii4ncBBFe,hX4iCqsQSa2GCa4DS,2021-11-08T19:15:08Z,
9E7DKhF4WFd4EJgF3,z6CcrDMY3isWGz47w,YFN2b7aXAu9NEFvLC,YzBwQsF8Q4X4xFgrJ,DSyNooGZii4ncBBFe,hX4iCqsQSa2GCa4DS,2021-11-08T19:15:08Z,
