_id,gameId,AA.p1,AA.p2,AB.p1,AB.p2,BA.p1,BA.p2,BB.p1,BB.p2,repNum,playerId,response,time,box_A,box_B,role,AA,AB,BA,BB
qYNRWAkHFEghZ7hBw,2iyt5HqNWAyYtZvWc,7,7,0,9,9,0,3,3,0,DfhwRi77r89iZFEFD,A,9.094,aqua-crate,orange-crate,p1,7,0,9,3
xo2zBZ3F7JgoD9Ewe,2iyt5HqNWAyYtZvWc,5,5,0,7,7,0,4,4,1,DfhwRi77r89iZFEFD,B,2.567,crate,pink-crate,p1,5,0,7,4
Yx9MCZATGBmKP2eE4,2iyt5HqNWAyYtZvWc,5,5,0,6,6,0,1,1,2,DfhwRi77r89iZFEFD,A,1.254,pink-crate,aqua-crate,p1,5,0,6,1
MSug2PQKWMCKLQHZP,2iyt5HqNWAyYtZvWc,7,7,0,8,8,0,5,5,3,DfhwRi77r89iZFEFD,A,1.672,blue-crate,green-crate,p1,7,0,8,5
zqpLmTk9NAhoQ7wQw,2iyt5HqNWAyYtZvWc,5,5,0,9,9,0,3,3,4,DfhwRi77r89iZFEFD,B,1.972,purple-crate,yellow-crate,p1,5,0,9,3
QK4TYuCWN5CJkrfYc,2iyt5HqNWAyYtZvWc,6,6,0,8,8,0,3,3,5,DfhwRi77r89iZFEFD,B,1.64,purple-crate,crate,p1,6,0,8,3
hGXNHvd6aP6xruo4z,2iyt5HqNWAyYtZvWc,3,3,0,8,8,0,2,2,6,DfhwRi77r89iZFEFD,A,0.855,blue-crate,pink-crate,p1,3,0,8,2
vjdbQ6ED3YSYPsh2f,2iyt5HqNWAyYtZvWc,3,3,0,5,5,0,1,1,7,DfhwRi77r89iZFEFD,A,2.45,aqua-crate,pink-crate,p1,3,0,5,1
G9YH9Zdz9noLWi5pj,2iyt5HqNWAyYtZvWc,4,4,0,8,8,0,3,3,8,DfhwRi77r89iZFEFD,B,0.905,purple-crate,crate,p1,4,0,8,3
7Xqe9P7EwhgJPMTQ5,2iyt5HqNWAyYtZvWc,3,3,0,5,5,0,1,1,9,DfhwRi77r89iZFEFD,A,2.824,purple-crate,aqua-crate,p1,3,0,5,1
zSyjHsBsdYDLhytAu,2iyt5HqNWAyYtZvWc,2,2,0,3,3,0,1,1,10,DfhwRi77r89iZFEFD,A,2.137,green-crate,aqua-crate,p1,2,0,3,1
5rkaKLo2JRviSPrZH,2iyt5HqNWAyYtZvWc,5,5,0,9,9,0,3,3,11,DfhwRi77r89iZFEFD,B,1.767,blue-crate,aqua-crate,p1,5,0,9,3
cKRgysMc8SXmSqukA,2iyt5HqNWAyYtZvWc,5,5,0,9,9,0,1,1,12,DfhwRi77r89iZFEFD,A,1.244,green-crate,purple-crate,p1,5,0,9,1
Tz8zXvvwbniHgA5oa,2iyt5HqNWAyYtZvWc,5,5,0,6,6,0,3,3,13,DfhwRi77r89iZFEFD,B,1.45,pink-crate,green-crate,p1,5,0,6,3
j6odAmLFzu6QpiDFc,2iyt5HqNWAyYtZvWc,5,5,0,6,6,0,3,3,14,DfhwRi77r89iZFEFD,B,0.667,green-crate,pink-crate,p1,5,0,6,3
BNhf7ZuQJMp678tdM,2iyt5HqNWAyYtZvWc,5,5,0,9,9,0,1,1,15,DfhwRi77r89iZFEFD,B,1.196,orange-crate,green-crate,p1,5,0,9,1
3HzpfLiXv4HCczpXZ,2iyt5HqNWAyYtZvWc,4,4,0,9,9,0,1,1,16,DfhwRi77r89iZFEFD,B,2.09,green-crate,orange-crate,p1,4,0,9,1
LL9bcZg2Tf4HmeNop,2iyt5HqNWAyYtZvWc,5,5,0,9,9,0,3,3,17,DfhwRi77r89iZFEFD,A,1.921,aqua-crate,blue-crate,p1,5,0,9,3
a7TgCj6zRPhaM436S,2iyt5HqNWAyYtZvWc,3,3,0,8,8,0,1,1,18,DfhwRi77r89iZFEFD,A,1.063,blue-crate,crate,p1,3,0,8,1
GrpACDnm3vemubYHL,2iyt5HqNWAyYtZvWc,5,5,0,7,7,0,4,4,19,DfhwRi77r89iZFEFD,B,1.341,orange-crate,crate,p1,5,0,7,4
qYNRWAkHFEghZ7hBw,2iyt5HqNWAyYtZvWc,7,7,0,9,9,0,3,3,0,WvggzrzGgjk4HDh9M,B,10.149,aqua-crate,orange-crate,p2,7,9,0,3
xo2zBZ3F7JgoD9Ewe,2iyt5HqNWAyYtZvWc,5,5,0,7,7,0,4,4,1,WvggzrzGgjk4HDh9M,B,9.879,crate,pink-crate,p2,5,7,0,4
Yx9MCZATGBmKP2eE4,2iyt5HqNWAyYtZvWc,5,5,0,6,6,0,1,1,2,WvggzrzGgjk4HDh9M,B,2.797,pink-crate,aqua-crate,p2,5,6,0,1
MSug2PQKWMCKLQHZP,2iyt5HqNWAyYtZvWc,7,7,0,8,8,0,5,5,3,WvggzrzGgjk4HDh9M,B,4.385,blue-crate,green-crate,p2,7,8,0,5
zqpLmTk9NAhoQ7wQw,2iyt5HqNWAyYtZvWc,5,5,0,9,9,0,3,3,4,WvggzrzGgjk4HDh9M,A,2.167,purple-crate,yellow-crate,p2,5,9,0,3
QK4TYuCWN5CJkrfYc,2iyt5HqNWAyYtZvWc,6,6,0,8,8,0,3,3,5,WvggzrzGgjk4HDh9M,B,2.427,purple-crate,crate,p2,6,8,0,3
hGXNHvd6aP6xruo4z,2iyt5HqNWAyYtZvWc,3,3,0,8,8,0,2,2,6,WvggzrzGgjk4HDh9M,B,2.032,blue-crate,pink-crate,p2,3,8,0,2
vjdbQ6ED3YSYPsh2f,2iyt5HqNWAyYtZvWc,3,3,0,5,5,0,1,1,7,WvggzrzGgjk4HDh9M,B,3.668,aqua-crate,pink-crate,p2,3,5,0,1
G9YH9Zdz9noLWi5pj,2iyt5HqNWAyYtZvWc,4,4,0,8,8,0,3,3,8,WvggzrzGgjk4HDh9M,B,1.885,purple-crate,crate,p2,4,8,0,3
7Xqe9P7EwhgJPMTQ5,2iyt5HqNWAyYtZvWc,3,3,0,5,5,0,1,1,9,WvggzrzGgjk4HDh9M,A,1.52,purple-crate,aqua-crate,p2,3,5,0,1
zSyjHsBsdYDLhytAu,2iyt5HqNWAyYtZvWc,2,2,0,3,3,0,1,1,10,WvggzrzGgjk4HDh9M,A,3.033,green-crate,aqua-crate,p2,2,3,0,1
5rkaKLo2JRviSPrZH,2iyt5HqNWAyYtZvWc,5,5,0,9,9,0,3,3,11,WvggzrzGgjk4HDh9M,A,1.8,blue-crate,aqua-crate,p2,5,9,0,3
cKRgysMc8SXmSqukA,2iyt5HqNWAyYtZvWc,5,5,0,9,9,0,1,1,12,WvggzrzGgjk4HDh9M,B,2.182,green-crate,purple-crate,p2,5,9,0,1
Tz8zXvvwbniHgA5oa,2iyt5HqNWAyYtZvWc,5,5,0,6,6,0,3,3,13,WvggzrzGgjk4HDh9M,B,2.502,pink-crate,green-crate,p2,5,6,0,3
j6odAmLFzu6QpiDFc,2iyt5HqNWAyYtZvWc,5,5,0,6,6,0,3,3,14,WvggzrzGgjk4HDh9M,B,5.447,green-crate,pink-crate,p2,5,6,0,3
BNhf7ZuQJMp678tdM,2iyt5HqNWAyYtZvWc,5,5,0,9,9,0,1,1,15,WvggzrzGgjk4HDh9M,A,1.819,orange-crate,green-crate,p2,5,9,0,1
3HzpfLiXv4HCczpXZ,2iyt5HqNWAyYtZvWc,4,4,0,9,9,0,1,1,16,WvggzrzGgjk4HDh9M,A,1.436,green-crate,orange-crate,p2,4,9,0,1
LL9bcZg2Tf4HmeNop,2iyt5HqNWAyYtZvWc,5,5,0,9,9,0,3,3,17,WvggzrzGgjk4HDh9M,B,1.674,aqua-crate,blue-crate,p2,5,9,0,3
a7TgCj6zRPhaM436S,2iyt5HqNWAyYtZvWc,3,3,0,8,8,0,1,1,18,WvggzrzGgjk4HDh9M,A,1.508,blue-crate,crate,p2,3,8,0,1
GrpACDnm3vemubYHL,2iyt5HqNWAyYtZvWc,5,5,0,7,7,0,4,4,19,WvggzrzGgjk4HDh9M,A,1.694,orange-crate,crate,p2,5,7,0,4
zeYeMFGeBKzmTixWD,zLuA4iDWY3B356FLZ,5,5,0,6,6,0,1,1,0,Hvv3gEyCGX2zBmXK2,A,16.068,yellow-crate,orange-crate,p1,5,0,6,1
g3zCdpuspGBjLjkfG,zLuA4iDWY3B356FLZ,5,5,0,8,8,0,3,3,1,Hvv3gEyCGX2zBmXK2,B,2.234,yellow-crate,pink-crate,p1,5,0,8,3
ffgSfrus3mfQXcMGY,zLuA4iDWY3B356FLZ,5,5,0,9,9,0,3,3,2,Hvv3gEyCGX2zBmXK2,B,2.443,orange-crate,purple-crate,p1,5,0,9,3
xLTv2KhgoGtHPm7Qh,zLuA4iDWY3B356FLZ,5,5,0,7,7,0,2,2,3,Hvv3gEyCGX2zBmXK2,B,4.247,crate,purple-crate,p1,5,0,7,2
LAhmHxA9msSnv2Ero,zLuA4iDWY3B356FLZ,7,7,0,8,8,0,5,5,4,Hvv3gEyCGX2zBmXK2,B,4.811,green-crate,orange-crate,p1,7,0,8,5
oR5mMrXQTQL2BrLt5,zLuA4iDWY3B356FLZ,5,5,0,8,8,0,1,1,5,Hvv3gEyCGX2zBmXK2,B,3.279,orange-crate,pink-crate,p1,5,0,8,1
GQCHz6TBzEyK3ySnX,zLuA4iDWY3B356FLZ,6,6,0,9,9,0,5,5,6,Hvv3gEyCGX2zBmXK2,B,3.537,purple-crate,orange-crate,p1,6,0,9,5
roQgvYhrLEdLHocZi,zLuA4iDWY3B356FLZ,2,2,0,3,3,0,1,1,7,Hvv3gEyCGX2zBmXK2,A,2.253,purple-crate,yellow-crate,p1,2,0,3,1
jYZaeA2zRPQpD98JB,zLuA4iDWY3B356FLZ,3,3,0,9,9,0,2,2,8,Hvv3gEyCGX2zBmXK2,A,2.354,green-crate,purple-crate,p1,3,0,9,2
QgrQmQiAaAgP36ddx,zLuA4iDWY3B356FLZ,6,6,0,7,7,0,5,5,9,Hvv3gEyCGX2zBmXK2,B,4.193,green-crate,blue-crate,p1,6,0,7,5
QZnAJ2unvCKe3XoJk,zLuA4iDWY3B356FLZ,6,6,0,7,7,0,2,2,10,Hvv3gEyCGX2zBmXK2,B,2.927,green-crate,purple-crate,p1,6,0,7,2
CX3ipZzMDdpnSjA26,zLuA4iDWY3B356FLZ,5,5,0,8,8,0,2,2,11,Hvv3gEyCGX2zBmXK2,B,3.321,crate,aqua-crate,p1,5,0,8,2
roXA5jyhire4zH34h,zLuA4iDWY3B356FLZ,2,2,0,4,4,0,1,1,12,Hvv3gEyCGX2zBmXK2,B,3.669,blue-crate,orange-crate,p1,2,0,4,1
G6m7hWjc2yedk7WCL,zLuA4iDWY3B356FLZ,6,6,0,8,8,0,5,5,13,Hvv3gEyCGX2zBmXK2,B,2.877,green-crate,crate,p1,6,0,8,5
ZB9QsfpT5Fk4Kir2Y,zLuA4iDWY3B356FLZ,5,5,0,7,7,0,1,1,14,Hvv3gEyCGX2zBmXK2,A,5.303,purple-crate,orange-crate,p1,5,0,7,1
Ky7yAcTyNnYTqqvLZ,zLuA4iDWY3B356FLZ,5,5,0,6,6,0,4,4,15,Hvv3gEyCGX2zBmXK2,B,3.695,pink-crate,orange-crate,p1,5,0,6,4
wuwJa6iiigpgHZ4E5,zLuA4iDWY3B356FLZ,5,5,0,6,6,0,1,1,16,Hvv3gEyCGX2zBmXK2,B,3.85,yellow-crate,pink-crate,p1,5,0,6,1
KTNti5CaBCAKFJJJo,zLuA4iDWY3B356FLZ,5,5,0,9,9,0,3,3,17,Hvv3gEyCGX2zBmXK2,B,3.442,aqua-crate,crate,p1,5,0,9,3
ZmG9uXZyqrX4v2zns,zLuA4iDWY3B356FLZ,8,8,0,9,9,0,2,2,18,Hvv3gEyCGX2zBmXK2,B,6.336,pink-crate,aqua-crate,p1,8,0,9,2
Ej9nWknpCKFgwfWmN,zLuA4iDWY3B356FLZ,6,6,0,7,7,0,4,4,19,Hvv3gEyCGX2zBmXK2,B,3.709,orange-crate,crate,p1,6,0,7,4
zeYeMFGeBKzmTixWD,zLuA4iDWY3B356FLZ,5,5,0,6,6,0,1,1,0,aD8amtjzJx6jEyBMp,B,9.557,yellow-crate,orange-crate,p2,5,6,0,1
g3zCdpuspGBjLjkfG,zLuA4iDWY3B356FLZ,5,5,0,8,8,0,3,3,1,aD8amtjzJx6jEyBMp,A,6.724,yellow-crate,pink-crate,p2,5,8,0,3
ffgSfrus3mfQXcMGY,zLuA4iDWY3B356FLZ,5,5,0,9,9,0,3,3,2,aD8amtjzJx6jEyBMp,A,4.418,orange-crate,purple-crate,p2,5,9,0,3
xLTv2KhgoGtHPm7Qh,zLuA4iDWY3B356FLZ,5,5,0,7,7,0,2,2,3,aD8amtjzJx6jEyBMp,A,3.54,crate,purple-crate,p2,5,7,0,2
LAhmHxA9msSnv2Ero,zLuA4iDWY3B356FLZ,7,7,0,8,8,0,5,5,4,aD8amtjzJx6jEyBMp,A,8.963,green-crate,orange-crate,p2,7,8,0,5
oR5mMrXQTQL2BrLt5,zLuA4iDWY3B356FLZ,5,5,0,8,8,0,1,1,5,aD8amtjzJx6jEyBMp,B,2.415,orange-crate,pink-crate,p2,5,8,0,1
GQCHz6TBzEyK3ySnX,zLuA4iDWY3B356FLZ,6,6,0,9,9,0,5,5,6,aD8amtjzJx6jEyBMp,B,2.568,purple-crate,orange-crate,p2,6,9,0,5
roQgvYhrLEdLHocZi,zLuA4iDWY3B356FLZ,2,2,0,3,3,0,1,1,7,aD8amtjzJx6jEyBMp,A,4.752,purple-crate,yellow-crate,p2,2,3,0,1
jYZaeA2zRPQpD98JB,zLuA4iDWY3B356FLZ,3,3,0,9,9,0,2,2,8,aD8amtjzJx6jEyBMp,B,5.103,green-crate,purple-crate,p2,3,9,0,2
QgrQmQiAaAgP36ddx,zLuA4iDWY3B356FLZ,6,6,0,7,7,0,5,5,9,aD8amtjzJx6jEyBMp,B,3.197,green-crate,blue-crate,p2,6,7,0,5
QZnAJ2unvCKe3XoJk,zLuA4iDWY3B356FLZ,6,6,0,7,7,0,2,2,10,aD8amtjzJx6jEyBMp,B,1.701,green-crate,purple-crate,p2,6,7,0,2
CX3ipZzMDdpnSjA26,zLuA4iDWY3B356FLZ,5,5,0,8,8,0,2,2,11,aD8amtjzJx6jEyBMp,A,3.016,crate,aqua-crate,p2,5,8,0,2
roXA5jyhire4zH34h,zLuA4iDWY3B356FLZ,2,2,0,4,4,0,1,1,12,aD8amtjzJx6jEyBMp,B,2.474,blue-crate,orange-crate,p2,2,4,0,1
G6m7hWjc2yedk7WCL,zLuA4iDWY3B356FLZ,6,6,0,8,8,0,5,5,13,aD8amtjzJx6jEyBMp,A,3.422,green-crate,crate,p2,6,8,0,5
ZB9QsfpT5Fk4Kir2Y,zLuA4iDWY3B356FLZ,5,5,0,7,7,0,1,1,14,aD8amtjzJx6jEyBMp,B,4.29,purple-crate,orange-crate,p2,5,7,0,1
Ky7yAcTyNnYTqqvLZ,zLuA4iDWY3B356FLZ,5,5,0,6,6,0,4,4,15,aD8amtjzJx6jEyBMp,B,3.427,pink-crate,orange-crate,p2,5,6,0,4
wuwJa6iiigpgHZ4E5,zLuA4iDWY3B356FLZ,5,5,0,6,6,0,1,1,16,aD8amtjzJx6jEyBMp,A,3.955,yellow-crate,pink-crate,p2,5,6,0,1
KTNti5CaBCAKFJJJo,zLuA4iDWY3B356FLZ,5,5,0,9,9,0,3,3,17,aD8amtjzJx6jEyBMp,B,3.45,aqua-crate,crate,p2,5,9,0,3
ZmG9uXZyqrX4v2zns,zLuA4iDWY3B356FLZ,8,8,0,9,9,0,2,2,18,aD8amtjzJx6jEyBMp,B,3.624,pink-crate,aqua-crate,p2,8,9,0,2
Ej9nWknpCKFgwfWmN,zLuA4iDWY3B356FLZ,6,6,0,7,7,0,4,4,19,aD8amtjzJx6jEyBMp,B,2.263,orange-crate,crate,p2,6,7,0,4
u7yGNjn4Dq5y5roHM,iBNEbA9ZNacrZ97qL,2,2,0,3,3,0,1,1,0,m5hyD6u7arfKCWZ2h,A,19.633,crate,purple-crate,p1,2,0,3,1
n8HQKpFxYZRmFm7dF,iBNEbA9ZNacrZ97qL,4,4,0,8,8,0,1,1,1,m5hyD6u7arfKCWZ2h,A,5.517,pink-crate,aqua-crate,p1,4,0,8,1
wsEj3B9Dw6pRLLG5g,iBNEbA9ZNacrZ97qL,6,6,0,7,7,0,5,5,2,m5hyD6u7arfKCWZ2h,A,9.85,aqua-crate,orange-crate,p1,6,0,7,5
cDKskbvfwDqXJMhaZ,iBNEbA9ZNacrZ97qL,5,5,0,8,8,0,4,4,3,m5hyD6u7arfKCWZ2h,B,6.231,green-crate,aqua-crate,p1,5,0,8,4
qut2gSoeDRYEJhzAn,iBNEbA9ZNacrZ97qL,6,6,0,9,9,0,4,4,4,m5hyD6u7arfKCWZ2h,A,5.153,aqua-crate,crate,p1,6,0,9,4
i47yyk3kSsfGWpKGM,iBNEbA9ZNacrZ97qL,7,7,0,9,9,0,6,6,5,m5hyD6u7arfKCWZ2h,A,3.483,aqua-crate,blue-crate,p1,7,0,9,6
bHhnBuXRJZFwA93mk,iBNEbA9ZNacrZ97qL,5,5,0,9,9,0,3,3,6,m5hyD6u7arfKCWZ2h,B,8.002,aqua-crate,green-crate,p1,5,0,9,3
gMepK4tvZmjKKJRMh,iBNEbA9ZNacrZ97qL,4,4,0,6,6,0,1,1,7,m5hyD6u7arfKCWZ2h,A,4.122,yellow-crate,aqua-crate,p1,4,0,6,1
GPxuXMaCxzXTbZhL6,iBNEbA9ZNacrZ97qL,5,5,0,7,7,0,2,2,8,m5hyD6u7arfKCWZ2h,B,4.012,orange-crate,pink-crate,p1,5,0,7,2
KiTP6nZmgC3y5M8Q9,iBNEbA9ZNacrZ97qL,5,5,0,6,6,0,4,4,9,m5hyD6u7arfKCWZ2h,B,4.948,crate,purple-crate,p1,5,0,6,4
SigpQiZ36pwoKLM5o,iBNEbA9ZNacrZ97qL,5,5,0,6,6,0,2,2,10,m5hyD6u7arfKCWZ2h,B,3.163,blue-crate,orange-crate,p1,5,0,6,2
F5qzaRu9eSbfHTqfD,iBNEbA9ZNacrZ97qL,2,2,0,9,9,0,1,1,11,m5hyD6u7arfKCWZ2h,B,6.401,purple-crate,crate,p1,2,0,9,1
xxKHdcj5zznZazYc3,iBNEbA9ZNacrZ97qL,8,8,0,9,9,0,3,3,12,m5hyD6u7arfKCWZ2h,A,3.609,orange-crate,green-crate,p1,8,0,9,3
z8pWR47zF3doDDsna,iBNEbA9ZNacrZ97qL,7,7,0,8,8,0,6,6,13,m5hyD6u7arfKCWZ2h,A,6.419,aqua-crate,pink-crate,p1,7,0,8,6
6YQu36dbtueKgWuCv,iBNEbA9ZNacrZ97qL,4,4,0,6,6,0,2,2,14,m5hyD6u7arfKCWZ2h,B,4.927,crate,pink-crate,p1,4,0,6,2
7w89ukMnKSY9GpENs,iBNEbA9ZNacrZ97qL,7,7,0,9,9,0,2,2,15,m5hyD6u7arfKCWZ2h,B,4.248,green-crate,orange-crate,p1,7,0,9,2
e2oSzHgwzcDgSSmeQ,iBNEbA9ZNacrZ97qL,8,8,0,9,9,0,7,7,16,m5hyD6u7arfKCWZ2h,B,4.093,orange-crate,pink-crate,p1,8,0,9,7
KEKWLqa4CmHYfsmha,iBNEbA9ZNacrZ97qL,6,6,0,7,7,0,2,2,17,m5hyD6u7arfKCWZ2h,B,3.514,yellow-crate,pink-crate,p1,6,0,7,2
6px68To7sStbYMuHc,iBNEbA9ZNacrZ97qL,5,5,0,9,9,0,4,4,18,m5hyD6u7arfKCWZ2h,B,3.166,crate,orange-crate,p1,5,0,9,4
JNPfSqdMD2qZ7tG4m,iBNEbA9ZNacrZ97qL,4,4,0,6,6,0,3,3,19,m5hyD6u7arfKCWZ2h,B,3.561,pink-crate,orange-crate,p1,4,0,6,3
u7yGNjn4Dq5y5roHM,iBNEbA9ZNacrZ97qL,2,2,0,3,3,0,1,1,0,rMFK4T5wzumu8iwh7,A,14.852,crate,purple-crate,p2,2,3,0,1
n8HQKpFxYZRmFm7dF,iBNEbA9ZNacrZ97qL,4,4,0,8,8,0,1,1,1,rMFK4T5wzumu8iwh7,B,11.631,pink-crate,aqua-crate,p2,4,8,0,1
wsEj3B9Dw6pRLLG5g,iBNEbA9ZNacrZ97qL,6,6,0,7,7,0,5,5,2,rMFK4T5wzumu8iwh7,A,7.489,aqua-crate,orange-crate,p2,6,7,0,5
cDKskbvfwDqXJMhaZ,iBNEbA9ZNacrZ97qL,5,5,0,8,8,0,4,4,3,rMFK4T5wzumu8iwh7,A,3.925,green-crate,aqua-crate,p2,5,8,0,4
qut2gSoeDRYEJhzAn,iBNEbA9ZNacrZ97qL,6,6,0,9,9,0,4,4,4,rMFK4T5wzumu8iwh7,A,2.934,aqua-crate,crate,p2,6,9,0,4
i47yyk3kSsfGWpKGM,iBNEbA9ZNacrZ97qL,7,7,0,9,9,0,6,6,5,rMFK4T5wzumu8iwh7,B,4.102,aqua-crate,blue-crate,p2,7,9,0,6
bHhnBuXRJZFwA93mk,iBNEbA9ZNacrZ97qL,5,5,0,9,9,0,3,3,6,rMFK4T5wzumu8iwh7,B,2.727,aqua-crate,green-crate,p2,5,9,0,3
gMepK4tvZmjKKJRMh,iBNEbA9ZNacrZ97qL,4,4,0,6,6,0,1,1,7,rMFK4T5wzumu8iwh7,B,1.838,yellow-crate,aqua-crate,p2,4,6,0,1
GPxuXMaCxzXTbZhL6,iBNEbA9ZNacrZ97qL,5,5,0,7,7,0,2,2,8,rMFK4T5wzumu8iwh7,B,4.274,orange-crate,pink-crate,p2,5,7,0,2
KiTP6nZmgC3y5M8Q9,iBNEbA9ZNacrZ97qL,5,5,0,6,6,0,4,4,9,rMFK4T5wzumu8iwh7,B,3.603,crate,purple-crate,p2,5,6,0,4
SigpQiZ36pwoKLM5o,iBNEbA9ZNacrZ97qL,5,5,0,6,6,0,2,2,10,rMFK4T5wzumu8iwh7,B,2.995,blue-crate,orange-crate,p2,5,6,0,2
F5qzaRu9eSbfHTqfD,iBNEbA9ZNacrZ97qL,2,2,0,9,9,0,1,1,11,rMFK4T5wzumu8iwh7,B,1.496,purple-crate,crate,p2,2,9,0,1
xxKHdcj5zznZazYc3,iBNEbA9ZNacrZ97qL,8,8,0,9,9,0,3,3,12,rMFK4T5wzumu8iwh7,A,1.205,orange-crate,green-crate,p2,8,9,0,3
z8pWR47zF3doDDsna,iBNEbA9ZNacrZ97qL,7,7,0,8,8,0,6,6,13,rMFK4T5wzumu8iwh7,B,1.293,aqua-crate,pink-crate,p2,7,8,0,6
6YQu36dbtueKgWuCv,iBNEbA9ZNacrZ97qL,4,4,0,6,6,0,2,2,14,rMFK4T5wzumu8iwh7,B,3.328,crate,pink-crate,p2,4,6,0,2
7w89ukMnKSY9GpENs,iBNEbA9ZNacrZ97qL,7,7,0,9,9,0,2,2,15,rMFK4T5wzumu8iwh7,B,0.911,green-crate,orange-crate,p2,7,9,0,2
e2oSzHgwzcDgSSmeQ,iBNEbA9ZNacrZ97qL,8,8,0,9,9,0,7,7,16,rMFK4T5wzumu8iwh7,B,0.773,orange-crate,pink-crate,p2,8,9,0,7
KEKWLqa4CmHYfsmha,iBNEbA9ZNacrZ97qL,6,6,0,7,7,0,2,2,17,rMFK4T5wzumu8iwh7,B,1.937,yellow-crate,pink-crate,p2,6,7,0,2
6px68To7sStbYMuHc,iBNEbA9ZNacrZ97qL,5,5,0,9,9,0,4,4,18,rMFK4T5wzumu8iwh7,B,1.769,crate,orange-crate,p2,5,9,0,4
JNPfSqdMD2qZ7tG4m,iBNEbA9ZNacrZ97qL,4,4,0,6,6,0,3,3,19,rMFK4T5wzumu8iwh7,A,2.917,pink-crate,orange-crate,p2,4,6,0,3
6hLwTxx8FNAMD8HEy,hX4iCqsQSa2GCa4DS,6,6,0,7,7,0,5,5,0,Ew2Y7JzcqPu7Zb9P9,A,5.742,purple-crate,aqua-crate,p1,6,0,7,5
hvDHS6A36kAntt4Ea,hX4iCqsQSa2GCa4DS,7,7,0,9,9,0,6,6,1,Ew2Y7JzcqPu7Zb9P9,A,0.658,green-crate,pink-crate,p1,7,0,9,6
eZpmDDwgAYixiFSzG,hX4iCqsQSa2GCa4DS,8,8,0,9,9,0,4,4,2,Ew2Y7JzcqPu7Zb9P9,A,1.743,purple-crate,crate,p1,8,0,9,4
htuztMCzuyg53Hp5c,hX4iCqsQSa2GCa4DS,3,3,0,7,7,0,2,2,3,Ew2Y7JzcqPu7Zb9P9,A,0.99,orange-crate,crate,p1,3,0,7,2
tC3Ste6YeskoYrvtq,hX4iCqsQSa2GCa4DS,8,8,0,9,9,0,7,7,4,Ew2Y7JzcqPu7Zb9P9,A,0.287,green-crate,crate,p1,8,0,9,7
QAHDw6F9whRCpCdo2,hX4iCqsQSa2GCa4DS,7,7,0,8,8,0,4,4,5,Ew2Y7JzcqPu7Zb9P9,A,3.958,pink-crate,yellow-crate,p1,7,0,8,4
WAboBzsPPedfq6qz5,hX4iCqsQSa2GCa4DS,8,8,0,9,9,0,6,6,6,Ew2Y7JzcqPu7Zb9P9,A,2.188,orange-crate,aqua-crate,p1,8,0,9,6
4SvJwFFs5R2AQBkKM,hX4iCqsQSa2GCa4DS,4,4,0,7,7,0,3,3,7,Ew2Y7JzcqPu7Zb9P9,A,4.759,green-crate,yellow-crate,p1,4,0,7,3
KsM8Jk4LdXfAKnixQ,hX4iCqsQSa2GCa4DS,8,8,0,9,9,0,6,6,8,Ew2Y7JzcqPu7Zb9P9,A,8.106,purple-crate,green-crate,p1,8,0,9,6
vWFsF6GhFjeazQYNo,hX4iCqsQSa2GCa4DS,7,7,0,8,8,0,3,3,9,Ew2Y7JzcqPu7Zb9P9,A,1.066,aqua-crate,pink-crate,p1,7,0,8,3
kkbDtsHzhDemkawzE,hX4iCqsQSa2GCa4DS,2,2,0,6,6,0,1,1,10,Ew2Y7JzcqPu7Zb9P9,A,4.731,yellow-crate,crate,p1,2,0,6,1
KrW3n79NwteYheakJ,hX4iCqsQSa2GCa4DS,2,2,0,8,8,0,1,1,11,Ew2Y7JzcqPu7Zb9P9,A,6.897,crate,orange-crate,p1,2,0,8,1
BeJeSXuRW8FAogLSd,hX4iCqsQSa2GCa4DS,7,7,0,9,9,0,6,6,12,Ew2Y7JzcqPu7Zb9P9,A,5.989,aqua-crate,pink-crate,p1,7,0,9,6
FD4vJXRdoy3T53gEf,hX4iCqsQSa2GCa4DS,4,4,0,5,5,0,2,2,13,Ew2Y7JzcqPu7Zb9P9,A,4.36,yellow-crate,green-crate,p1,4,0,5,2
RrrkPvvdkFjy7tErT,hX4iCqsQSa2GCa4DS,4,4,0,5,5,0,1,1,14,Ew2Y7JzcqPu7Zb9P9,A,5.635,green-crate,orange-crate,p1,4,0,5,1
SyD3qvGr2TGmd6dj3,hX4iCqsQSa2GCa4DS,2,2,0,8,8,0,1,1,15,Ew2Y7JzcqPu7Zb9P9,A,1.994,crate,green-crate,p1,2,0,8,1
zRQsnryfCLx74EZSG,hX4iCqsQSa2GCa4DS,5,5,0,7,7,0,1,1,16,Ew2Y7JzcqPu7Zb9P9,A,5.615,green-crate,crate,p1,5,0,7,1
2486gWTTZhJ8hqnMg,hX4iCqsQSa2GCa4DS,6,6,0,8,8,0,3,3,17,Ew2Y7JzcqPu7Zb9P9,A,6.338,green-crate,yellow-crate,p1,6,0,8,3
zjzpA9b4pRQ84CQmd,hX4iCqsQSa2GCa4DS,3,3,0,8,8,0,1,1,18,Ew2Y7JzcqPu7Zb9P9,A,8.713,orange-crate,aqua-crate,p1,3,0,8,1
DSyNooGZii4ncBBFe,hX4iCqsQSa2GCa4DS,5,5,0,7,7,0,4,4,19,Ew2Y7JzcqPu7Zb9P9,A,4.862,green-crate,orange-crate,p1,5,0,7,4
6hLwTxx8FNAMD8HEy,hX4iCqsQSa2GCa4DS,6,6,0,7,7,0,5,5,0,YFN2b7aXAu9NEFvLC,B,14.467,purple-crate,aqua-crate,p2,6,7,0,5
hvDHS6A36kAntt4Ea,hX4iCqsQSa2GCa4DS,7,7,0,9,9,0,6,6,1,YFN2b7aXAu9NEFvLC,A,10.191,green-crate,pink-crate,p2,7,9,0,6
eZpmDDwgAYixiFSzG,hX4iCqsQSa2GCa4DS,8,8,0,9,9,0,4,4,2,YFN2b7aXAu9NEFvLC,A,8.469,purple-crate,crate,p2,8,9,0,4
htuztMCzuyg53Hp5c,hX4iCqsQSa2GCa4DS,3,3,0,7,7,0,2,2,3,YFN2b7aXAu9NEFvLC,B,9.471,orange-crate,crate,p2,3,7,0,2
tC3Ste6YeskoYrvtq,hX4iCqsQSa2GCa4DS,8,8,0,9,9,0,7,7,4,YFN2b7aXAu9NEFvLC,A,4.113,green-crate,crate,p2,8,9,0,7
QAHDw6F9whRCpCdo2,hX4iCqsQSa2GCa4DS,7,7,0,8,8,0,4,4,5,YFN2b7aXAu9NEFvLC,A,23.698,pink-crate,yellow-crate,p2,7,8,0,4
WAboBzsPPedfq6qz5,hX4iCqsQSa2GCa4DS,8,8,0,9,9,0,6,6,6,YFN2b7aXAu9NEFvLC,A,13.957,orange-crate,aqua-crate,p2,8,9,0,6
4SvJwFFs5R2AQBkKM,hX4iCqsQSa2GCa4DS,4,4,0,7,7,0,3,3,7,YFN2b7aXAu9NEFvLC,A,12.233,green-crate,yellow-crate,p2,4,7,0,3
KsM8Jk4LdXfAKnixQ,hX4iCqsQSa2GCa4DS,8,8,0,9,9,0,6,6,8,YFN2b7aXAu9NEFvLC,A,11.286,purple-crate,green-crate,p2,8,9,0,6
vWFsF6GhFjeazQYNo,hX4iCqsQSa2GCa4DS,7,7,0,8,8,0,3,3,9,YFN2b7aXAu9NEFvLC,A,11.104,aqua-crate,pink-crate,p2,7,8,0,3
kkbDtsHzhDemkawzE,hX4iCqsQSa2GCa4DS,2,2,0,6,6,0,1,1,10,YFN2b7aXAu9NEFvLC,A,10.063,yellow-crate,crate,p2,2,6,0,1
KrW3n79NwteYheakJ,hX4iCqsQSa2GCa4DS,2,2,0,8,8,0,1,1,11,YFN2b7aXAu9NEFvLC,A,15.537,crate,orange-crate,p2,2,8,0,1
BeJeSXuRW8FAogLSd,hX4iCqsQSa2GCa4DS,7,7,0,9,9,0,6,6,12,YFN2b7aXAu9NEFvLC,A,10.443,aqua-crate,pink-crate,p2,7,9,0,6
FD4vJXRdoy3T53gEf,hX4iCqsQSa2GCa4DS,4,4,0,5,5,0,2,2,13,YFN2b7aXAu9NEFvLC,A,8.036,yellow-crate,green-crate,p2,4,5,0,2
RrrkPvvdkFjy7tErT,hX4iCqsQSa2GCa4DS,4,4,0,5,5,0,1,1,14,YFN2b7aXAu9NEFvLC,A,8.814,green-crate,orange-crate,p2,4,5,0,1
SyD3qvGr2TGmd6dj3,hX4iCqsQSa2GCa4DS,2,2,0,8,8,0,1,1,15,YFN2b7aXAu9NEFvLC,A,12.22,crate,green-crate,p2,2,8,0,1
zRQsnryfCLx74EZSG,hX4iCqsQSa2GCa4DS,5,5,0,7,7,0,1,1,16,YFN2b7aXAu9NEFvLC,A,7.86,green-crate,crate,p2,5,7,0,1
2486gWTTZhJ8hqnMg,hX4iCqsQSa2GCa4DS,6,6,0,8,8,0,3,3,17,YFN2b7aXAu9NEFvLC,A,8.513,green-crate,yellow-crate,p2,6,8,0,3
zjzpA9b4pRQ84CQmd,hX4iCqsQSa2GCa4DS,3,3,0,8,8,0,1,1,18,YFN2b7aXAu9NEFvLC,A,8.699,orange-crate,aqua-crate,p2,3,8,0,1
DSyNooGZii4ncBBFe,hX4iCqsQSa2GCa4DS,5,5,0,7,7,0,4,4,19,YFN2b7aXAu9NEFvLC,A,7.052,green-crate,orange-crate,p2,5,7,0,4
