_id,playerId,gameId,createdAt.x,age,gender,language,raceWhite,raceBlack,raceAsian,raceNative,raceIslander,raceHispanic,education,correctness,human,workedWell,fair,chatUseful,feedback,time,finishedAt,gameLobbyId,treatmentId,roundIds,playerIds,batchId,createdAt.y,justStarted,roleList
TpY3pNTd5n2n9KP73,STXF4MBw6pAhpFQzR,ayRiqvCEhCCSxAnS2,2021-12-09T18:02:55Z,18,Male,Hungarian,TRUE,NA,NA,NA,NA,NA,lessHighSchool,yes,yes,neutral,Yes.,"Yes, of course!",No.,Yes!,2021-12-09T18:01:51Z,ayRiqvCEhCCSxAnS2,hTWkhRAp7EfDYFk5a,"DZWMETGbQyPDJqEeg,W4CzAf3hnwh8BXoJx,PhhqndXHtEX4p37fL,EuBrs52f7wMcGohqJ,8qkJQQwkqH2GLqJdH,d8RB7N4kGkqDAxhk6,YbmCFiJbL5t2FQLJu,sw9QTXemCS6sGGbqD,xCWhoPL3ZKv3z6ydZ,9gGwR46zT3dbsFSut,HhziAoxgu9abSLQQo,DAzZN4epmbiLG2qqY,TPwL6m5ttiRE6MELZ,E8w3W6SsqJnQ6npFT,tvHFkWcABcn6zWf3q,Fd3MPMsv2dFTzfxRW,pLQoybpCt2sW5DsSS,szDSkrqj59qJ4jfGP,EtBjjqR6asWce6Wbh,DW7So8EQxwK4CRweJ,xfLgEeWjXnxxox5aH,Fr4b8sgB85PMrW7PB,52onKTYQZ4mk2JkrJ,Ra6vgc6Ww43mixgHs,iZjQ4aD7PzADpi5iT,tZfySsLESfbEa6x7x,WxHKqP7Gjjujjr6qE,zmECWz6fE8G8G6QYM,TJfdGb2EWD45NetHi,NigKbXiTSosLTTNCq,WpP4v7Pg2cRfmcjTZ,39HBTebMaZJDpH7v5,qatT79ZbEggKaQBAx,QPyMJgHZ4XASbJ9qS,PkxdFfZhz3YN7YPjK,TXNLuymGZiim9ryX6,kgNNoALjtTee27BGQ,RkLLZGFNyX2DJuiYx,KW3z6E2fHhgKfTBpy,e5uzhuZBqWTTP5qLK,6qWwt45zk5Fd3y48r","3XoD7AQvHu3avJ9Fo,STXF4MBw6pAhpFQzR",4J2sJSeP2ZRkxQp9g,2021-12-09T17:52:45Z,FALSE,"{""STXF4MBw6pAhpFQzR"":""p1"",""3XoD7AQvHu3avJ9Fo"":""p2""}"
ogRGZLmSzheuTrLYX,3XoD7AQvHu3avJ9Fo,ayRiqvCEhCCSxAnS2,2021-12-09T18:04:19Z,35,Male,Italian,TRUE,NA,NA,NA,NA,NA,bachelor,yes,no,neutral,I think it was ok,"Yes, it was pretty straightforward",I think I've been playing with a CPU all this time,Plenty,2021-12-09T18:01:51Z,ayRiqvCEhCCSxAnS2,hTWkhRAp7EfDYFk5a,"DZWMETGbQyPDJqEeg,W4CzAf3hnwh8BXoJx,PhhqndXHtEX4p37fL,EuBrs52f7wMcGohqJ,8qkJQQwkqH2GLqJdH,d8RB7N4kGkqDAxhk6,YbmCFiJbL5t2FQLJu,sw9QTXemCS6sGGbqD,xCWhoPL3ZKv3z6ydZ,9gGwR46zT3dbsFSut,HhziAoxgu9abSLQQo,DAzZN4epmbiLG2qqY,TPwL6m5ttiRE6MELZ,E8w3W6SsqJnQ6npFT,tvHFkWcABcn6zWf3q,Fd3MPMsv2dFTzfxRW,pLQoybpCt2sW5DsSS,szDSkrqj59qJ4jfGP,EtBjjqR6asWce6Wbh,DW7So8EQxwK4CRweJ,xfLgEeWjXnxxox5aH,Fr4b8sgB85PMrW7PB,52onKTYQZ4mk2JkrJ,Ra6vgc6Ww43mixgHs,iZjQ4aD7PzADpi5iT,tZfySsLESfbEa6x7x,WxHKqP7Gjjujjr6qE,zmECWz6fE8G8G6QYM,TJfdGb2EWD45NetHi,NigKbXiTSosLTTNCq,WpP4v7Pg2cRfmcjTZ,39HBTebMaZJDpH7v5,qatT79ZbEggKaQBAx,QPyMJgHZ4XASbJ9qS,PkxdFfZhz3YN7YPjK,TXNLuymGZiim9ryX6,kgNNoALjtTee27BGQ,RkLLZGFNyX2DJuiYx,KW3z6E2fHhgKfTBpy,e5uzhuZBqWTTP5qLK,6qWwt45zk5Fd3y48r","3XoD7AQvHu3avJ9Fo,STXF4MBw6pAhpFQzR",4J2sJSeP2ZRkxQp9g,2021-12-09T17:52:45Z,FALSE,"{""STXF4MBw6pAhpFQzR"":""p1"",""3XoD7AQvHu3avJ9Fo"":""p2""}"
DCvkaf6zchZuMS8YD,hgJpQRAv9sMrD6464,Nmb4cLjaDsHqt8ByN,2021-12-09T18:04:27Z,33,Male,English,TRUE,NA,NA,NA,NA,NA,bachelor,yes,yes,stronglyAgree,Yes,Yes,No,Yes,2021-12-09T18:04:01Z,Nmb4cLjaDsHqt8ByN,hTWkhRAp7EfDYFk5a,"WB8MfWL8mCAF5iT3R,gviTmRGuQdW23DDMp,RxpSPimdXjhRqR5tx,fnjCAPDuqmc6G6kjQ,tmRXjfq5wobsby5Dw,jfpdstEngeSzthQkH,GXjTYZn3F8WwpeX74,nmfLw6ciykA6o2ogp,qiCveRMYtmaieCfJx,BhTCFjv33yfwxAyMq,ALP2qarNAvx42s7mg,iagLdZsgHrDizQx2x,G9SBPJsnG8EAJDijR,xC4aPR2pdsPjGyPek,gbfCsZvP9mEYb35wh,jumN7sMiB4itkSsX5,dXn5aQbidD4cTFHK9,bZnAyHyf9ARQGaBgC,ZLsXMTH5vQS5WEse8,E86WHNKNgBEHuSnkb,nhBaBTcfkSxTfFnC7,94dMJAPQa6ENphN5h,ShcS9hCupQu6GC3RL,rRLjQXzgmf34pKbih,xEuX6SaMZMW8jvCzo,yG24aXqnHxHy4redC,BAZ4Ao7nLE4KgoJQZ,3MwHHPmppoTF3xWFE,XZqpLuLBGiJcEYBZb,9mABmbLvH4vRekzya,KSkuLbZc9MzC7GqCc,PRd4bKQhg2DNMfHgA,cE6CH9vzzbpvfczjB,AYceHPvevh5358WJz,neEo2hQC6nGp7tXRg,xgTF3tWFBjkaed9G7,3ZjrS3SwpGsxy4oN2,X3J8RvrvdJsWaGdS8,xaStNMDg5PefgXm2S,nMXyqGXuyrr2bWXMm,XQARFckjybLup4Mva","2kmtbTcHRHurrspLX,hgJpQRAv9sMrD6464",fJ2ejjMep6yyuj6kp,2021-12-09T17:52:29Z,FALSE,"{""2kmtbTcHRHurrspLX"":""p1"",""hgJpQRAv9sMrD6464"":""p2""}"
uyG96kamXms8g7Ct4,2kmtbTcHRHurrspLX,Nmb4cLjaDsHqt8ByN,2021-12-09T18:05:02Z,25,Female,English,TRUE,NA,NA,NA,NA,NA,someCollege,yes,yes,agree,Yes it was definitely fair.,Yes very easy and simple.,"No, was great fun! thanks.","Yes, we had plenty of time to spare, we was both fast and attentive.",2021-12-09T18:04:01Z,Nmb4cLjaDsHqt8ByN,hTWkhRAp7EfDYFk5a,"WB8MfWL8mCAF5iT3R,gviTmRGuQdW23DDMp,RxpSPimdXjhRqR5tx,fnjCAPDuqmc6G6kjQ,tmRXjfq5wobsby5Dw,jfpdstEngeSzthQkH,GXjTYZn3F8WwpeX74,nmfLw6ciykA6o2ogp,qiCveRMYtmaieCfJx,BhTCFjv33yfwxAyMq,ALP2qarNAvx42s7mg,iagLdZsgHrDizQx2x,G9SBPJsnG8EAJDijR,xC4aPR2pdsPjGyPek,gbfCsZvP9mEYb35wh,jumN7sMiB4itkSsX5,dXn5aQbidD4cTFHK9,bZnAyHyf9ARQGaBgC,ZLsXMTH5vQS5WEse8,E86WHNKNgBEHuSnkb,nhBaBTcfkSxTfFnC7,94dMJAPQa6ENphN5h,ShcS9hCupQu6GC3RL,rRLjQXzgmf34pKbih,xEuX6SaMZMW8jvCzo,yG24aXqnHxHy4redC,BAZ4Ao7nLE4KgoJQZ,3MwHHPmppoTF3xWFE,XZqpLuLBGiJcEYBZb,9mABmbLvH4vRekzya,KSkuLbZc9MzC7GqCc,PRd4bKQhg2DNMfHgA,cE6CH9vzzbpvfczjB,AYceHPvevh5358WJz,neEo2hQC6nGp7tXRg,xgTF3tWFBjkaed9G7,3ZjrS3SwpGsxy4oN2,X3J8RvrvdJsWaGdS8,xaStNMDg5PefgXm2S,nMXyqGXuyrr2bWXMm,XQARFckjybLup4Mva","2kmtbTcHRHurrspLX,hgJpQRAv9sMrD6464",fJ2ejjMep6yyuj6kp,2021-12-09T17:52:29Z,FALSE,"{""2kmtbTcHRHurrspLX"":""p1"",""hgJpQRAv9sMrD6464"":""p2""}"
rLtXureArqBTodeq3,zDMEyFj4dThs4gzrp,KMKga8KMs6QZFc9dR,2021-12-09T18:09:09Z,21,Male,Portuguesa,TRUE,FALSE,NA,NA,NA,NA,bachelor,yes,yes,stronglyAgree,Yes,Really easy,No,"Yes, of course.",2021-12-09T18:08:22Z,KMKga8KMs6QZFc9dR,hTWkhRAp7EfDYFk5a,"zqAB7bHL857YFPbvQ,67jN9tivPnbqWmo38,WvoJhNirhMvmfEv9M,S7hpKSxtHt2jy3bpe,vTHDF3zTtPT7tgyNR,7EYxFAaxts6e4wE6D,oxuLzc9MjeAnFTAPC,aLwwFWiZqkBp2v955,FTdb5aMzxjE2hvf5i,9P6x76YEoSpkNnPgq,5QPojsfsTnghxDkza,65tZR2CpKfk8KcBBW,waFmRBfhdqNbYmiy9,3CvdSEZaRPgr6F2Xx,MzBK287fuGXDqNCtK,uXqPwGqe8xn7YwYdS,RohFmSahCjWMG9Gys,sKE7Cg8KK7hST3tbP,2LKaQLTs4ok5gzC47,RAJAxyr7ybTtQzrXr,YPJ94x3qhaXeuMBro,qSdMC2R47HQuts3xC,FTs3cKBWjP5Xbygtd,diqdq9NcrXpYwBe2a,n7XtYc6gZF62Yf5PX,zxq95WtakA65thitd,5ukHSp4QS9jcWcwuX,mfpsQD9Wsh3jLC95T,dNWYmeDFnDa8pDjj5,qqKq4RSm3Fvag53H6,fJTyCrYqssmKuud9M,7uWkaGh7nqFBanAwh,d7sRaCPiR7e5CCxMk,83oRCzZJt3fAmT6hw,NxvQcZXpFSMSwJLwE,A2PLjtgyjCXWBuNh3,mnCvuTYX7BTuJkNfD,bC6zNrZCzPvCmxojB,RrpZdWJvTG2QCk8Wf,46ePRkDC8iyfurMJk,ja6oyjaDhGxeWKZwX","9d7wNGCZf54Nyvkts,zDMEyFj4dThs4gzrp",ZfafvuuTMiS5YAMgY,2021-12-09T17:53:32Z,FALSE,"{""9d7wNGCZf54Nyvkts"":""p1"",""zDMEyFj4dThs4gzrp"":""p2""}"
JMYWxm5tLzzofw2DW,CabZtomiyfsZdYF9Q,XWBXWaM8fHb2pPETr,2021-12-09T18:10:38Z,22,Male,Portuguese,TRUE,NA,NA,NA,NA,NA,bachelor,yes,yes,stronglyAgree,Yes,Yes,No,"Yes, more than enough",2021-12-09T18:10:00Z,XWBXWaM8fHb2pPETr,hTWkhRAp7EfDYFk5a,"DPrMFQr9oYKFxuSqg,ty9WkpG5YnTkNLSoz,59AnwP9Y3amj3cdxt,dW7yHK7o6tvJEhfyg,EWLWvjxzcdZwBCemP,2ByTbYYrENvH8jSux,jLdggMhR26nS92eBn,F6JGmQW5e4JEhJAWa,g2vz6piymtK8paK8d,TeTwEaQN5rcRzRA4i,LQzYGAaiBLFfrjn3e,deZxFBZzZfangRx4n,bnMY7MgSNcjaa5rPm,2XydScRZka2bz9fuY,So7udokETDNfYgYNM,pDpiEEYptb5YPJcjD,QrHs2aGwLSa4YYRuE,todHDz4q8HEurFchY,Y6hp8AMphc9LGiCJq,EvDGw5LeK7Pzn7J6h,bg8x7Rfcgf4Dup7Wc,DiZcitj9ngM5hnBEh,6mA4dXdEGKdyGBPdG,dewDpX5GN3Q3neueC,Zruh6hX9WbxCvmHTJ,m6ZcnjkYRJDQM7NTs,eT8RQmGBCrbgAiWiQ,wizARjpAuYDnNCLq3,SvCFkqtcEmJRrShf7,CsgXsc8kEwdSu3dhz,484wcboJa3oFFxPZg,6JmSW8WAA7uJ5E773,EoXQeHCW7ziZKRbCX,pFszJYMwnGw4ABwKY,zZmmx4xMwz8phA7jD,HFqx8pAYuxZY8zGoZ,LmR6MmG2rgoxhASE6,CeYNaFd499ye9dCPn,JuHKhr79sZ44DZBy3,TdqNG2FRnX9TzEcBF,5XKu9rmqtM5ge3c3s","CabZtomiyfsZdYF9Q,dhz4DnHhhaPYQNCay",qzhLL935wNb9K6qZm,2021-12-09T17:53:13Z,FALSE,"{""dhz4DnHhhaPYQNCay"":""p1"",""CabZtomiyfsZdYF9Q"":""p2""}"
YMLv6qNrjvefmdzAB,dhz4DnHhhaPYQNCay,XWBXWaM8fHb2pPETr,2021-12-09T18:10:57Z,26,female,portuguese,TRUE,NA,NA,NA,NA,NA,master,yes,yes,stronglyAgree,yes,yes,no,yes,2021-12-09T18:10:00Z,XWBXWaM8fHb2pPETr,hTWkhRAp7EfDYFk5a,"DPrMFQr9oYKFxuSqg,ty9WkpG5YnTkNLSoz,59AnwP9Y3amj3cdxt,dW7yHK7o6tvJEhfyg,EWLWvjxzcdZwBCemP,2ByTbYYrENvH8jSux,jLdggMhR26nS92eBn,F6JGmQW5e4JEhJAWa,g2vz6piymtK8paK8d,TeTwEaQN5rcRzRA4i,LQzYGAaiBLFfrjn3e,deZxFBZzZfangRx4n,bnMY7MgSNcjaa5rPm,2XydScRZka2bz9fuY,So7udokETDNfYgYNM,pDpiEEYptb5YPJcjD,QrHs2aGwLSa4YYRuE,todHDz4q8HEurFchY,Y6hp8AMphc9LGiCJq,EvDGw5LeK7Pzn7J6h,bg8x7Rfcgf4Dup7Wc,DiZcitj9ngM5hnBEh,6mA4dXdEGKdyGBPdG,dewDpX5GN3Q3neueC,Zruh6hX9WbxCvmHTJ,m6ZcnjkYRJDQM7NTs,eT8RQmGBCrbgAiWiQ,wizARjpAuYDnNCLq3,SvCFkqtcEmJRrShf7,CsgXsc8kEwdSu3dhz,484wcboJa3oFFxPZg,6JmSW8WAA7uJ5E773,EoXQeHCW7ziZKRbCX,pFszJYMwnGw4ABwKY,zZmmx4xMwz8phA7jD,HFqx8pAYuxZY8zGoZ,LmR6MmG2rgoxhASE6,CeYNaFd499ye9dCPn,JuHKhr79sZ44DZBy3,TdqNG2FRnX9TzEcBF,5XKu9rmqtM5ge3c3s","CabZtomiyfsZdYF9Q,dhz4DnHhhaPYQNCay",qzhLL935wNb9K6qZm,2021-12-09T17:53:13Z,FALSE,"{""dhz4DnHhhaPYQNCay"":""p1"",""CabZtomiyfsZdYF9Q"":""p2""}"
ZFLNuJ8KGYYmBkDo6,9d7wNGCZf54Nyvkts,KMKga8KMs6QZFc9dR,2021-12-09T18:11:36Z,23,male,Portuguese,TRUE,NA,NA,NA,NA,NA,bachelor,yes,yes,stronglyAgree,"Yes, the payment was more than fair.","Yes, it was very easy to use and made the study much more interesting.","No, the study was very good.","Yes, in none of the rounds did our time come close to the maximum time limit.",2021-12-09T18:08:22Z,KMKga8KMs6QZFc9dR,hTWkhRAp7EfDYFk5a,"zqAB7bHL857YFPbvQ,67jN9tivPnbqWmo38,WvoJhNirhMvmfEv9M,S7hpKSxtHt2jy3bpe,vTHDF3zTtPT7tgyNR,7EYxFAaxts6e4wE6D,oxuLzc9MjeAnFTAPC,aLwwFWiZqkBp2v955,FTdb5aMzxjE2hvf5i,9P6x76YEoSpkNnPgq,5QPojsfsTnghxDkza,65tZR2CpKfk8KcBBW,waFmRBfhdqNbYmiy9,3CvdSEZaRPgr6F2Xx,MzBK287fuGXDqNCtK,uXqPwGqe8xn7YwYdS,RohFmSahCjWMG9Gys,sKE7Cg8KK7hST3tbP,2LKaQLTs4ok5gzC47,RAJAxyr7ybTtQzrXr,YPJ94x3qhaXeuMBro,qSdMC2R47HQuts3xC,FTs3cKBWjP5Xbygtd,diqdq9NcrXpYwBe2a,n7XtYc6gZF62Yf5PX,zxq95WtakA65thitd,5ukHSp4QS9jcWcwuX,mfpsQD9Wsh3jLC95T,dNWYmeDFnDa8pDjj5,qqKq4RSm3Fvag53H6,fJTyCrYqssmKuud9M,7uWkaGh7nqFBanAwh,d7sRaCPiR7e5CCxMk,83oRCzZJt3fAmT6hw,NxvQcZXpFSMSwJLwE,A2PLjtgyjCXWBuNh3,mnCvuTYX7BTuJkNfD,bC6zNrZCzPvCmxojB,RrpZdWJvTG2QCk8Wf,46ePRkDC8iyfurMJk,ja6oyjaDhGxeWKZwX","9d7wNGCZf54Nyvkts,zDMEyFj4dThs4gzrp",ZfafvuuTMiS5YAMgY,2021-12-09T17:53:32Z,FALSE,"{""9d7wNGCZf54Nyvkts"":""p1"",""zDMEyFj4dThs4gzrp"":""p2""}"
BkpYKsPKEBuZpPzpb,Doke7X7WNnFwHZP4E,3NNzcmFe4Lqc76pWs,2021-12-09T18:14:18Z,25,Male,Greek,TRUE,NA,NA,NA,NA,NA,someCollege,yes,yes,stronglyAgree,very fair,very easy,No,More than enough,2021-12-09T18:13:43Z,3NNzcmFe4Lqc76pWs,hTWkhRAp7EfDYFk5a,"uYmKqi2uC7Kk7qB8i,shqWzXw5SPDTDs5ma,dQ4i7PYX3o75xdSz9,M5SvNHB2iXQhbfd8i,mPEGZnyeT263EkAHH,xECJDXeLzgyAmCrEi,Xq5tW5ZgrugDAkocs,RMtimMhqScubWughj,44vyo3KDjiwgnp5Cr,BJL49bQiQSANuqbSS,HaC54a7qpbhigCm8z,5Jv8PoMHLGZpsKHWp,qmN7Yqj7T4YDMiMYg,ohhTgjzeQ9rNLhb7z,HbAWdyrms9bmYkSqh,rp7taGc7uoeJcoP7x,SRJDJfaiuPiwd7b3r,8CBSuabBYLXMhdYEP,LR8uDjbphfLwYTaA5,NhrLz5m9k6keoWKGW,HJHxgi2wEh8HcWCiK,6TetYrdHa2hAGDQdk,d2vjc5zuiuiz7xpZr,9B3YxgHpZzwvXhbyg,uowkS4mZ5wRRwmKDu,cQL4ioEcspN3ZxRkF,vt3NZadbMpDBL3uWQ,MKQT7zJAqhQ38LvRD,EeaD4nEvA2MkfXmQf,nmz6Yq94eujPYAkFx,ZLDTEFu6MWmLEZBtH,vWFJ6KpLvGrd3jsTq,F8rNgaLyvY3dD2PbC,ZCDto82gAa7NgcYWs,hxM4w6TkmZsvA9dxL,Ct3eviY5QohTQGZb7,2CAqYoxuqebHEH9bA,ij6zQR56cgY9t9oPG,fyR8o7rayC5pjK5S3,4Fr4pEfQQruicnTAw,Q5iTEW8Yj7aq6BNjQ","Doke7X7WNnFwHZP4E,ekSbCaWp5aNMFarbX",kwLgBjnzmmS4EGMcc,2021-12-09T17:57:57Z,FALSE,"{""ekSbCaWp5aNMFarbX"":""p1"",""Doke7X7WNnFwHZP4E"":""p2""}"
93pioKwHLLkpPhFmC,ekSbCaWp5aNMFarbX,3NNzcmFe4Lqc76pWs,2021-12-09T18:14:30Z,20,male,polish,TRUE,NA,NA,NA,NA,NA,bachelor,yes,yes,stronglyAgree,yes,yes,no i think,yes,2021-12-09T18:13:43Z,3NNzcmFe4Lqc76pWs,hTWkhRAp7EfDYFk5a,"uYmKqi2uC7Kk7qB8i,shqWzXw5SPDTDs5ma,dQ4i7PYX3o75xdSz9,M5SvNHB2iXQhbfd8i,mPEGZnyeT263EkAHH,xECJDXeLzgyAmCrEi,Xq5tW5ZgrugDAkocs,RMtimMhqScubWughj,44vyo3KDjiwgnp5Cr,BJL49bQiQSANuqbSS,HaC54a7qpbhigCm8z,5Jv8PoMHLGZpsKHWp,qmN7Yqj7T4YDMiMYg,ohhTgjzeQ9rNLhb7z,HbAWdyrms9bmYkSqh,rp7taGc7uoeJcoP7x,SRJDJfaiuPiwd7b3r,8CBSuabBYLXMhdYEP,LR8uDjbphfLwYTaA5,NhrLz5m9k6keoWKGW,HJHxgi2wEh8HcWCiK,6TetYrdHa2hAGDQdk,d2vjc5zuiuiz7xpZr,9B3YxgHpZzwvXhbyg,uowkS4mZ5wRRwmKDu,cQL4ioEcspN3ZxRkF,vt3NZadbMpDBL3uWQ,MKQT7zJAqhQ38LvRD,EeaD4nEvA2MkfXmQf,nmz6Yq94eujPYAkFx,ZLDTEFu6MWmLEZBtH,vWFJ6KpLvGrd3jsTq,F8rNgaLyvY3dD2PbC,ZCDto82gAa7NgcYWs,hxM4w6TkmZsvA9dxL,Ct3eviY5QohTQGZb7,2CAqYoxuqebHEH9bA,ij6zQR56cgY9t9oPG,fyR8o7rayC5pjK5S3,4Fr4pEfQQruicnTAw,Q5iTEW8Yj7aq6BNjQ","Doke7X7WNnFwHZP4E,ekSbCaWp5aNMFarbX",kwLgBjnzmmS4EGMcc,2021-12-09T17:57:57Z,FALSE,"{""ekSbCaWp5aNMFarbX"":""p1"",""Doke7X7WNnFwHZP4E"":""p2""}"
