row_id,index,stageIds,gameId,createdAt,targets,payoffs,repNum,text,playerId,role,type,submitted
qYNRWAkHFEghZ7hBw,0,"MjEe7EztGQmYsBX3X,mpSwePLMe3oTrHaau",2iyt5HqNWAyYtZvWc,2021-11-08T19:12:31Z,"{""image"":""/experiment/aqua-crate.jpeg"",""label"":""A""},{""image"":""/experiment/orange-crate.jpeg"",""label"":""B""}","{""AA"":{""p1"":7,""p2"":7},""AB"":{""p1"":0,""p2"":9},""BA"":{""p1"":9,""p2"":0},""BB"":{""p1"":3,""p2"":3}}",0,NA,DfhwRi77r89iZFEFD,p1,selectionAlert,TRUE
qYNRWAkHFEghZ7hBw,0,"MjEe7EztGQmYsBX3X,mpSwePLMe3oTrHaau",2iyt5HqNWAyYtZvWc,2021-11-08T19:12:31Z,"{""image"":""/experiment/aqua-crate.jpeg"",""label"":""A""},{""image"":""/experiment/orange-crate.jpeg"",""label"":""B""}","{""AA"":{""p1"":7,""p2"":7},""AB"":{""p1"":0,""p2"":9},""BA"":{""p1"":9,""p2"":0},""BB"":{""p1"":3,""p2"":3}}",0,NA,WvggzrzGgjk4HDh9M,p2,selectionAlert,TRUE
xo2zBZ3F7JgoD9Ewe,1,"u4erQgufwz4Yno9qo,y8Wo5e4i9qYJDQs9D",2iyt5HqNWAyYtZvWc,2021-11-08T19:12:31Z,"{""image"":""/experiment/crate.jpeg"",""label"":""A""},{""image"":""/experiment/pink-crate.jpeg"",""label"":""B""}","{""AA"":{""p1"":5,""p2"":5},""AB"":{""p1"":0,""p2"":7},""BA"":{""p1"":7,""p2"":0},""BB"":{""p1"":4,""p2"":4}}",1,NA,DfhwRi77r89iZFEFD,p1,selectionAlert,TRUE
xo2zBZ3F7JgoD9Ewe,1,"u4erQgufwz4Yno9qo,y8Wo5e4i9qYJDQs9D",2iyt5HqNWAyYtZvWc,2021-11-08T19:12:31Z,"{""image"":""/experiment/crate.jpeg"",""label"":""A""},{""image"":""/experiment/pink-crate.jpeg"",""label"":""B""}","{""AA"":{""p1"":5,""p2"":5},""AB"":{""p1"":0,""p2"":7},""BA"":{""p1"":7,""p2"":0},""BB"":{""p1"":4,""p2"":4}}",1,NA,WvggzrzGgjk4HDh9M,p2,selectionAlert,TRUE
Yx9MCZATGBmKP2eE4,2,"FTacnjNHyeybWEPJ9,9czCEAfdMoTuNf3Pr",2iyt5HqNWAyYtZvWc,2021-11-08T19:12:31Z,"{""image"":""/experiment/pink-crate.jpeg"",""label"":""A""},{""image"":""/experiment/aqua-crate.jpeg"",""label"":""B""}","{""AA"":{""p1"":5,""p2"":5},""AB"":{""p1"":0,""p2"":6},""BA"":{""p1"":6,""p2"":0},""BB"":{""p1"":1,""p2"":1}}",2,NA,DfhwRi77r89iZFEFD,p1,selectionAlert,TRUE
Yx9MCZATGBmKP2eE4,2,"FTacnjNHyeybWEPJ9,9czCEAfdMoTuNf3Pr",2iyt5HqNWAyYtZvWc,2021-11-08T19:12:31Z,"{""image"":""/experiment/pink-crate.jpeg"",""label"":""A""},{""image"":""/experiment/aqua-crate.jpeg"",""label"":""B""}","{""AA"":{""p1"":5,""p2"":5},""AB"":{""p1"":0,""p2"":6},""BA"":{""p1"":6,""p2"":0},""BB"":{""p1"":1,""p2"":1}}",2,NA,WvggzrzGgjk4HDh9M,p2,selectionAlert,TRUE
MSug2PQKWMCKLQHZP,3,"X9375u6Euf24gyW8z,E3DSx83xHf4xaTc6D",2iyt5HqNWAyYtZvWc,2021-11-08T19:12:31Z,"{""image"":""/experiment/blue-crate.jpeg"",""label"":""A""},{""image"":""/experiment/green-crate.jpeg"",""label"":""B""}","{""AA"":{""p1"":7,""p2"":7},""AB"":{""p1"":0,""p2"":8},""BA"":{""p1"":8,""p2"":0},""BB"":{""p1"":5,""p2"":5}}",3,NA,DfhwRi77r89iZFEFD,p1,selectionAlert,TRUE
MSug2PQKWMCKLQHZP,3,"X9375u6Euf24gyW8z,E3DSx83xHf4xaTc6D",2iyt5HqNWAyYtZvWc,2021-11-08T19:12:31Z,"{""image"":""/experiment/blue-crate.jpeg"",""label"":""A""},{""image"":""/experiment/green-crate.jpeg"",""label"":""B""}","{""AA"":{""p1"":7,""p2"":7},""AB"":{""p1"":0,""p2"":8},""BA"":{""p1"":8,""p2"":0},""BB"":{""p1"":5,""p2"":5}}",3,blue,DfhwRi77r89iZFEFD,p1,message,TRUE
MSug2PQKWMCKLQHZP,3,"X9375u6Euf24gyW8z,E3DSx83xHf4xaTc6D",2iyt5HqNWAyYtZvWc,2021-11-08T19:12:31Z,"{""image"":""/experiment/blue-crate.jpeg"",""label"":""A""},{""image"":""/experiment/green-crate.jpeg"",""label"":""B""}","{""AA"":{""p1"":7,""p2"":7},""AB"":{""p1"":0,""p2"":8},""BA"":{""p1"":8,""p2"":0},""BB"":{""p1"":5,""p2"":5}}",3,NA,WvggzrzGgjk4HDh9M,p2,selectionAlert,TRUE
zqpLmTk9NAhoQ7wQw,4,"oF3krxHA5kgjaHmdf,KhjQEBc5qQsapsJZD",2iyt5HqNWAyYtZvWc,2021-11-08T19:12:31Z,"{""image"":""/experiment/purple-crate.jpeg"",""label"":""A""},{""image"":""/experiment/yellow-crate.jpeg"",""label"":""B""}","{""AA"":{""p1"":5,""p2"":5},""AB"":{""p1"":0,""p2"":9},""BA"":{""p1"":9,""p2"":0},""BB"":{""p1"":3,""p2"":3}}",4,NA,WvggzrzGgjk4HDh9M,p2,selectionAlert,TRUE
zqpLmTk9NAhoQ7wQw,4,"oF3krxHA5kgjaHmdf,KhjQEBc5qQsapsJZD",2iyt5HqNWAyYtZvWc,2021-11-08T19:12:31Z,"{""image"":""/experiment/purple-crate.jpeg"",""label"":""A""},{""image"":""/experiment/yellow-crate.jpeg"",""label"":""B""}","{""AA"":{""p1"":5,""p2"":5},""AB"":{""p1"":0,""p2"":9},""BA"":{""p1"":9,""p2"":0},""BB"":{""p1"":3,""p2"":3}}",4,NA,DfhwRi77r89iZFEFD,p1,selectionAlert,TRUE
QK4TYuCWN5CJkrfYc,5,"A2Y6tZjkK29n3Kxpy,fCCYMmG7mWvhFvtcH",2iyt5HqNWAyYtZvWc,2021-11-08T19:12:31Z,"{""image"":""/experiment/purple-crate.jpeg"",""label"":""A""},{""image"":""/experiment/crate.jpeg"",""label"":""B""}","{""AA"":{""p1"":6,""p2"":6},""AB"":{""p1"":0,""p2"":8},""BA"":{""p1"":8,""p2"":0},""BB"":{""p1"":3,""p2"":3}}",5,NA,DfhwRi77r89iZFEFD,p1,selectionAlert,TRUE
QK4TYuCWN5CJkrfYc,5,"A2Y6tZjkK29n3Kxpy,fCCYMmG7mWvhFvtcH",2iyt5HqNWAyYtZvWc,2021-11-08T19:12:31Z,"{""image"":""/experiment/purple-crate.jpeg"",""label"":""A""},{""image"":""/experiment/crate.jpeg"",""label"":""B""}","{""AA"":{""p1"":6,""p2"":6},""AB"":{""p1"":0,""p2"":8},""BA"":{""p1"":8,""p2"":0},""BB"":{""p1"":3,""p2"":3}}",5,NA,WvggzrzGgjk4HDh9M,p2,selectionAlert,TRUE
hGXNHvd6aP6xruo4z,6,"hy8Aoe7qkC9XP8miE,rRKR5ysSJeavS9BJq",2iyt5HqNWAyYtZvWc,2021-11-08T19:12:31Z,"{""image"":""/experiment/blue-crate.jpeg"",""label"":""A""},{""image"":""/experiment/pink-crate.jpeg"",""label"":""B""}","{""AA"":{""p1"":3,""p2"":3},""AB"":{""p1"":0,""p2"":8},""BA"":{""p1"":8,""p2"":0},""BB"":{""p1"":2,""p2"":2}}",6,NA,DfhwRi77r89iZFEFD,p1,selectionAlert,TRUE
hGXNHvd6aP6xruo4z,6,"hy8Aoe7qkC9XP8miE,rRKR5ysSJeavS9BJq",2iyt5HqNWAyYtZvWc,2021-11-08T19:12:31Z,"{""image"":""/experiment/blue-crate.jpeg"",""label"":""A""},{""image"":""/experiment/pink-crate.jpeg"",""label"":""B""}","{""AA"":{""p1"":3,""p2"":3},""AB"":{""p1"":0,""p2"":8},""BA"":{""p1"":8,""p2"":0},""BB"":{""p1"":2,""p2"":2}}",6,NA,WvggzrzGgjk4HDh9M,p2,selectionAlert,TRUE
vjdbQ6ED3YSYPsh2f,7,"JPj63mrY8Bwa9y3vH,HNy4vhgyhFxBcd7Mf",2iyt5HqNWAyYtZvWc,2021-11-08T19:12:31Z,"{""image"":""/experiment/aqua-crate.jpeg"",""label"":""A""},{""image"":""/experiment/pink-crate.jpeg"",""label"":""B""}","{""AA"":{""p1"":3,""p2"":3},""AB"":{""p1"":0,""p2"":5},""BA"":{""p1"":5,""p2"":0},""BB"":{""p1"":1,""p2"":1}}",7,NA,DfhwRi77r89iZFEFD,p1,selectionAlert,TRUE
vjdbQ6ED3YSYPsh2f,7,"JPj63mrY8Bwa9y3vH,HNy4vhgyhFxBcd7Mf",2iyt5HqNWAyYtZvWc,2021-11-08T19:12:31Z,"{""image"":""/experiment/aqua-crate.jpeg"",""label"":""A""},{""image"":""/experiment/pink-crate.jpeg"",""label"":""B""}","{""AA"":{""p1"":3,""p2"":3},""AB"":{""p1"":0,""p2"":5},""BA"":{""p1"":5,""p2"":0},""BB"":{""p1"":1,""p2"":1}}",7,NA,WvggzrzGgjk4HDh9M,p2,selectionAlert,TRUE
G9YH9Zdz9noLWi5pj,8,"D3Y7tkKRkCESqyvzE,zinCGcxXtrQiQLxn8",2iyt5HqNWAyYtZvWc,2021-11-08T19:12:31Z,"{""image"":""/experiment/purple-crate.jpeg"",""label"":""A""},{""image"":""/experiment/crate.jpeg"",""label"":""B""}","{""AA"":{""p1"":4,""p2"":4},""AB"":{""p1"":0,""p2"":8},""BA"":{""p1"":8,""p2"":0},""BB"":{""p1"":3,""p2"":3}}",8,NA,DfhwRi77r89iZFEFD,p1,selectionAlert,TRUE
G9YH9Zdz9noLWi5pj,8,"D3Y7tkKRkCESqyvzE,zinCGcxXtrQiQLxn8",2iyt5HqNWAyYtZvWc,2021-11-08T19:12:31Z,"{""image"":""/experiment/purple-crate.jpeg"",""label"":""A""},{""image"":""/experiment/crate.jpeg"",""label"":""B""}","{""AA"":{""p1"":4,""p2"":4},""AB"":{""p1"":0,""p2"":8},""BA"":{""p1"":8,""p2"":0},""BB"":{""p1"":3,""p2"":3}}",8,NA,WvggzrzGgjk4HDh9M,p2,selectionAlert,TRUE
7Xqe9P7EwhgJPMTQ5,9,"jNvEzogCMvLCrvZH6,HSsT2HjWN2KXa6sCX",2iyt5HqNWAyYtZvWc,2021-11-08T19:12:31Z,"{""image"":""/experiment/purple-crate.jpeg"",""label"":""A""},{""image"":""/experiment/aqua-crate.jpeg"",""label"":""B""}","{""AA"":{""p1"":3,""p2"":3},""AB"":{""p1"":0,""p2"":5},""BA"":{""p1"":5,""p2"":0},""BB"":{""p1"":1,""p2"":1}}",9,NA,WvggzrzGgjk4HDh9M,p2,selectionAlert,TRUE
7Xqe9P7EwhgJPMTQ5,9,"jNvEzogCMvLCrvZH6,HSsT2HjWN2KXa6sCX",2iyt5HqNWAyYtZvWc,2021-11-08T19:12:31Z,"{""image"":""/experiment/purple-crate.jpeg"",""label"":""A""},{""image"":""/experiment/aqua-crate.jpeg"",""label"":""B""}","{""AA"":{""p1"":3,""p2"":3},""AB"":{""p1"":0,""p2"":5},""BA"":{""p1"":5,""p2"":0},""BB"":{""p1"":1,""p2"":1}}",9,NA,DfhwRi77r89iZFEFD,p1,selectionAlert,TRUE
zSyjHsBsdYDLhytAu,10,"pF3M7eociGQ9bZ33K,PFP9oAJK9HZzpfQTP",2iyt5HqNWAyYtZvWc,2021-11-08T19:12:31Z,"{""image"":""/experiment/green-crate.jpeg"",""label"":""A""},{""image"":""/experiment/aqua-crate.jpeg"",""label"":""B""}","{""AA"":{""p1"":2,""p2"":2},""AB"":{""p1"":0,""p2"":3},""BA"":{""p1"":3,""p2"":0},""BB"":{""p1"":1,""p2"":1}}",10,NA,DfhwRi77r89iZFEFD,p1,selectionAlert,TRUE
zSyjHsBsdYDLhytAu,10,"pF3M7eociGQ9bZ33K,PFP9oAJK9HZzpfQTP",2iyt5HqNWAyYtZvWc,2021-11-08T19:12:31Z,"{""image"":""/experiment/green-crate.jpeg"",""label"":""A""},{""image"":""/experiment/aqua-crate.jpeg"",""label"":""B""}","{""AA"":{""p1"":2,""p2"":2},""AB"":{""p1"":0,""p2"":3},""BA"":{""p1"":3,""p2"":0},""BB"":{""p1"":1,""p2"":1}}",10,NA,WvggzrzGgjk4HDh9M,p2,selectionAlert,TRUE
5rkaKLo2JRviSPrZH,11,"DY84AXLC3Krk9NXre,AeCfvuYkZxkpnjyMa",2iyt5HqNWAyYtZvWc,2021-11-08T19:12:31Z,"{""image"":""/experiment/blue-crate.jpeg"",""label"":""A""},{""image"":""/experiment/aqua-crate.jpeg"",""label"":""B""}","{""AA"":{""p1"":5,""p2"":5},""AB"":{""p1"":0,""p2"":9},""BA"":{""p1"":9,""p2"":0},""BB"":{""p1"":3,""p2"":3}}",11,NA,WvggzrzGgjk4HDh9M,p2,selectionAlert,TRUE
5rkaKLo2JRviSPrZH,11,"DY84AXLC3Krk9NXre,AeCfvuYkZxkpnjyMa",2iyt5HqNWAyYtZvWc,2021-11-08T19:12:31Z,"{""image"":""/experiment/blue-crate.jpeg"",""label"":""A""},{""image"":""/experiment/aqua-crate.jpeg"",""label"":""B""}","{""AA"":{""p1"":5,""p2"":5},""AB"":{""p1"":0,""p2"":9},""BA"":{""p1"":9,""p2"":0},""BB"":{""p1"":3,""p2"":3}}",11,NA,DfhwRi77r89iZFEFD,p1,selectionAlert,TRUE
cKRgysMc8SXmSqukA,12,"pjXPKQKhQ5Tt6BNTu,dKqPGxfcApbTCz926",2iyt5HqNWAyYtZvWc,2021-11-08T19:12:31Z,"{""image"":""/experiment/green-crate.jpeg"",""label"":""A""},{""image"":""/experiment/purple-crate.jpeg"",""label"":""B""}","{""AA"":{""p1"":5,""p2"":5},""AB"":{""p1"":0,""p2"":9},""BA"":{""p1"":9,""p2"":0},""BB"":{""p1"":1,""p2"":1}}",12,NA,DfhwRi77r89iZFEFD,p1,selectionAlert,TRUE
cKRgysMc8SXmSqukA,12,"pjXPKQKhQ5Tt6BNTu,dKqPGxfcApbTCz926",2iyt5HqNWAyYtZvWc,2021-11-08T19:12:31Z,"{""image"":""/experiment/green-crate.jpeg"",""label"":""A""},{""image"":""/experiment/purple-crate.jpeg"",""label"":""B""}","{""AA"":{""p1"":5,""p2"":5},""AB"":{""p1"":0,""p2"":9},""BA"":{""p1"":9,""p2"":0},""BB"":{""p1"":1,""p2"":1}}",12,NA,WvggzrzGgjk4HDh9M,p2,selectionAlert,TRUE
Tz8zXvvwbniHgA5oa,13,"fc5EKD6Gy3iDLrbyZ,FpzPi9Qk79xfMLMvN",2iyt5HqNWAyYtZvWc,2021-11-08T19:12:31Z,"{""image"":""/experiment/pink-crate.jpeg"",""label"":""A""},{""image"":""/experiment/green-crate.jpeg"",""label"":""B""}","{""AA"":{""p1"":5,""p2"":5},""AB"":{""p1"":0,""p2"":6},""BA"":{""p1"":6,""p2"":0},""BB"":{""p1"":3,""p2"":3}}",13,NA,DfhwRi77r89iZFEFD,p1,selectionAlert,TRUE
Tz8zXvvwbniHgA5oa,13,"fc5EKD6Gy3iDLrbyZ,FpzPi9Qk79xfMLMvN",2iyt5HqNWAyYtZvWc,2021-11-08T19:12:31Z,"{""image"":""/experiment/pink-crate.jpeg"",""label"":""A""},{""image"":""/experiment/green-crate.jpeg"",""label"":""B""}","{""AA"":{""p1"":5,""p2"":5},""AB"":{""p1"":0,""p2"":6},""BA"":{""p1"":6,""p2"":0},""BB"":{""p1"":3,""p2"":3}}",13,NA,WvggzrzGgjk4HDh9M,p2,selectionAlert,TRUE
j6odAmLFzu6QpiDFc,14,"29TGGG3psGTF4PBwK,HE2N3FxGK5HmK9Kk4",2iyt5HqNWAyYtZvWc,2021-11-08T19:12:31Z,"{""image"":""/experiment/green-crate.jpeg"",""label"":""A""},{""image"":""/experiment/pink-crate.jpeg"",""label"":""B""}","{""AA"":{""p1"":5,""p2"":5},""AB"":{""p1"":0,""p2"":6},""BA"":{""p1"":6,""p2"":0},""BB"":{""p1"":3,""p2"":3}}",14,NA,DfhwRi77r89iZFEFD,p1,selectionAlert,TRUE
j6odAmLFzu6QpiDFc,14,"29TGGG3psGTF4PBwK,HE2N3FxGK5HmK9Kk4",2iyt5HqNWAyYtZvWc,2021-11-08T19:12:31Z,"{""image"":""/experiment/green-crate.jpeg"",""label"":""A""},{""image"":""/experiment/pink-crate.jpeg"",""label"":""B""}","{""AA"":{""p1"":5,""p2"":5},""AB"":{""p1"":0,""p2"":6},""BA"":{""p1"":6,""p2"":0},""BB"":{""p1"":3,""p2"":3}}",14,NA,WvggzrzGgjk4HDh9M,p2,selectionAlert,TRUE
BNhf7ZuQJMp678tdM,15,"N4bC2GDi3exgKNntv,TpHBGTHCQ6cS4ao6F",2iyt5HqNWAyYtZvWc,2021-11-08T19:12:31Z,"{""image"":""/experiment/orange-crate.jpeg"",""label"":""A""},{""image"":""/experiment/green-crate.jpeg"",""label"":""B""}","{""AA"":{""p1"":5,""p2"":5},""AB"":{""p1"":0,""p2"":9},""BA"":{""p1"":9,""p2"":0},""BB"":{""p1"":1,""p2"":1}}",15,NA,WvggzrzGgjk4HDh9M,p2,selectionAlert,TRUE
BNhf7ZuQJMp678tdM,15,"N4bC2GDi3exgKNntv,TpHBGTHCQ6cS4ao6F",2iyt5HqNWAyYtZvWc,2021-11-08T19:12:31Z,"{""image"":""/experiment/orange-crate.jpeg"",""label"":""A""},{""image"":""/experiment/green-crate.jpeg"",""label"":""B""}","{""AA"":{""p1"":5,""p2"":5},""AB"":{""p1"":0,""p2"":9},""BA"":{""p1"":9,""p2"":0},""BB"":{""p1"":1,""p2"":1}}",15,NA,DfhwRi77r89iZFEFD,p1,selectionAlert,TRUE
3HzpfLiXv4HCczpXZ,16,"JC7EBaCBeoxRRyh3b,aiKX2NpaidgvumjMH",2iyt5HqNWAyYtZvWc,2021-11-08T19:12:31Z,"{""image"":""/experiment/green-crate.jpeg"",""label"":""A""},{""image"":""/experiment/orange-crate.jpeg"",""label"":""B""}","{""AA"":{""p1"":4,""p2"":4},""AB"":{""p1"":0,""p2"":9},""BA"":{""p1"":9,""p2"":0},""BB"":{""p1"":1,""p2"":1}}",16,NA,WvggzrzGgjk4HDh9M,p2,selectionAlert,TRUE
3HzpfLiXv4HCczpXZ,16,"JC7EBaCBeoxRRyh3b,aiKX2NpaidgvumjMH",2iyt5HqNWAyYtZvWc,2021-11-08T19:12:31Z,"{""image"":""/experiment/green-crate.jpeg"",""label"":""A""},{""image"":""/experiment/orange-crate.jpeg"",""label"":""B""}","{""AA"":{""p1"":4,""p2"":4},""AB"":{""p1"":0,""p2"":9},""BA"":{""p1"":9,""p2"":0},""BB"":{""p1"":1,""p2"":1}}",16,NA,DfhwRi77r89iZFEFD,p1,selectionAlert,TRUE
LL9bcZg2Tf4HmeNop,17,"yb5mMyNHSzyCkCwvL,CgZpu3EXRD5Myd9Jq",2iyt5HqNWAyYtZvWc,2021-11-08T19:12:31Z,"{""image"":""/experiment/aqua-crate.jpeg"",""label"":""A""},{""image"":""/experiment/blue-crate.jpeg"",""label"":""B""}","{""AA"":{""p1"":5,""p2"":5},""AB"":{""p1"":0,""p2"":9},""BA"":{""p1"":9,""p2"":0},""BB"":{""p1"":3,""p2"":3}}",17,NA,WvggzrzGgjk4HDh9M,p2,selectionAlert,TRUE
LL9bcZg2Tf4HmeNop,17,"yb5mMyNHSzyCkCwvL,CgZpu3EXRD5Myd9Jq",2iyt5HqNWAyYtZvWc,2021-11-08T19:12:31Z,"{""image"":""/experiment/aqua-crate.jpeg"",""label"":""A""},{""image"":""/experiment/blue-crate.jpeg"",""label"":""B""}","{""AA"":{""p1"":5,""p2"":5},""AB"":{""p1"":0,""p2"":9},""BA"":{""p1"":9,""p2"":0},""BB"":{""p1"":3,""p2"":3}}",17,NA,DfhwRi77r89iZFEFD,p1,selectionAlert,TRUE
a7TgCj6zRPhaM436S,18,"GfpemfWo4QoZfF3GJ,a8DGe2X6yD9bv9JXD",2iyt5HqNWAyYtZvWc,2021-11-08T19:12:31Z,"{""image"":""/experiment/blue-crate.jpeg"",""label"":""A""},{""image"":""/experiment/crate.jpeg"",""label"":""B""}","{""AA"":{""p1"":3,""p2"":3},""AB"":{""p1"":0,""p2"":8},""BA"":{""p1"":8,""p2"":0},""BB"":{""p1"":1,""p2"":1}}",18,NA,WvggzrzGgjk4HDh9M,p2,selectionAlert,TRUE
a7TgCj6zRPhaM436S,18,"GfpemfWo4QoZfF3GJ,a8DGe2X6yD9bv9JXD",2iyt5HqNWAyYtZvWc,2021-11-08T19:12:31Z,"{""image"":""/experiment/blue-crate.jpeg"",""label"":""A""},{""image"":""/experiment/crate.jpeg"",""label"":""B""}","{""AA"":{""p1"":3,""p2"":3},""AB"":{""p1"":0,""p2"":8},""BA"":{""p1"":8,""p2"":0},""BB"":{""p1"":1,""p2"":1}}",18,NA,DfhwRi77r89iZFEFD,p1,selectionAlert,TRUE
GrpACDnm3vemubYHL,19,"tFFNuckmY86zbSusE,9FcyxJmR6JGtkpWfq",2iyt5HqNWAyYtZvWc,2021-11-08T19:12:31Z,"{""image"":""/experiment/orange-crate.jpeg"",""label"":""A""},{""image"":""/experiment/crate.jpeg"",""label"":""B""}","{""AA"":{""p1"":5,""p2"":5},""AB"":{""p1"":0,""p2"":7},""BA"":{""p1"":7,""p2"":0},""BB"":{""p1"":4,""p2"":4}}",19,NA,WvggzrzGgjk4HDh9M,p2,selectionAlert,TRUE
GrpACDnm3vemubYHL,19,"tFFNuckmY86zbSusE,9FcyxJmR6JGtkpWfq",2iyt5HqNWAyYtZvWc,2021-11-08T19:12:31Z,"{""image"":""/experiment/orange-crate.jpeg"",""label"":""A""},{""image"":""/experiment/crate.jpeg"",""label"":""B""}","{""AA"":{""p1"":5,""p2"":5},""AB"":{""p1"":0,""p2"":7},""BA"":{""p1"":7,""p2"":0},""BB"":{""p1"":4,""p2"":4}}",19,NA,DfhwRi77r89iZFEFD,p1,selectionAlert,TRUE
zeYeMFGeBKzmTixWD,0,"TXNK3izmwbxp97yFY,5dFRavFjbwZgfokpe",zLuA4iDWY3B356FLZ,2021-11-08T19:13:07Z,"{""image"":""/experiment/yellow-crate.jpeg"",""label"":""A""},{""image"":""/experiment/orange-crate.jpeg"",""label"":""B""}","{""AA"":{""p1"":5,""p2"":5},""AB"":{""p1"":0,""p2"":6},""BA"":{""p1"":6,""p2"":0},""BB"":{""p1"":1,""p2"":1}}",0,NA,aD8amtjzJx6jEyBMp,p2,selectionAlert,TRUE
zeYeMFGeBKzmTixWD,0,"TXNK3izmwbxp97yFY,5dFRavFjbwZgfokpe",zLuA4iDWY3B356FLZ,2021-11-08T19:13:07Z,"{""image"":""/experiment/yellow-crate.jpeg"",""label"":""A""},{""image"":""/experiment/orange-crate.jpeg"",""label"":""B""}","{""AA"":{""p1"":5,""p2"":5},""AB"":{""p1"":0,""p2"":6},""BA"":{""p1"":6,""p2"":0},""BB"":{""p1"":1,""p2"":1}}",0,NA,Hvv3gEyCGX2zBmXK2,p1,selectionAlert,TRUE
g3zCdpuspGBjLjkfG,1,"kY5fWhiQZLbxEjcRw,Taq556jKYHDYXZ9ta",zLuA4iDWY3B356FLZ,2021-11-08T19:13:07Z,"{""image"":""/experiment/yellow-crate.jpeg"",""label"":""A""},{""image"":""/experiment/pink-crate.jpeg"",""label"":""B""}","{""AA"":{""p1"":5,""p2"":5},""AB"":{""p1"":0,""p2"":8},""BA"":{""p1"":8,""p2"":0},""BB"":{""p1"":3,""p2"":3}}",1,NA,Hvv3gEyCGX2zBmXK2,p1,selectionAlert,TRUE
g3zCdpuspGBjLjkfG,1,"kY5fWhiQZLbxEjcRw,Taq556jKYHDYXZ9ta",zLuA4iDWY3B356FLZ,2021-11-08T19:13:07Z,"{""image"":""/experiment/yellow-crate.jpeg"",""label"":""A""},{""image"":""/experiment/pink-crate.jpeg"",""label"":""B""}","{""AA"":{""p1"":5,""p2"":5},""AB"":{""p1"":0,""p2"":8},""BA"":{""p1"":8,""p2"":0},""BB"":{""p1"":3,""p2"":3}}",1,NA,aD8amtjzJx6jEyBMp,p2,selectionAlert,TRUE
ffgSfrus3mfQXcMGY,2,"TankasDpcEJz6bfHj,zzLd6wrrAf5oRzrP5",zLuA4iDWY3B356FLZ,2021-11-08T19:13:07Z,"{""image"":""/experiment/orange-crate.jpeg"",""label"":""A""},{""image"":""/experiment/purple-crate.jpeg"",""label"":""B""}","{""AA"":{""p1"":5,""p2"":5},""AB"":{""p1"":0,""p2"":9},""BA"":{""p1"":9,""p2"":0},""BB"":{""p1"":3,""p2"":3}}",2,NA,Hvv3gEyCGX2zBmXK2,p1,selectionAlert,TRUE
ffgSfrus3mfQXcMGY,2,"TankasDpcEJz6bfHj,zzLd6wrrAf5oRzrP5",zLuA4iDWY3B356FLZ,2021-11-08T19:13:07Z,"{""image"":""/experiment/orange-crate.jpeg"",""label"":""A""},{""image"":""/experiment/purple-crate.jpeg"",""label"":""B""}","{""AA"":{""p1"":5,""p2"":5},""AB"":{""p1"":0,""p2"":9},""BA"":{""p1"":9,""p2"":0},""BB"":{""p1"":3,""p2"":3}}",2,NA,aD8amtjzJx6jEyBMp,p2,selectionAlert,TRUE
xLTv2KhgoGtHPm7Qh,3,"8usR3eqvtnrnNpQtY,GDKidWgMzzZe9WaR2",zLuA4iDWY3B356FLZ,2021-11-08T19:13:07Z,"{""image"":""/experiment/crate.jpeg"",""label"":""A""},{""image"":""/experiment/purple-crate.jpeg"",""label"":""B""}","{""AA"":{""p1"":5,""p2"":5},""AB"":{""p1"":0,""p2"":7},""BA"":{""p1"":7,""p2"":0},""BB"":{""p1"":2,""p2"":2}}",3,NA,aD8amtjzJx6jEyBMp,p2,selectionAlert,TRUE
xLTv2KhgoGtHPm7Qh,3,"8usR3eqvtnrnNpQtY,GDKidWgMzzZe9WaR2",zLuA4iDWY3B356FLZ,2021-11-08T19:13:07Z,"{""image"":""/experiment/crate.jpeg"",""label"":""A""},{""image"":""/experiment/purple-crate.jpeg"",""label"":""B""}","{""AA"":{""p1"":5,""p2"":5},""AB"":{""p1"":0,""p2"":7},""BA"":{""p1"":7,""p2"":0},""BB"":{""p1"":2,""p2"":2}}",3,NA,Hvv3gEyCGX2zBmXK2,p1,selectionAlert,TRUE
LAhmHxA9msSnv2Ero,4,"zvNHeJ2g9yowDyTS4,tbmhfWptpTzDGsRAZ",zLuA4iDWY3B356FLZ,2021-11-08T19:13:07Z,"{""image"":""/experiment/green-crate.jpeg"",""label"":""A""},{""image"":""/experiment/orange-crate.jpeg"",""label"":""B""}","{""AA"":{""p1"":7,""p2"":7},""AB"":{""p1"":0,""p2"":8},""BA"":{""p1"":8,""p2"":0},""BB"":{""p1"":5,""p2"":5}}",4,NA,Hvv3gEyCGX2zBmXK2,p1,selectionAlert,TRUE
LAhmHxA9msSnv2Ero,4,"zvNHeJ2g9yowDyTS4,tbmhfWptpTzDGsRAZ",zLuA4iDWY3B356FLZ,2021-11-08T19:13:07Z,"{""image"":""/experiment/green-crate.jpeg"",""label"":""A""},{""image"":""/experiment/orange-crate.jpeg"",""label"":""B""}","{""AA"":{""p1"":7,""p2"":7},""AB"":{""p1"":0,""p2"":8},""BA"":{""p1"":8,""p2"":0},""BB"":{""p1"":5,""p2"":5}}",4,NA,aD8amtjzJx6jEyBMp,p2,selectionAlert,TRUE
oR5mMrXQTQL2BrLt5,5,"WyFcQtuWBTS25zrBJ,EmtBE2cc6Lwtk4Kt6",zLuA4iDWY3B356FLZ,2021-11-08T19:13:07Z,"{""image"":""/experiment/orange-crate.jpeg"",""label"":""A""},{""image"":""/experiment/pink-crate.jpeg"",""label"":""B""}","{""AA"":{""p1"":5,""p2"":5},""AB"":{""p1"":0,""p2"":8},""BA"":{""p1"":8,""p2"":0},""BB"":{""p1"":1,""p2"":1}}",5,NA,aD8amtjzJx6jEyBMp,p2,selectionAlert,TRUE
oR5mMrXQTQL2BrLt5,5,"WyFcQtuWBTS25zrBJ,EmtBE2cc6Lwtk4Kt6",zLuA4iDWY3B356FLZ,2021-11-08T19:13:07Z,"{""image"":""/experiment/orange-crate.jpeg"",""label"":""A""},{""image"":""/experiment/pink-crate.jpeg"",""label"":""B""}","{""AA"":{""p1"":5,""p2"":5},""AB"":{""p1"":0,""p2"":8},""BA"":{""p1"":8,""p2"":0},""BB"":{""p1"":1,""p2"":1}}",5,NA,Hvv3gEyCGX2zBmXK2,p1,selectionAlert,TRUE
GQCHz6TBzEyK3ySnX,6,"MMRsJqKch9QTAuhin,ozRRvevj6G8uK87WQ",zLuA4iDWY3B356FLZ,2021-11-08T19:13:07Z,"{""image"":""/experiment/purple-crate.jpeg"",""label"":""A""},{""image"":""/experiment/orange-crate.jpeg"",""label"":""B""}","{""AA"":{""p1"":6,""p2"":6},""AB"":{""p1"":0,""p2"":9},""BA"":{""p1"":9,""p2"":0},""BB"":{""p1"":5,""p2"":5}}",6,NA,aD8amtjzJx6jEyBMp,p2,selectionAlert,TRUE
GQCHz6TBzEyK3ySnX,6,"MMRsJqKch9QTAuhin,ozRRvevj6G8uK87WQ",zLuA4iDWY3B356FLZ,2021-11-08T19:13:07Z,"{""image"":""/experiment/purple-crate.jpeg"",""label"":""A""},{""image"":""/experiment/orange-crate.jpeg"",""label"":""B""}","{""AA"":{""p1"":6,""p2"":6},""AB"":{""p1"":0,""p2"":9},""BA"":{""p1"":9,""p2"":0},""BB"":{""p1"":5,""p2"":5}}",6,NA,Hvv3gEyCGX2zBmXK2,p1,selectionAlert,TRUE
roQgvYhrLEdLHocZi,7,"aCdttfoQjxFrQYmeb,r9BSNk95zijXQ9KWm",zLuA4iDWY3B356FLZ,2021-11-08T19:13:07Z,"{""image"":""/experiment/purple-crate.jpeg"",""label"":""A""},{""image"":""/experiment/yellow-crate.jpeg"",""label"":""B""}","{""AA"":{""p1"":2,""p2"":2},""AB"":{""p1"":0,""p2"":3},""BA"":{""p1"":3,""p2"":0},""BB"":{""p1"":1,""p2"":1}}",7,NA,Hvv3gEyCGX2zBmXK2,p1,selectionAlert,TRUE
roQgvYhrLEdLHocZi,7,"aCdttfoQjxFrQYmeb,r9BSNk95zijXQ9KWm",zLuA4iDWY3B356FLZ,2021-11-08T19:13:07Z,"{""image"":""/experiment/purple-crate.jpeg"",""label"":""A""},{""image"":""/experiment/yellow-crate.jpeg"",""label"":""B""}","{""AA"":{""p1"":2,""p2"":2},""AB"":{""p1"":0,""p2"":3},""BA"":{""p1"":3,""p2"":0},""BB"":{""p1"":1,""p2"":1}}",7,NA,aD8amtjzJx6jEyBMp,p2,selectionAlert,TRUE
jYZaeA2zRPQpD98JB,8,"mTWSymh5FiSggnJed,2Dt5p9j3rTdCyH3gs",zLuA4iDWY3B356FLZ,2021-11-08T19:13:07Z,"{""image"":""/experiment/green-crate.jpeg"",""label"":""A""},{""image"":""/experiment/purple-crate.jpeg"",""label"":""B""}","{""AA"":{""p1"":3,""p2"":3},""AB"":{""p1"":0,""p2"":9},""BA"":{""p1"":9,""p2"":0},""BB"":{""p1"":2,""p2"":2}}",8,NA,Hvv3gEyCGX2zBmXK2,p1,selectionAlert,TRUE
jYZaeA2zRPQpD98JB,8,"mTWSymh5FiSggnJed,2Dt5p9j3rTdCyH3gs",zLuA4iDWY3B356FLZ,2021-11-08T19:13:07Z,"{""image"":""/experiment/green-crate.jpeg"",""label"":""A""},{""image"":""/experiment/purple-crate.jpeg"",""label"":""B""}","{""AA"":{""p1"":3,""p2"":3},""AB"":{""p1"":0,""p2"":9},""BA"":{""p1"":9,""p2"":0},""BB"":{""p1"":2,""p2"":2}}",8,NA,aD8amtjzJx6jEyBMp,p2,selectionAlert,TRUE
QgrQmQiAaAgP36ddx,9,"sXM25h2CnvvMG2Cha,AGwfdpn55pFtvbBsd",zLuA4iDWY3B356FLZ,2021-11-08T19:13:07Z,"{""image"":""/experiment/green-crate.jpeg"",""label"":""A""},{""image"":""/experiment/blue-crate.jpeg"",""label"":""B""}","{""AA"":{""p1"":6,""p2"":6},""AB"":{""p1"":0,""p2"":7},""BA"":{""p1"":7,""p2"":0},""BB"":{""p1"":5,""p2"":5}}",9,NA,aD8amtjzJx6jEyBMp,p2,selectionAlert,TRUE
QgrQmQiAaAgP36ddx,9,"sXM25h2CnvvMG2Cha,AGwfdpn55pFtvbBsd",zLuA4iDWY3B356FLZ,2021-11-08T19:13:07Z,"{""image"":""/experiment/green-crate.jpeg"",""label"":""A""},{""image"":""/experiment/blue-crate.jpeg"",""label"":""B""}","{""AA"":{""p1"":6,""p2"":6},""AB"":{""p1"":0,""p2"":7},""BA"":{""p1"":7,""p2"":0},""BB"":{""p1"":5,""p2"":5}}",9,NA,Hvv3gEyCGX2zBmXK2,p1,selectionAlert,TRUE
QZnAJ2unvCKe3XoJk,10,"H2sEod76aeF5ZFPhf,hvrDCcJsR2A73JMDD",zLuA4iDWY3B356FLZ,2021-11-08T19:13:07Z,"{""image"":""/experiment/green-crate.jpeg"",""label"":""A""},{""image"":""/experiment/purple-crate.jpeg"",""label"":""B""}","{""AA"":{""p1"":6,""p2"":6},""AB"":{""p1"":0,""p2"":7},""BA"":{""p1"":7,""p2"":0},""BB"":{""p1"":2,""p2"":2}}",10,NA,aD8amtjzJx6jEyBMp,p2,selectionAlert,TRUE
QZnAJ2unvCKe3XoJk,10,"H2sEod76aeF5ZFPhf,hvrDCcJsR2A73JMDD",zLuA4iDWY3B356FLZ,2021-11-08T19:13:07Z,"{""image"":""/experiment/green-crate.jpeg"",""label"":""A""},{""image"":""/experiment/purple-crate.jpeg"",""label"":""B""}","{""AA"":{""p1"":6,""p2"":6},""AB"":{""p1"":0,""p2"":7},""BA"":{""p1"":7,""p2"":0},""BB"":{""p1"":2,""p2"":2}}",10,NA,Hvv3gEyCGX2zBmXK2,p1,selectionAlert,TRUE
CX3ipZzMDdpnSjA26,11,"kJrxWz7Bazk9MjQPq,BtpGrb8mbN7pnPBJn",zLuA4iDWY3B356FLZ,2021-11-08T19:13:07Z,"{""image"":""/experiment/crate.jpeg"",""label"":""A""},{""image"":""/experiment/aqua-crate.jpeg"",""label"":""B""}","{""AA"":{""p1"":5,""p2"":5},""AB"":{""p1"":0,""p2"":8},""BA"":{""p1"":8,""p2"":0},""BB"":{""p1"":2,""p2"":2}}",11,NA,aD8amtjzJx6jEyBMp,p2,selectionAlert,TRUE
CX3ipZzMDdpnSjA26,11,"kJrxWz7Bazk9MjQPq,BtpGrb8mbN7pnPBJn",zLuA4iDWY3B356FLZ,2021-11-08T19:13:07Z,"{""image"":""/experiment/crate.jpeg"",""label"":""A""},{""image"":""/experiment/aqua-crate.jpeg"",""label"":""B""}","{""AA"":{""p1"":5,""p2"":5},""AB"":{""p1"":0,""p2"":8},""BA"":{""p1"":8,""p2"":0},""BB"":{""p1"":2,""p2"":2}}",11,NA,Hvv3gEyCGX2zBmXK2,p1,selectionAlert,TRUE
roXA5jyhire4zH34h,12,"MzbPerHMpm7ELhYDS,sKB7ThAewWYsnJRZy",zLuA4iDWY3B356FLZ,2021-11-08T19:13:07Z,"{""image"":""/experiment/blue-crate.jpeg"",""label"":""A""},{""image"":""/experiment/orange-crate.jpeg"",""label"":""B""}","{""AA"":{""p1"":2,""p2"":2},""AB"":{""p1"":0,""p2"":4},""BA"":{""p1"":4,""p2"":0},""BB"":{""p1"":1,""p2"":1}}",12,NA,aD8amtjzJx6jEyBMp,p2,selectionAlert,TRUE
roXA5jyhire4zH34h,12,"MzbPerHMpm7ELhYDS,sKB7ThAewWYsnJRZy",zLuA4iDWY3B356FLZ,2021-11-08T19:13:07Z,"{""image"":""/experiment/blue-crate.jpeg"",""label"":""A""},{""image"":""/experiment/orange-crate.jpeg"",""label"":""B""}","{""AA"":{""p1"":2,""p2"":2},""AB"":{""p1"":0,""p2"":4},""BA"":{""p1"":4,""p2"":0},""BB"":{""p1"":1,""p2"":1}}",12,NA,Hvv3gEyCGX2zBmXK2,p1,selectionAlert,TRUE
G6m7hWjc2yedk7WCL,13,"sv3NKaTzWRHFSPzD4,bZ4nLycR8hosXFhL3",zLuA4iDWY3B356FLZ,2021-11-08T19:13:07Z,"{""image"":""/experiment/green-crate.jpeg"",""label"":""A""},{""image"":""/experiment/crate.jpeg"",""label"":""B""}","{""AA"":{""p1"":6,""p2"":6},""AB"":{""p1"":0,""p2"":8},""BA"":{""p1"":8,""p2"":0},""BB"":{""p1"":5,""p2"":5}}",13,NA,Hvv3gEyCGX2zBmXK2,p1,selectionAlert,TRUE
G6m7hWjc2yedk7WCL,13,"sv3NKaTzWRHFSPzD4,bZ4nLycR8hosXFhL3",zLuA4iDWY3B356FLZ,2021-11-08T19:13:07Z,"{""image"":""/experiment/green-crate.jpeg"",""label"":""A""},{""image"":""/experiment/crate.jpeg"",""label"":""B""}","{""AA"":{""p1"":6,""p2"":6},""AB"":{""p1"":0,""p2"":8},""BA"":{""p1"":8,""p2"":0},""BB"":{""p1"":5,""p2"":5}}",13,NA,aD8amtjzJx6jEyBMp,p2,selectionAlert,TRUE
ZB9QsfpT5Fk4Kir2Y,14,"ivAy6o6Xaa8z8tXae,chvJx9ag2EsPmnsBT",zLuA4iDWY3B356FLZ,2021-11-08T19:13:07Z,"{""image"":""/experiment/purple-crate.jpeg"",""label"":""A""},{""image"":""/experiment/orange-crate.jpeg"",""label"":""B""}","{""AA"":{""p1"":5,""p2"":5},""AB"":{""p1"":0,""p2"":7},""BA"":{""p1"":7,""p2"":0},""BB"":{""p1"":1,""p2"":1}}",14,NA,aD8amtjzJx6jEyBMp,p2,selectionAlert,TRUE
ZB9QsfpT5Fk4Kir2Y,14,"ivAy6o6Xaa8z8tXae,chvJx9ag2EsPmnsBT",zLuA4iDWY3B356FLZ,2021-11-08T19:13:07Z,"{""image"":""/experiment/purple-crate.jpeg"",""label"":""A""},{""image"":""/experiment/orange-crate.jpeg"",""label"":""B""}","{""AA"":{""p1"":5,""p2"":5},""AB"":{""p1"":0,""p2"":7},""BA"":{""p1"":7,""p2"":0},""BB"":{""p1"":1,""p2"":1}}",14,NA,Hvv3gEyCGX2zBmXK2,p1,selectionAlert,TRUE
Ky7yAcTyNnYTqqvLZ,15,"tZEGEqGDnySHGJD9X,yse9RmCtmb7rxQLAd",zLuA4iDWY3B356FLZ,2021-11-08T19:13:07Z,"{""image"":""/experiment/pink-crate.jpeg"",""label"":""A""},{""image"":""/experiment/orange-crate.jpeg"",""label"":""B""}","{""AA"":{""p1"":5,""p2"":5},""AB"":{""p1"":0,""p2"":6},""BA"":{""p1"":6,""p2"":0},""BB"":{""p1"":4,""p2"":4}}",15,NA,aD8amtjzJx6jEyBMp,p2,selectionAlert,TRUE
Ky7yAcTyNnYTqqvLZ,15,"tZEGEqGDnySHGJD9X,yse9RmCtmb7rxQLAd",zLuA4iDWY3B356FLZ,2021-11-08T19:13:07Z,"{""image"":""/experiment/pink-crate.jpeg"",""label"":""A""},{""image"":""/experiment/orange-crate.jpeg"",""label"":""B""}","{""AA"":{""p1"":5,""p2"":5},""AB"":{""p1"":0,""p2"":6},""BA"":{""p1"":6,""p2"":0},""BB"":{""p1"":4,""p2"":4}}",15,NA,Hvv3gEyCGX2zBmXK2,p1,selectionAlert,TRUE
wuwJa6iiigpgHZ4E5,16,"8aKNjeC3soFYRWnFF,25eFGy28RDhfSQiav",zLuA4iDWY3B356FLZ,2021-11-08T19:13:07Z,"{""image"":""/experiment/yellow-crate.jpeg"",""label"":""A""},{""image"":""/experiment/pink-crate.jpeg"",""label"":""B""}","{""AA"":{""p1"":5,""p2"":5},""AB"":{""p1"":0,""p2"":6},""BA"":{""p1"":6,""p2"":0},""BB"":{""p1"":1,""p2"":1}}",16,NA,Hvv3gEyCGX2zBmXK2,p1,selectionAlert,TRUE
wuwJa6iiigpgHZ4E5,16,"8aKNjeC3soFYRWnFF,25eFGy28RDhfSQiav",zLuA4iDWY3B356FLZ,2021-11-08T19:13:07Z,"{""image"":""/experiment/yellow-crate.jpeg"",""label"":""A""},{""image"":""/experiment/pink-crate.jpeg"",""label"":""B""}","{""AA"":{""p1"":5,""p2"":5},""AB"":{""p1"":0,""p2"":6},""BA"":{""p1"":6,""p2"":0},""BB"":{""p1"":1,""p2"":1}}",16,NA,aD8amtjzJx6jEyBMp,p2,selectionAlert,TRUE
KTNti5CaBCAKFJJJo,17,"yCRJChewrFg7hBEwf,mtgsJEkS8SCE8xn2n",zLuA4iDWY3B356FLZ,2021-11-08T19:13:07Z,"{""image"":""/experiment/aqua-crate.jpeg"",""label"":""A""},{""image"":""/experiment/crate.jpeg"",""label"":""B""}","{""AA"":{""p1"":5,""p2"":5},""AB"":{""p1"":0,""p2"":9},""BA"":{""p1"":9,""p2"":0},""BB"":{""p1"":3,""p2"":3}}",17,NA,Hvv3gEyCGX2zBmXK2,p1,selectionAlert,TRUE
KTNti5CaBCAKFJJJo,17,"yCRJChewrFg7hBEwf,mtgsJEkS8SCE8xn2n",zLuA4iDWY3B356FLZ,2021-11-08T19:13:07Z,"{""image"":""/experiment/aqua-crate.jpeg"",""label"":""A""},{""image"":""/experiment/crate.jpeg"",""label"":""B""}","{""AA"":{""p1"":5,""p2"":5},""AB"":{""p1"":0,""p2"":9},""BA"":{""p1"":9,""p2"":0},""BB"":{""p1"":3,""p2"":3}}",17,NA,aD8amtjzJx6jEyBMp,p2,selectionAlert,TRUE
ZmG9uXZyqrX4v2zns,18,"Dp5SryMuiZLmCT3eB,8zYC4QBcuccyDzkP7",zLuA4iDWY3B356FLZ,2021-11-08T19:13:07Z,"{""image"":""/experiment/pink-crate.jpeg"",""label"":""A""},{""image"":""/experiment/aqua-crate.jpeg"",""label"":""B""}","{""AA"":{""p1"":8,""p2"":8},""AB"":{""p1"":0,""p2"":9},""BA"":{""p1"":9,""p2"":0},""BB"":{""p1"":2,""p2"":2}}",18,NA,aD8amtjzJx6jEyBMp,p2,selectionAlert,TRUE
ZmG9uXZyqrX4v2zns,18,"Dp5SryMuiZLmCT3eB,8zYC4QBcuccyDzkP7",zLuA4iDWY3B356FLZ,2021-11-08T19:13:07Z,"{""image"":""/experiment/pink-crate.jpeg"",""label"":""A""},{""image"":""/experiment/aqua-crate.jpeg"",""label"":""B""}","{""AA"":{""p1"":8,""p2"":8},""AB"":{""p1"":0,""p2"":9},""BA"":{""p1"":9,""p2"":0},""BB"":{""p1"":2,""p2"":2}}",18,NA,Hvv3gEyCGX2zBmXK2,p1,selectionAlert,TRUE
Ej9nWknpCKFgwfWmN,19,"A2FGyCxeTsZK3DdN5,GWpWyfRR8psobRgoF",zLuA4iDWY3B356FLZ,2021-11-08T19:13:07Z,"{""image"":""/experiment/orange-crate.jpeg"",""label"":""A""},{""image"":""/experiment/crate.jpeg"",""label"":""B""}","{""AA"":{""p1"":6,""p2"":6},""AB"":{""p1"":0,""p2"":7},""BA"":{""p1"":7,""p2"":0},""BB"":{""p1"":4,""p2"":4}}",19,NA,aD8amtjzJx6jEyBMp,p2,selectionAlert,TRUE
Ej9nWknpCKFgwfWmN,19,"A2FGyCxeTsZK3DdN5,GWpWyfRR8psobRgoF",zLuA4iDWY3B356FLZ,2021-11-08T19:13:07Z,"{""image"":""/experiment/orange-crate.jpeg"",""label"":""A""},{""image"":""/experiment/crate.jpeg"",""label"":""B""}","{""AA"":{""p1"":6,""p2"":6},""AB"":{""p1"":0,""p2"":7},""BA"":{""p1"":7,""p2"":0},""BB"":{""p1"":4,""p2"":4}}",19,NA,Hvv3gEyCGX2zBmXK2,p1,selectionAlert,TRUE
u7yGNjn4Dq5y5roHM,0,"v6nPWYZLvue4SxsPW,WB44sFXPmopS9gkMD",iBNEbA9ZNacrZ97qL,2021-11-08T19:14:41Z,"{""image"":""/experiment/crate.jpeg"",""label"":""A""},{""image"":""/experiment/purple-crate.jpeg"",""label"":""B""}","{""AA"":{""p1"":2,""p2"":2},""AB"":{""p1"":0,""p2"":3},""BA"":{""p1"":3,""p2"":0},""BB"":{""p1"":1,""p2"":1}}",0,NA,rMFK4T5wzumu8iwh7,p2,selectionAlert,TRUE
u7yGNjn4Dq5y5roHM,0,"v6nPWYZLvue4SxsPW,WB44sFXPmopS9gkMD",iBNEbA9ZNacrZ97qL,2021-11-08T19:14:41Z,"{""image"":""/experiment/crate.jpeg"",""label"":""A""},{""image"":""/experiment/purple-crate.jpeg"",""label"":""B""}","{""AA"":{""p1"":2,""p2"":2},""AB"":{""p1"":0,""p2"":3},""BA"":{""p1"":3,""p2"":0},""BB"":{""p1"":1,""p2"":1}}",0,NA,m5hyD6u7arfKCWZ2h,p1,selectionAlert,TRUE
n8HQKpFxYZRmFm7dF,1,"NCnamFQy5SLbGCmv2,43kEBgzm2pAEZTimg",iBNEbA9ZNacrZ97qL,2021-11-08T19:14:41Z,"{""image"":""/experiment/pink-crate.jpeg"",""label"":""A""},{""image"":""/experiment/aqua-crate.jpeg"",""label"":""B""}","{""AA"":{""p1"":4,""p2"":4},""AB"":{""p1"":0,""p2"":8},""BA"":{""p1"":8,""p2"":0},""BB"":{""p1"":1,""p2"":1}}",1,NA,m5hyD6u7arfKCWZ2h,p1,selectionAlert,TRUE
n8HQKpFxYZRmFm7dF,1,"NCnamFQy5SLbGCmv2,43kEBgzm2pAEZTimg",iBNEbA9ZNacrZ97qL,2021-11-08T19:14:41Z,"{""image"":""/experiment/pink-crate.jpeg"",""label"":""A""},{""image"":""/experiment/aqua-crate.jpeg"",""label"":""B""}","{""AA"":{""p1"":4,""p2"":4},""AB"":{""p1"":0,""p2"":8},""BA"":{""p1"":8,""p2"":0},""BB"":{""p1"":1,""p2"":1}}",1,NA,rMFK4T5wzumu8iwh7,p2,selectionAlert,TRUE
wsEj3B9Dw6pRLLG5g,2,"2H86pFQXbj8uHjENe,qQypBMvaxgWc4Y8Xn",iBNEbA9ZNacrZ97qL,2021-11-08T19:14:41Z,"{""image"":""/experiment/aqua-crate.jpeg"",""label"":""A""},{""image"":""/experiment/orange-crate.jpeg"",""label"":""B""}","{""AA"":{""p1"":6,""p2"":6},""AB"":{""p1"":0,""p2"":7},""BA"":{""p1"":7,""p2"":0},""BB"":{""p1"":5,""p2"":5}}",2,NA,rMFK4T5wzumu8iwh7,p2,selectionAlert,TRUE
wsEj3B9Dw6pRLLG5g,2,"2H86pFQXbj8uHjENe,qQypBMvaxgWc4Y8Xn",iBNEbA9ZNacrZ97qL,2021-11-08T19:14:41Z,"{""image"":""/experiment/aqua-crate.jpeg"",""label"":""A""},{""image"":""/experiment/orange-crate.jpeg"",""label"":""B""}","{""AA"":{""p1"":6,""p2"":6},""AB"":{""p1"":0,""p2"":7},""BA"":{""p1"":7,""p2"":0},""BB"":{""p1"":5,""p2"":5}}",2,NA,m5hyD6u7arfKCWZ2h,p1,selectionAlert,TRUE
cDKskbvfwDqXJMhaZ,3,"tCbWXBzQjRxYiAcuS,DnhFsFRe5iHfXJrqE",iBNEbA9ZNacrZ97qL,2021-11-08T19:14:41Z,"{""image"":""/experiment/green-crate.jpeg"",""label"":""A""},{""image"":""/experiment/aqua-crate.jpeg"",""label"":""B""}","{""AA"":{""p1"":5,""p2"":5},""AB"":{""p1"":0,""p2"":8},""BA"":{""p1"":8,""p2"":0},""BB"":{""p1"":4,""p2"":4}}",3,NA,rMFK4T5wzumu8iwh7,p2,selectionAlert,TRUE
cDKskbvfwDqXJMhaZ,3,"tCbWXBzQjRxYiAcuS,DnhFsFRe5iHfXJrqE",iBNEbA9ZNacrZ97qL,2021-11-08T19:14:41Z,"{""image"":""/experiment/green-crate.jpeg"",""label"":""A""},{""image"":""/experiment/aqua-crate.jpeg"",""label"":""B""}","{""AA"":{""p1"":5,""p2"":5},""AB"":{""p1"":0,""p2"":8},""BA"":{""p1"":8,""p2"":0},""BB"":{""p1"":4,""p2"":4}}",3,NA,m5hyD6u7arfKCWZ2h,p1,selectionAlert,TRUE
qut2gSoeDRYEJhzAn,4,"LEbhHwSKjJKxbibEC,45H7nSu3hQgS85Lyw",iBNEbA9ZNacrZ97qL,2021-11-08T19:14:41Z,"{""image"":""/experiment/aqua-crate.jpeg"",""label"":""A""},{""image"":""/experiment/crate.jpeg"",""label"":""B""}","{""AA"":{""p1"":6,""p2"":6},""AB"":{""p1"":0,""p2"":9},""BA"":{""p1"":9,""p2"":0},""BB"":{""p1"":4,""p2"":4}}",4,NA,rMFK4T5wzumu8iwh7,p2,selectionAlert,TRUE
qut2gSoeDRYEJhzAn,4,"LEbhHwSKjJKxbibEC,45H7nSu3hQgS85Lyw",iBNEbA9ZNacrZ97qL,2021-11-08T19:14:41Z,"{""image"":""/experiment/aqua-crate.jpeg"",""label"":""A""},{""image"":""/experiment/crate.jpeg"",""label"":""B""}","{""AA"":{""p1"":6,""p2"":6},""AB"":{""p1"":0,""p2"":9},""BA"":{""p1"":9,""p2"":0},""BB"":{""p1"":4,""p2"":4}}",4,NA,m5hyD6u7arfKCWZ2h,p1,selectionAlert,TRUE
i47yyk3kSsfGWpKGM,5,"m2tkBoSLt59mLcLaM,xEq9SQtYMQLvMtZiR",iBNEbA9ZNacrZ97qL,2021-11-08T19:14:41Z,"{""image"":""/experiment/aqua-crate.jpeg"",""label"":""A""},{""image"":""/experiment/blue-crate.jpeg"",""label"":""B""}","{""AA"":{""p1"":7,""p2"":7},""AB"":{""p1"":0,""p2"":9},""BA"":{""p1"":9,""p2"":0},""BB"":{""p1"":6,""p2"":6}}",5,NA,m5hyD6u7arfKCWZ2h,p1,selectionAlert,TRUE
i47yyk3kSsfGWpKGM,5,"m2tkBoSLt59mLcLaM,xEq9SQtYMQLvMtZiR",iBNEbA9ZNacrZ97qL,2021-11-08T19:14:41Z,"{""image"":""/experiment/aqua-crate.jpeg"",""label"":""A""},{""image"":""/experiment/blue-crate.jpeg"",""label"":""B""}","{""AA"":{""p1"":7,""p2"":7},""AB"":{""p1"":0,""p2"":9},""BA"":{""p1"":9,""p2"":0},""BB"":{""p1"":6,""p2"":6}}",5,NA,rMFK4T5wzumu8iwh7,p2,selectionAlert,TRUE
bHhnBuXRJZFwA93mk,6,"KqFWHEyhjMBhEsCSz,F5RZAuovzrjps6s37",iBNEbA9ZNacrZ97qL,2021-11-08T19:14:41Z,"{""image"":""/experiment/aqua-crate.jpeg"",""label"":""A""},{""image"":""/experiment/green-crate.jpeg"",""label"":""B""}","{""AA"":{""p1"":5,""p2"":5},""AB"":{""p1"":0,""p2"":9},""BA"":{""p1"":9,""p2"":0},""BB"":{""p1"":3,""p2"":3}}",6,NA,rMFK4T5wzumu8iwh7,p2,selectionAlert,TRUE
bHhnBuXRJZFwA93mk,6,"KqFWHEyhjMBhEsCSz,F5RZAuovzrjps6s37",iBNEbA9ZNacrZ97qL,2021-11-08T19:14:41Z,"{""image"":""/experiment/aqua-crate.jpeg"",""label"":""A""},{""image"":""/experiment/green-crate.jpeg"",""label"":""B""}","{""AA"":{""p1"":5,""p2"":5},""AB"":{""p1"":0,""p2"":9},""BA"":{""p1"":9,""p2"":0},""BB"":{""p1"":3,""p2"":3}}",6,NA,m5hyD6u7arfKCWZ2h,p1,selectionAlert,TRUE
gMepK4tvZmjKKJRMh,7,"i3JqRm5EDJ7cNtu8M,CaMEZCGsBb7CwTZfK",iBNEbA9ZNacrZ97qL,2021-11-08T19:14:41Z,"{""image"":""/experiment/yellow-crate.jpeg"",""label"":""A""},{""image"":""/experiment/aqua-crate.jpeg"",""label"":""B""}","{""AA"":{""p1"":4,""p2"":4},""AB"":{""p1"":0,""p2"":6},""BA"":{""p1"":6,""p2"":0},""BB"":{""p1"":1,""p2"":1}}",7,NA,rMFK4T5wzumu8iwh7,p2,selectionAlert,TRUE
gMepK4tvZmjKKJRMh,7,"i3JqRm5EDJ7cNtu8M,CaMEZCGsBb7CwTZfK",iBNEbA9ZNacrZ97qL,2021-11-08T19:14:41Z,"{""image"":""/experiment/yellow-crate.jpeg"",""label"":""A""},{""image"":""/experiment/aqua-crate.jpeg"",""label"":""B""}","{""AA"":{""p1"":4,""p2"":4},""AB"":{""p1"":0,""p2"":6},""BA"":{""p1"":6,""p2"":0},""BB"":{""p1"":1,""p2"":1}}",7,NA,m5hyD6u7arfKCWZ2h,p1,selectionAlert,TRUE
GPxuXMaCxzXTbZhL6,8,"eWh5cDgNbR7ANW77Z,KBj3mqowugEpW4NvX",iBNEbA9ZNacrZ97qL,2021-11-08T19:14:41Z,"{""image"":""/experiment/orange-crate.jpeg"",""label"":""A""},{""image"":""/experiment/pink-crate.jpeg"",""label"":""B""}","{""AA"":{""p1"":5,""p2"":5},""AB"":{""p1"":0,""p2"":7},""BA"":{""p1"":7,""p2"":0},""BB"":{""p1"":2,""p2"":2}}",8,NA,m5hyD6u7arfKCWZ2h,p1,selectionAlert,TRUE
GPxuXMaCxzXTbZhL6,8,"eWh5cDgNbR7ANW77Z,KBj3mqowugEpW4NvX",iBNEbA9ZNacrZ97qL,2021-11-08T19:14:41Z,"{""image"":""/experiment/orange-crate.jpeg"",""label"":""A""},{""image"":""/experiment/pink-crate.jpeg"",""label"":""B""}","{""AA"":{""p1"":5,""p2"":5},""AB"":{""p1"":0,""p2"":7},""BA"":{""p1"":7,""p2"":0},""BB"":{""p1"":2,""p2"":2}}",8,NA,rMFK4T5wzumu8iwh7,p2,selectionAlert,TRUE
KiTP6nZmgC3y5M8Q9,9,"2mQ8xyv6DFRhsECew,TaddanyRC3GaopFnz",iBNEbA9ZNacrZ97qL,2021-11-08T19:14:41Z,"{""image"":""/experiment/crate.jpeg"",""label"":""A""},{""image"":""/experiment/purple-crate.jpeg"",""label"":""B""}","{""AA"":{""p1"":5,""p2"":5},""AB"":{""p1"":0,""p2"":6},""BA"":{""p1"":6,""p2"":0},""BB"":{""p1"":4,""p2"":4}}",9,NA,m5hyD6u7arfKCWZ2h,p1,selectionAlert,TRUE
KiTP6nZmgC3y5M8Q9,9,"2mQ8xyv6DFRhsECew,TaddanyRC3GaopFnz",iBNEbA9ZNacrZ97qL,2021-11-08T19:14:41Z,"{""image"":""/experiment/crate.jpeg"",""label"":""A""},{""image"":""/experiment/purple-crate.jpeg"",""label"":""B""}","{""AA"":{""p1"":5,""p2"":5},""AB"":{""p1"":0,""p2"":6},""BA"":{""p1"":6,""p2"":0},""BB"":{""p1"":4,""p2"":4}}",9,NA,rMFK4T5wzumu8iwh7,p2,selectionAlert,TRUE
SigpQiZ36pwoKLM5o,10,"2WvwELPa2jQdmkmZE,paT5yKhJFpaC7uRji",iBNEbA9ZNacrZ97qL,2021-11-08T19:14:41Z,"{""image"":""/experiment/blue-crate.jpeg"",""label"":""A""},{""image"":""/experiment/orange-crate.jpeg"",""label"":""B""}","{""AA"":{""p1"":5,""p2"":5},""AB"":{""p1"":0,""p2"":6},""BA"":{""p1"":6,""p2"":0},""BB"":{""p1"":2,""p2"":2}}",10,NA,m5hyD6u7arfKCWZ2h,p1,selectionAlert,TRUE
SigpQiZ36pwoKLM5o,10,"2WvwELPa2jQdmkmZE,paT5yKhJFpaC7uRji",iBNEbA9ZNacrZ97qL,2021-11-08T19:14:41Z,"{""image"":""/experiment/blue-crate.jpeg"",""label"":""A""},{""image"":""/experiment/orange-crate.jpeg"",""label"":""B""}","{""AA"":{""p1"":5,""p2"":5},""AB"":{""p1"":0,""p2"":6},""BA"":{""p1"":6,""p2"":0},""BB"":{""p1"":2,""p2"":2}}",10,NA,rMFK4T5wzumu8iwh7,p2,selectionAlert,TRUE
F5qzaRu9eSbfHTqfD,11,"2ha3QRi2QLf7F5ba7,7ZusGwimhaXqAAAta",iBNEbA9ZNacrZ97qL,2021-11-08T19:14:41Z,"{""image"":""/experiment/purple-crate.jpeg"",""label"":""A""},{""image"":""/experiment/crate.jpeg"",""label"":""B""}","{""AA"":{""p1"":2,""p2"":2},""AB"":{""p1"":0,""p2"":9},""BA"":{""p1"":9,""p2"":0},""BB"":{""p1"":1,""p2"":1}}",11,NA,rMFK4T5wzumu8iwh7,p2,selectionAlert,TRUE
F5qzaRu9eSbfHTqfD,11,"2ha3QRi2QLf7F5ba7,7ZusGwimhaXqAAAta",iBNEbA9ZNacrZ97qL,2021-11-08T19:14:41Z,"{""image"":""/experiment/purple-crate.jpeg"",""label"":""A""},{""image"":""/experiment/crate.jpeg"",""label"":""B""}","{""AA"":{""p1"":2,""p2"":2},""AB"":{""p1"":0,""p2"":9},""BA"":{""p1"":9,""p2"":0},""BB"":{""p1"":1,""p2"":1}}",11,NA,m5hyD6u7arfKCWZ2h,p1,selectionAlert,TRUE
xxKHdcj5zznZazYc3,12,"ve3mLxtFFjZQyNE2F,b8shukAWdtKNyZuqi",iBNEbA9ZNacrZ97qL,2021-11-08T19:14:41Z,"{""image"":""/experiment/orange-crate.jpeg"",""label"":""A""},{""image"":""/experiment/green-crate.jpeg"",""label"":""B""}","{""AA"":{""p1"":8,""p2"":8},""AB"":{""p1"":0,""p2"":9},""BA"":{""p1"":9,""p2"":0},""BB"":{""p1"":3,""p2"":3}}",12,NA,rMFK4T5wzumu8iwh7,p2,selectionAlert,TRUE
xxKHdcj5zznZazYc3,12,"ve3mLxtFFjZQyNE2F,b8shukAWdtKNyZuqi",iBNEbA9ZNacrZ97qL,2021-11-08T19:14:41Z,"{""image"":""/experiment/orange-crate.jpeg"",""label"":""A""},{""image"":""/experiment/green-crate.jpeg"",""label"":""B""}","{""AA"":{""p1"":8,""p2"":8},""AB"":{""p1"":0,""p2"":9},""BA"":{""p1"":9,""p2"":0},""BB"":{""p1"":3,""p2"":3}}",12,NA,m5hyD6u7arfKCWZ2h,p1,selectionAlert,TRUE
z8pWR47zF3doDDsna,13,"QPYevuzMZ55EgFpvY,xZmL5iwmAT7wHGowa",iBNEbA9ZNacrZ97qL,2021-11-08T19:14:41Z,"{""image"":""/experiment/aqua-crate.jpeg"",""label"":""A""},{""image"":""/experiment/pink-crate.jpeg"",""label"":""B""}","{""AA"":{""p1"":7,""p2"":7},""AB"":{""p1"":0,""p2"":8},""BA"":{""p1"":8,""p2"":0},""BB"":{""p1"":6,""p2"":6}}",13,NA,rMFK4T5wzumu8iwh7,p2,selectionAlert,TRUE
z8pWR47zF3doDDsna,13,"QPYevuzMZ55EgFpvY,xZmL5iwmAT7wHGowa",iBNEbA9ZNacrZ97qL,2021-11-08T19:14:41Z,"{""image"":""/experiment/aqua-crate.jpeg"",""label"":""A""},{""image"":""/experiment/pink-crate.jpeg"",""label"":""B""}","{""AA"":{""p1"":7,""p2"":7},""AB"":{""p1"":0,""p2"":8},""BA"":{""p1"":8,""p2"":0},""BB"":{""p1"":6,""p2"":6}}",13,NA,m5hyD6u7arfKCWZ2h,p1,selectionAlert,TRUE
6YQu36dbtueKgWuCv,14,"3fbukNsMi4jmhNsdt,phzaENr7yjFXPDWET",iBNEbA9ZNacrZ97qL,2021-11-08T19:14:41Z,"{""image"":""/experiment/crate.jpeg"",""label"":""A""},{""image"":""/experiment/pink-crate.jpeg"",""label"":""B""}","{""AA"":{""p1"":4,""p2"":4},""AB"":{""p1"":0,""p2"":6},""BA"":{""p1"":6,""p2"":0},""BB"":{""p1"":2,""p2"":2}}",14,NA,rMFK4T5wzumu8iwh7,p2,selectionAlert,TRUE
6YQu36dbtueKgWuCv,14,"3fbukNsMi4jmhNsdt,phzaENr7yjFXPDWET",iBNEbA9ZNacrZ97qL,2021-11-08T19:14:41Z,"{""image"":""/experiment/crate.jpeg"",""label"":""A""},{""image"":""/experiment/pink-crate.jpeg"",""label"":""B""}","{""AA"":{""p1"":4,""p2"":4},""AB"":{""p1"":0,""p2"":6},""BA"":{""p1"":6,""p2"":0},""BB"":{""p1"":2,""p2"":2}}",14,NA,m5hyD6u7arfKCWZ2h,p1,selectionAlert,TRUE
7w89ukMnKSY9GpENs,15,"C5hqAxXaBLi2MoLiD,FHtYgXZc3LatkaoQ7",iBNEbA9ZNacrZ97qL,2021-11-08T19:14:41Z,"{""image"":""/experiment/green-crate.jpeg"",""label"":""A""},{""image"":""/experiment/orange-crate.jpeg"",""label"":""B""}","{""AA"":{""p1"":7,""p2"":7},""AB"":{""p1"":0,""p2"":9},""BA"":{""p1"":9,""p2"":0},""BB"":{""p1"":2,""p2"":2}}",15,NA,rMFK4T5wzumu8iwh7,p2,selectionAlert,TRUE
7w89ukMnKSY9GpENs,15,"C5hqAxXaBLi2MoLiD,FHtYgXZc3LatkaoQ7",iBNEbA9ZNacrZ97qL,2021-11-08T19:14:41Z,"{""image"":""/experiment/green-crate.jpeg"",""label"":""A""},{""image"":""/experiment/orange-crate.jpeg"",""label"":""B""}","{""AA"":{""p1"":7,""p2"":7},""AB"":{""p1"":0,""p2"":9},""BA"":{""p1"":9,""p2"":0},""BB"":{""p1"":2,""p2"":2}}",15,NA,m5hyD6u7arfKCWZ2h,p1,selectionAlert,TRUE
e2oSzHgwzcDgSSmeQ,16,"xGMC7dhZtigpv69DW,EKx3EfizyFrkyio4b",iBNEbA9ZNacrZ97qL,2021-11-08T19:14:41Z,"{""image"":""/experiment/orange-crate.jpeg"",""label"":""A""},{""image"":""/experiment/pink-crate.jpeg"",""label"":""B""}","{""AA"":{""p1"":8,""p2"":8},""AB"":{""p1"":0,""p2"":9},""BA"":{""p1"":9,""p2"":0},""BB"":{""p1"":7,""p2"":7}}",16,NA,rMFK4T5wzumu8iwh7,p2,selectionAlert,TRUE
e2oSzHgwzcDgSSmeQ,16,"xGMC7dhZtigpv69DW,EKx3EfizyFrkyio4b",iBNEbA9ZNacrZ97qL,2021-11-08T19:14:41Z,"{""image"":""/experiment/orange-crate.jpeg"",""label"":""A""},{""image"":""/experiment/pink-crate.jpeg"",""label"":""B""}","{""AA"":{""p1"":8,""p2"":8},""AB"":{""p1"":0,""p2"":9},""BA"":{""p1"":9,""p2"":0},""BB"":{""p1"":7,""p2"":7}}",16,NA,m5hyD6u7arfKCWZ2h,p1,selectionAlert,TRUE
KEKWLqa4CmHYfsmha,17,"zREZkoMCRvxvAuByD,NJRjmvGJrsT3ST4Ab",iBNEbA9ZNacrZ97qL,2021-11-08T19:14:41Z,"{""image"":""/experiment/yellow-crate.jpeg"",""label"":""A""},{""image"":""/experiment/pink-crate.jpeg"",""label"":""B""}","{""AA"":{""p1"":6,""p2"":6},""AB"":{""p1"":0,""p2"":7},""BA"":{""p1"":7,""p2"":0},""BB"":{""p1"":2,""p2"":2}}",17,NA,rMFK4T5wzumu8iwh7,p2,selectionAlert,TRUE
KEKWLqa4CmHYfsmha,17,"zREZkoMCRvxvAuByD,NJRjmvGJrsT3ST4Ab",iBNEbA9ZNacrZ97qL,2021-11-08T19:14:41Z,"{""image"":""/experiment/yellow-crate.jpeg"",""label"":""A""},{""image"":""/experiment/pink-crate.jpeg"",""label"":""B""}","{""AA"":{""p1"":6,""p2"":6},""AB"":{""p1"":0,""p2"":7},""BA"":{""p1"":7,""p2"":0},""BB"":{""p1"":2,""p2"":2}}",17,NA,m5hyD6u7arfKCWZ2h,p1,selectionAlert,TRUE
6px68To7sStbYMuHc,18,"MGLbMTKAhbzmCjBoe,m9cKRpvPfwckGnoFW",iBNEbA9ZNacrZ97qL,2021-11-08T19:14:41Z,"{""image"":""/experiment/crate.jpeg"",""label"":""A""},{""image"":""/experiment/orange-crate.jpeg"",""label"":""B""}","{""AA"":{""p1"":5,""p2"":5},""AB"":{""p1"":0,""p2"":9},""BA"":{""p1"":9,""p2"":0},""BB"":{""p1"":4,""p2"":4}}",18,NA,m5hyD6u7arfKCWZ2h,p1,selectionAlert,TRUE
6px68To7sStbYMuHc,18,"MGLbMTKAhbzmCjBoe,m9cKRpvPfwckGnoFW",iBNEbA9ZNacrZ97qL,2021-11-08T19:14:41Z,"{""image"":""/experiment/crate.jpeg"",""label"":""A""},{""image"":""/experiment/orange-crate.jpeg"",""label"":""B""}","{""AA"":{""p1"":5,""p2"":5},""AB"":{""p1"":0,""p2"":9},""BA"":{""p1"":9,""p2"":0},""BB"":{""p1"":4,""p2"":4}}",18,NA,rMFK4T5wzumu8iwh7,p2,selectionAlert,TRUE
JNPfSqdMD2qZ7tG4m,19,"Ck62Fec4witbp4W3F,PWdmoPHj6CWeeWJZ9",iBNEbA9ZNacrZ97qL,2021-11-08T19:14:41Z,"{""image"":""/experiment/pink-crate.jpeg"",""label"":""A""},{""image"":""/experiment/orange-crate.jpeg"",""label"":""B""}","{""AA"":{""p1"":4,""p2"":4},""AB"":{""p1"":0,""p2"":6},""BA"":{""p1"":6,""p2"":0},""BB"":{""p1"":3,""p2"":3}}",19,NA,m5hyD6u7arfKCWZ2h,p1,selectionAlert,TRUE
JNPfSqdMD2qZ7tG4m,19,"Ck62Fec4witbp4W3F,PWdmoPHj6CWeeWJZ9",iBNEbA9ZNacrZ97qL,2021-11-08T19:14:41Z,"{""image"":""/experiment/pink-crate.jpeg"",""label"":""A""},{""image"":""/experiment/orange-crate.jpeg"",""label"":""B""}","{""AA"":{""p1"":4,""p2"":4},""AB"":{""p1"":0,""p2"":6},""BA"":{""p1"":6,""p2"":0},""BB"":{""p1"":3,""p2"":3}}",19,NA,rMFK4T5wzumu8iwh7,p2,selectionAlert,TRUE
6hLwTxx8FNAMD8HEy,0,"rdPqwwgrsHJtjR4Fv,Xuib4fR6borHCb3q7",hX4iCqsQSa2GCa4DS,2021-11-08T19:15:08Z,"{""image"":""/experiment/purple-crate.jpeg"",""label"":""A""},{""image"":""/experiment/aqua-crate.jpeg"",""label"":""B""}","{""AA"":{""p1"":6,""p2"":6},""AB"":{""p1"":0,""p2"":7},""BA"":{""p1"":7,""p2"":0},""BB"":{""p1"":5,""p2"":5}}",0,NA,Ew2Y7JzcqPu7Zb9P9,p1,selectionAlert,TRUE
6hLwTxx8FNAMD8HEy,0,"rdPqwwgrsHJtjR4Fv,Xuib4fR6borHCb3q7",hX4iCqsQSa2GCa4DS,2021-11-08T19:15:08Z,"{""image"":""/experiment/purple-crate.jpeg"",""label"":""A""},{""image"":""/experiment/aqua-crate.jpeg"",""label"":""B""}","{""AA"":{""p1"":6,""p2"":6},""AB"":{""p1"":0,""p2"":7},""BA"":{""p1"":7,""p2"":0},""BB"":{""p1"":5,""p2"":5}}",0,NA,YFN2b7aXAu9NEFvLC,p2,selectionAlert,TRUE
hvDHS6A36kAntt4Ea,1,"YC7tyGbK4R5fSsoXb,MHc89JHGGh3ntWnBw",hX4iCqsQSa2GCa4DS,2021-11-08T19:15:08Z,"{""image"":""/experiment/green-crate.jpeg"",""label"":""A""},{""image"":""/experiment/pink-crate.jpeg"",""label"":""B""}","{""AA"":{""p1"":7,""p2"":7},""AB"":{""p1"":0,""p2"":9},""BA"":{""p1"":9,""p2"":0},""BB"":{""p1"":6,""p2"":6}}",1,NA,Ew2Y7JzcqPu7Zb9P9,p1,selectionAlert,TRUE
hvDHS6A36kAntt4Ea,1,"YC7tyGbK4R5fSsoXb,MHc89JHGGh3ntWnBw",hX4iCqsQSa2GCa4DS,2021-11-08T19:15:08Z,"{""image"":""/experiment/green-crate.jpeg"",""label"":""A""},{""image"":""/experiment/pink-crate.jpeg"",""label"":""B""}","{""AA"":{""p1"":7,""p2"":7},""AB"":{""p1"":0,""p2"":9},""BA"":{""p1"":9,""p2"":0},""BB"":{""p1"":6,""p2"":6}}",1,NA,YFN2b7aXAu9NEFvLC,p2,selectionAlert,TRUE
eZpmDDwgAYixiFSzG,2,"FiB2ZQTrcJqW969o6,Q44pgyQL54CLe2QWQ",hX4iCqsQSa2GCa4DS,2021-11-08T19:15:08Z,"{""image"":""/experiment/purple-crate.jpeg"",""label"":""A""},{""image"":""/experiment/crate.jpeg"",""label"":""B""}","{""AA"":{""p1"":8,""p2"":8},""AB"":{""p1"":0,""p2"":9},""BA"":{""p1"":9,""p2"":0},""BB"":{""p1"":4,""p2"":4}}",2,NA,Ew2Y7JzcqPu7Zb9P9,p1,selectionAlert,TRUE
eZpmDDwgAYixiFSzG,2,"FiB2ZQTrcJqW969o6,Q44pgyQL54CLe2QWQ",hX4iCqsQSa2GCa4DS,2021-11-08T19:15:08Z,"{""image"":""/experiment/purple-crate.jpeg"",""label"":""A""},{""image"":""/experiment/crate.jpeg"",""label"":""B""}","{""AA"":{""p1"":8,""p2"":8},""AB"":{""p1"":0,""p2"":9},""BA"":{""p1"":9,""p2"":0},""BB"":{""p1"":4,""p2"":4}}",2,NA,YFN2b7aXAu9NEFvLC,p2,selectionAlert,TRUE
htuztMCzuyg53Hp5c,3,"RkEF5PuPTo9ikGZaF,wKg3BisP8D9kQqQKL",hX4iCqsQSa2GCa4DS,2021-11-08T19:15:08Z,"{""image"":""/experiment/orange-crate.jpeg"",""label"":""A""},{""image"":""/experiment/crate.jpeg"",""label"":""B""}","{""AA"":{""p1"":3,""p2"":3},""AB"":{""p1"":0,""p2"":7},""BA"":{""p1"":7,""p2"":0},""BB"":{""p1"":2,""p2"":2}}",3,NA,Ew2Y7JzcqPu7Zb9P9,p1,selectionAlert,TRUE
htuztMCzuyg53Hp5c,3,"RkEF5PuPTo9ikGZaF,wKg3BisP8D9kQqQKL",hX4iCqsQSa2GCa4DS,2021-11-08T19:15:08Z,"{""image"":""/experiment/orange-crate.jpeg"",""label"":""A""},{""image"":""/experiment/crate.jpeg"",""label"":""B""}","{""AA"":{""p1"":3,""p2"":3},""AB"":{""p1"":0,""p2"":7},""BA"":{""p1"":7,""p2"":0},""BB"":{""p1"":2,""p2"":2}}",3,NA,YFN2b7aXAu9NEFvLC,p2,selectionAlert,TRUE
tC3Ste6YeskoYrvtq,4,"XpnZa7D6hDJzesz4T,ro8R4CxMbKmdY34RB",hX4iCqsQSa2GCa4DS,2021-11-08T19:15:08Z,"{""image"":""/experiment/green-crate.jpeg"",""label"":""A""},{""image"":""/experiment/crate.jpeg"",""label"":""B""}","{""AA"":{""p1"":8,""p2"":8},""AB"":{""p1"":0,""p2"":9},""BA"":{""p1"":9,""p2"":0},""BB"":{""p1"":7,""p2"":7}}",4,NA,Ew2Y7JzcqPu7Zb9P9,p1,selectionAlert,TRUE
tC3Ste6YeskoYrvtq,4,"XpnZa7D6hDJzesz4T,ro8R4CxMbKmdY34RB",hX4iCqsQSa2GCa4DS,2021-11-08T19:15:08Z,"{""image"":""/experiment/green-crate.jpeg"",""label"":""A""},{""image"":""/experiment/crate.jpeg"",""label"":""B""}","{""AA"":{""p1"":8,""p2"":8},""AB"":{""p1"":0,""p2"":9},""BA"":{""p1"":9,""p2"":0},""BB"":{""p1"":7,""p2"":7}}",4,NA,YFN2b7aXAu9NEFvLC,p2,selectionAlert,TRUE
QAHDw6F9whRCpCdo2,5,"JvMFhDceYiREYqBr5,cngsRq5NMozsiWLFt",hX4iCqsQSa2GCa4DS,2021-11-08T19:15:08Z,"{""image"":""/experiment/pink-crate.jpeg"",""label"":""A""},{""image"":""/experiment/yellow-crate.jpeg"",""label"":""B""}","{""AA"":{""p1"":7,""p2"":7},""AB"":{""p1"":0,""p2"":8},""BA"":{""p1"":8,""p2"":0},""BB"":{""p1"":4,""p2"":4}}",5,NA,Ew2Y7JzcqPu7Zb9P9,p1,selectionAlert,TRUE
QAHDw6F9whRCpCdo2,5,"JvMFhDceYiREYqBr5,cngsRq5NMozsiWLFt",hX4iCqsQSa2GCa4DS,2021-11-08T19:15:08Z,"{""image"":""/experiment/pink-crate.jpeg"",""label"":""A""},{""image"":""/experiment/yellow-crate.jpeg"",""label"":""B""}","{""AA"":{""p1"":7,""p2"":7},""AB"":{""p1"":0,""p2"":8},""BA"":{""p1"":8,""p2"":0},""BB"":{""p1"":4,""p2"":4}}",5,pink,Ew2Y7JzcqPu7Zb9P9,p1,message,TRUE
QAHDw6F9whRCpCdo2,5,"JvMFhDceYiREYqBr5,cngsRq5NMozsiWLFt",hX4iCqsQSa2GCa4DS,2021-11-08T19:15:08Z,"{""image"":""/experiment/pink-crate.jpeg"",""label"":""A""},{""image"":""/experiment/yellow-crate.jpeg"",""label"":""B""}","{""AA"":{""p1"":7,""p2"":7},""AB"":{""p1"":0,""p2"":8},""BA"":{""p1"":8,""p2"":0},""BB"":{""p1"":4,""p2"":4}}",5,im gonna pick pink box,YFN2b7aXAu9NEFvLC,p2,message,TRUE
QAHDw6F9whRCpCdo2,5,"JvMFhDceYiREYqBr5,cngsRq5NMozsiWLFt",hX4iCqsQSa2GCa4DS,2021-11-08T19:15:08Z,"{""image"":""/experiment/pink-crate.jpeg"",""label"":""A""},{""image"":""/experiment/yellow-crate.jpeg"",""label"":""B""}","{""AA"":{""p1"":7,""p2"":7},""AB"":{""p1"":0,""p2"":8},""BA"":{""p1"":8,""p2"":0},""BB"":{""p1"":4,""p2"":4}}",5,oki,Ew2Y7JzcqPu7Zb9P9,p1,message,TRUE
QAHDw6F9whRCpCdo2,5,"JvMFhDceYiREYqBr5,cngsRq5NMozsiWLFt",hX4iCqsQSa2GCa4DS,2021-11-08T19:15:08Z,"{""image"":""/experiment/pink-crate.jpeg"",""label"":""A""},{""image"":""/experiment/yellow-crate.jpeg"",""label"":""B""}","{""AA"":{""p1"":7,""p2"":7},""AB"":{""p1"":0,""p2"":8},""BA"":{""p1"":8,""p2"":0},""BB"":{""p1"":4,""p2"":4}}",5,NA,YFN2b7aXAu9NEFvLC,p2,selectionAlert,TRUE
WAboBzsPPedfq6qz5,6,"bAj6zL888PpSbHC9J,G6rm7RPYJ7k4EokJ4",hX4iCqsQSa2GCa4DS,2021-11-08T19:15:08Z,"{""image"":""/experiment/orange-crate.jpeg"",""label"":""A""},{""image"":""/experiment/aqua-crate.jpeg"",""label"":""B""}","{""AA"":{""p1"":8,""p2"":8},""AB"":{""p1"":0,""p2"":9},""BA"":{""p1"":9,""p2"":0},""BB"":{""p1"":6,""p2"":6}}",6,NA,Ew2Y7JzcqPu7Zb9P9,p1,selectionAlert,TRUE
WAboBzsPPedfq6qz5,6,"bAj6zL888PpSbHC9J,G6rm7RPYJ7k4EokJ4",hX4iCqsQSa2GCa4DS,2021-11-08T19:15:08Z,"{""image"":""/experiment/orange-crate.jpeg"",""label"":""A""},{""image"":""/experiment/aqua-crate.jpeg"",""label"":""B""}","{""AA"":{""p1"":8,""p2"":8},""AB"":{""p1"":0,""p2"":9},""BA"":{""p1"":9,""p2"":0},""BB"":{""p1"":6,""p2"":6}}",6,orange,Ew2Y7JzcqPu7Zb9P9,p1,message,TRUE
WAboBzsPPedfq6qz5,6,"bAj6zL888PpSbHC9J,G6rm7RPYJ7k4EokJ4",hX4iCqsQSa2GCa4DS,2021-11-08T19:15:08Z,"{""image"":""/experiment/orange-crate.jpeg"",""label"":""A""},{""image"":""/experiment/aqua-crate.jpeg"",""label"":""B""}","{""AA"":{""p1"":8,""p2"":8},""AB"":{""p1"":0,""p2"":9},""BA"":{""p1"":9,""p2"":0},""BB"":{""p1"":6,""p2"":6}}",6,ok,YFN2b7aXAu9NEFvLC,p2,message,TRUE
WAboBzsPPedfq6qz5,6,"bAj6zL888PpSbHC9J,G6rm7RPYJ7k4EokJ4",hX4iCqsQSa2GCa4DS,2021-11-08T19:15:08Z,"{""image"":""/experiment/orange-crate.jpeg"",""label"":""A""},{""image"":""/experiment/aqua-crate.jpeg"",""label"":""B""}","{""AA"":{""p1"":8,""p2"":8},""AB"":{""p1"":0,""p2"":9},""BA"":{""p1"":9,""p2"":0},""BB"":{""p1"":6,""p2"":6}}",6,NA,YFN2b7aXAu9NEFvLC,p2,selectionAlert,TRUE
4SvJwFFs5R2AQBkKM,7,"9w2SnHxw6gxmQDFwr,58P7arfSp3jfv4sxW",hX4iCqsQSa2GCa4DS,2021-11-08T19:15:08Z,"{""image"":""/experiment/green-crate.jpeg"",""label"":""A""},{""image"":""/experiment/yellow-crate.jpeg"",""label"":""B""}","{""AA"":{""p1"":4,""p2"":4},""AB"":{""p1"":0,""p2"":7},""BA"":{""p1"":7,""p2"":0},""BB"":{""p1"":3,""p2"":3}}",7,green,Ew2Y7JzcqPu7Zb9P9,p1,message,TRUE
4SvJwFFs5R2AQBkKM,7,"9w2SnHxw6gxmQDFwr,58P7arfSp3jfv4sxW",hX4iCqsQSa2GCa4DS,2021-11-08T19:15:08Z,"{""image"":""/experiment/green-crate.jpeg"",""label"":""A""},{""image"":""/experiment/yellow-crate.jpeg"",""label"":""B""}","{""AA"":{""p1"":4,""p2"":4},""AB"":{""p1"":0,""p2"":7},""BA"":{""p1"":7,""p2"":0},""BB"":{""p1"":3,""p2"":3}}",7,NA,Ew2Y7JzcqPu7Zb9P9,p1,selectionAlert,TRUE
4SvJwFFs5R2AQBkKM,7,"9w2SnHxw6gxmQDFwr,58P7arfSp3jfv4sxW",hX4iCqsQSa2GCa4DS,2021-11-08T19:15:08Z,"{""image"":""/experiment/green-crate.jpeg"",""label"":""A""},{""image"":""/experiment/yellow-crate.jpeg"",""label"":""B""}","{""AA"":{""p1"":4,""p2"":4},""AB"":{""p1"":0,""p2"":7},""BA"":{""p1"":7,""p2"":0},""BB"":{""p1"":3,""p2"":3}}",7,NA,YFN2b7aXAu9NEFvLC,p2,selectionAlert,TRUE
KsM8Jk4LdXfAKnixQ,8,"2GxteTMouZxHGXok4,8JYqMRsWhXBnGykFw",hX4iCqsQSa2GCa4DS,2021-11-08T19:15:08Z,"{""image"":""/experiment/purple-crate.jpeg"",""label"":""A""},{""image"":""/experiment/green-crate.jpeg"",""label"":""B""}","{""AA"":{""p1"":8,""p2"":8},""AB"":{""p1"":0,""p2"":9},""BA"":{""p1"":9,""p2"":0},""BB"":{""p1"":6,""p2"":6}}",8,pink,Ew2Y7JzcqPu7Zb9P9,p1,message,TRUE
KsM8Jk4LdXfAKnixQ,8,"2GxteTMouZxHGXok4,8JYqMRsWhXBnGykFw",hX4iCqsQSa2GCa4DS,2021-11-08T19:15:08Z,"{""image"":""/experiment/purple-crate.jpeg"",""label"":""A""},{""image"":""/experiment/green-crate.jpeg"",""label"":""B""}","{""AA"":{""p1"":8,""p2"":8},""AB"":{""p1"":0,""p2"":9},""BA"":{""p1"":9,""p2"":0},""BB"":{""p1"":6,""p2"":6}}",8,NA,Ew2Y7JzcqPu7Zb9P9,p1,selectionAlert,TRUE
KsM8Jk4LdXfAKnixQ,8,"2GxteTMouZxHGXok4,8JYqMRsWhXBnGykFw",hX4iCqsQSa2GCa4DS,2021-11-08T19:15:08Z,"{""image"":""/experiment/purple-crate.jpeg"",""label"":""A""},{""image"":""/experiment/green-crate.jpeg"",""label"":""B""}","{""AA"":{""p1"":8,""p2"":8},""AB"":{""p1"":0,""p2"":9},""BA"":{""p1"":9,""p2"":0},""BB"":{""p1"":6,""p2"":6}}",8,NA,YFN2b7aXAu9NEFvLC,p2,selectionAlert,TRUE
vWFsF6GhFjeazQYNo,9,"yT9SrWGSfGh2imEQW,Xqyv96utpkNTxPTQZ",hX4iCqsQSa2GCa4DS,2021-11-08T19:15:08Z,"{""image"":""/experiment/aqua-crate.jpeg"",""label"":""A""},{""image"":""/experiment/pink-crate.jpeg"",""label"":""B""}","{""AA"":{""p1"":7,""p2"":7},""AB"":{""p1"":0,""p2"":8},""BA"":{""p1"":8,""p2"":0},""BB"":{""p1"":3,""p2"":3}}",9,NA,Ew2Y7JzcqPu7Zb9P9,p1,selectionAlert,TRUE
vWFsF6GhFjeazQYNo,9,"yT9SrWGSfGh2imEQW,Xqyv96utpkNTxPTQZ",hX4iCqsQSa2GCa4DS,2021-11-08T19:15:08Z,"{""image"":""/experiment/aqua-crate.jpeg"",""label"":""A""},{""image"":""/experiment/pink-crate.jpeg"",""label"":""B""}","{""AA"":{""p1"":7,""p2"":7},""AB"":{""p1"":0,""p2"":8},""BA"":{""p1"":8,""p2"":0},""BB"":{""p1"":3,""p2"":3}}",9,green,Ew2Y7JzcqPu7Zb9P9,p1,message,TRUE
vWFsF6GhFjeazQYNo,9,"yT9SrWGSfGh2imEQW,Xqyv96utpkNTxPTQZ",hX4iCqsQSa2GCa4DS,2021-11-08T19:15:08Z,"{""image"":""/experiment/aqua-crate.jpeg"",""label"":""A""},{""image"":""/experiment/pink-crate.jpeg"",""label"":""B""}","{""AA"":{""p1"":7,""p2"":7},""AB"":{""p1"":0,""p2"":8},""BA"":{""p1"":8,""p2"":0},""BB"":{""p1"":3,""p2"":3}}",9,NA,YFN2b7aXAu9NEFvLC,p2,selectionAlert,TRUE
kkbDtsHzhDemkawzE,10,"tbB3xk6GN8Qs5ToJq,MrkHqqk4cQqKLX7Bj",hX4iCqsQSa2GCa4DS,2021-11-08T19:15:08Z,"{""image"":""/experiment/yellow-crate.jpeg"",""label"":""A""},{""image"":""/experiment/crate.jpeg"",""label"":""B""}","{""AA"":{""p1"":2,""p2"":2},""AB"":{""p1"":0,""p2"":6},""BA"":{""p1"":6,""p2"":0},""BB"":{""p1"":1,""p2"":1}}",10,yellow,Ew2Y7JzcqPu7Zb9P9,p1,message,TRUE
kkbDtsHzhDemkawzE,10,"tbB3xk6GN8Qs5ToJq,MrkHqqk4cQqKLX7Bj",hX4iCqsQSa2GCa4DS,2021-11-08T19:15:08Z,"{""image"":""/experiment/yellow-crate.jpeg"",""label"":""A""},{""image"":""/experiment/crate.jpeg"",""label"":""B""}","{""AA"":{""p1"":2,""p2"":2},""AB"":{""p1"":0,""p2"":6},""BA"":{""p1"":6,""p2"":0},""BB"":{""p1"":1,""p2"":1}}",10,NA,Ew2Y7JzcqPu7Zb9P9,p1,selectionAlert,TRUE
kkbDtsHzhDemkawzE,10,"tbB3xk6GN8Qs5ToJq,MrkHqqk4cQqKLX7Bj",hX4iCqsQSa2GCa4DS,2021-11-08T19:15:08Z,"{""image"":""/experiment/yellow-crate.jpeg"",""label"":""A""},{""image"":""/experiment/crate.jpeg"",""label"":""B""}","{""AA"":{""p1"":2,""p2"":2},""AB"":{""p1"":0,""p2"":6},""BA"":{""p1"":6,""p2"":0},""BB"":{""p1"":1,""p2"":1}}",10,NA,YFN2b7aXAu9NEFvLC,p2,selectionAlert,TRUE
KrW3n79NwteYheakJ,11,"hKftRdjktm8CpnC4b,TatGKB7YNP5T2A3By",hX4iCqsQSa2GCa4DS,2021-11-08T19:15:08Z,"{""image"":""/experiment/crate.jpeg"",""label"":""A""},{""image"":""/experiment/orange-crate.jpeg"",""label"":""B""}","{""AA"":{""p1"":2,""p2"":2},""AB"":{""p1"":0,""p2"":8},""BA"":{""p1"":8,""p2"":0},""BB"":{""p1"":1,""p2"":1}}",11,NA,Ew2Y7JzcqPu7Zb9P9,p1,selectionAlert,TRUE
KrW3n79NwteYheakJ,11,"hKftRdjktm8CpnC4b,TatGKB7YNP5T2A3By",hX4iCqsQSa2GCa4DS,2021-11-08T19:15:08Z,"{""image"":""/experiment/crate.jpeg"",""label"":""A""},{""image"":""/experiment/orange-crate.jpeg"",""label"":""B""}","{""AA"":{""p1"":2,""p2"":2},""AB"":{""p1"":0,""p2"":8},""BA"":{""p1"":8,""p2"":0},""BB"":{""p1"":1,""p2"":1}}",11,brown,Ew2Y7JzcqPu7Zb9P9,p1,message,TRUE
KrW3n79NwteYheakJ,11,"hKftRdjktm8CpnC4b,TatGKB7YNP5T2A3By",hX4iCqsQSa2GCa4DS,2021-11-08T19:15:08Z,"{""image"":""/experiment/crate.jpeg"",""label"":""A""},{""image"":""/experiment/orange-crate.jpeg"",""label"":""B""}","{""AA"":{""p1"":2,""p2"":2},""AB"":{""p1"":0,""p2"":8},""BA"":{""p1"":8,""p2"":0},""BB"":{""p1"":1,""p2"":1}}",11,NA,YFN2b7aXAu9NEFvLC,p2,selectionAlert,TRUE
BeJeSXuRW8FAogLSd,12,"A8nigHzojSywpeNBP,6XZXSJq3p8hbm8rXH",hX4iCqsQSa2GCa4DS,2021-11-08T19:15:08Z,"{""image"":""/experiment/aqua-crate.jpeg"",""label"":""A""},{""image"":""/experiment/pink-crate.jpeg"",""label"":""B""}","{""AA"":{""p1"":7,""p2"":7},""AB"":{""p1"":0,""p2"":9},""BA"":{""p1"":9,""p2"":0},""BB"":{""p1"":6,""p2"":6}}",12,green,Ew2Y7JzcqPu7Zb9P9,p1,message,TRUE
BeJeSXuRW8FAogLSd,12,"A8nigHzojSywpeNBP,6XZXSJq3p8hbm8rXH",hX4iCqsQSa2GCa4DS,2021-11-08T19:15:08Z,"{""image"":""/experiment/aqua-crate.jpeg"",""label"":""A""},{""image"":""/experiment/pink-crate.jpeg"",""label"":""B""}","{""AA"":{""p1"":7,""p2"":7},""AB"":{""p1"":0,""p2"":9},""BA"":{""p1"":9,""p2"":0},""BB"":{""p1"":6,""p2"":6}}",12,NA,Ew2Y7JzcqPu7Zb9P9,p1,selectionAlert,TRUE
BeJeSXuRW8FAogLSd,12,"A8nigHzojSywpeNBP,6XZXSJq3p8hbm8rXH",hX4iCqsQSa2GCa4DS,2021-11-08T19:15:08Z,"{""image"":""/experiment/aqua-crate.jpeg"",""label"":""A""},{""image"":""/experiment/pink-crate.jpeg"",""label"":""B""}","{""AA"":{""p1"":7,""p2"":7},""AB"":{""p1"":0,""p2"":9},""BA"":{""p1"":9,""p2"":0},""BB"":{""p1"":6,""p2"":6}}",12,NA,YFN2b7aXAu9NEFvLC,p2,selectionAlert,TRUE
FD4vJXRdoy3T53gEf,13,"gopFuTFDSXz6qduSs,gydqZoSDt78XShP3q",hX4iCqsQSa2GCa4DS,2021-11-08T19:15:08Z,"{""image"":""/experiment/yellow-crate.jpeg"",""label"":""A""},{""image"":""/experiment/green-crate.jpeg"",""label"":""B""}","{""AA"":{""p1"":4,""p2"":4},""AB"":{""p1"":0,""p2"":5},""BA"":{""p1"":5,""p2"":0},""BB"":{""p1"":2,""p2"":2}}",13,yellow,Ew2Y7JzcqPu7Zb9P9,p1,message,TRUE
FD4vJXRdoy3T53gEf,13,"gopFuTFDSXz6qduSs,gydqZoSDt78XShP3q",hX4iCqsQSa2GCa4DS,2021-11-08T19:15:08Z,"{""image"":""/experiment/yellow-crate.jpeg"",""label"":""A""},{""image"":""/experiment/green-crate.jpeg"",""label"":""B""}","{""AA"":{""p1"":4,""p2"":4},""AB"":{""p1"":0,""p2"":5},""BA"":{""p1"":5,""p2"":0},""BB"":{""p1"":2,""p2"":2}}",13,NA,Ew2Y7JzcqPu7Zb9P9,p1,selectionAlert,TRUE
FD4vJXRdoy3T53gEf,13,"gopFuTFDSXz6qduSs,gydqZoSDt78XShP3q",hX4iCqsQSa2GCa4DS,2021-11-08T19:15:08Z,"{""image"":""/experiment/yellow-crate.jpeg"",""label"":""A""},{""image"":""/experiment/green-crate.jpeg"",""label"":""B""}","{""AA"":{""p1"":4,""p2"":4},""AB"":{""p1"":0,""p2"":5},""BA"":{""p1"":5,""p2"":0},""BB"":{""p1"":2,""p2"":2}}",13,NA,YFN2b7aXAu9NEFvLC,p2,selectionAlert,TRUE
RrrkPvvdkFjy7tErT,14,"squnscjmx7gZNjP83,ehRSrLXe7ofgAxcQy",hX4iCqsQSa2GCa4DS,2021-11-08T19:15:08Z,"{""image"":""/experiment/green-crate.jpeg"",""label"":""A""},{""image"":""/experiment/orange-crate.jpeg"",""label"":""B""}","{""AA"":{""p1"":4,""p2"":4},""AB"":{""p1"":0,""p2"":5},""BA"":{""p1"":5,""p2"":0},""BB"":{""p1"":1,""p2"":1}}",14,green,Ew2Y7JzcqPu7Zb9P9,p1,message,TRUE
RrrkPvvdkFjy7tErT,14,"squnscjmx7gZNjP83,ehRSrLXe7ofgAxcQy",hX4iCqsQSa2GCa4DS,2021-11-08T19:15:08Z,"{""image"":""/experiment/green-crate.jpeg"",""label"":""A""},{""image"":""/experiment/orange-crate.jpeg"",""label"":""B""}","{""AA"":{""p1"":4,""p2"":4},""AB"":{""p1"":0,""p2"":5},""BA"":{""p1"":5,""p2"":0},""BB"":{""p1"":1,""p2"":1}}",14,NA,Ew2Y7JzcqPu7Zb9P9,p1,selectionAlert,TRUE
RrrkPvvdkFjy7tErT,14,"squnscjmx7gZNjP83,ehRSrLXe7ofgAxcQy",hX4iCqsQSa2GCa4DS,2021-11-08T19:15:08Z,"{""image"":""/experiment/green-crate.jpeg"",""label"":""A""},{""image"":""/experiment/orange-crate.jpeg"",""label"":""B""}","{""AA"":{""p1"":4,""p2"":4},""AB"":{""p1"":0,""p2"":5},""BA"":{""p1"":5,""p2"":0},""BB"":{""p1"":1,""p2"":1}}",14,NA,YFN2b7aXAu9NEFvLC,p2,selectionAlert,TRUE
SyD3qvGr2TGmd6dj3,15,"puAXw9fNN66Ytdtxd,kSNg4JtrNyi8KWjAE",hX4iCqsQSa2GCa4DS,2021-11-08T19:15:08Z,"{""image"":""/experiment/crate.jpeg"",""label"":""A""},{""image"":""/experiment/green-crate.jpeg"",""label"":""B""}","{""AA"":{""p1"":2,""p2"":2},""AB"":{""p1"":0,""p2"":8},""BA"":{""p1"":8,""p2"":0},""BB"":{""p1"":1,""p2"":1}}",15,NA,Ew2Y7JzcqPu7Zb9P9,p1,selectionAlert,TRUE
SyD3qvGr2TGmd6dj3,15,"puAXw9fNN66Ytdtxd,kSNg4JtrNyi8KWjAE",hX4iCqsQSa2GCa4DS,2021-11-08T19:15:08Z,"{""image"":""/experiment/crate.jpeg"",""label"":""A""},{""image"":""/experiment/green-crate.jpeg"",""label"":""B""}","{""AA"":{""p1"":2,""p2"":2},""AB"":{""p1"":0,""p2"":8},""BA"":{""p1"":8,""p2"":0},""BB"":{""p1"":1,""p2"":1}}",15,brwon,Ew2Y7JzcqPu7Zb9P9,p1,message,TRUE
SyD3qvGr2TGmd6dj3,15,"puAXw9fNN66Ytdtxd,kSNg4JtrNyi8KWjAE",hX4iCqsQSa2GCa4DS,2021-11-08T19:15:08Z,"{""image"":""/experiment/crate.jpeg"",""label"":""A""},{""image"":""/experiment/green-crate.jpeg"",""label"":""B""}","{""AA"":{""p1"":2,""p2"":2},""AB"":{""p1"":0,""p2"":8},""BA"":{""p1"":8,""p2"":0},""BB"":{""p1"":1,""p2"":1}}",15,NA,YFN2b7aXAu9NEFvLC,p2,selectionAlert,TRUE
zRQsnryfCLx74EZSG,16,"pMNWjJ4E9ekQZNAq6,ZMiJgRu3KZQ2MwaJr",hX4iCqsQSa2GCa4DS,2021-11-08T19:15:08Z,"{""image"":""/experiment/green-crate.jpeg"",""label"":""A""},{""image"":""/experiment/crate.jpeg"",""label"":""B""}","{""AA"":{""p1"":5,""p2"":5},""AB"":{""p1"":0,""p2"":7},""BA"":{""p1"":7,""p2"":0},""BB"":{""p1"":1,""p2"":1}}",16,green,Ew2Y7JzcqPu7Zb9P9,p1,message,TRUE
zRQsnryfCLx74EZSG,16,"pMNWjJ4E9ekQZNAq6,ZMiJgRu3KZQ2MwaJr",hX4iCqsQSa2GCa4DS,2021-11-08T19:15:08Z,"{""image"":""/experiment/green-crate.jpeg"",""label"":""A""},{""image"":""/experiment/crate.jpeg"",""label"":""B""}","{""AA"":{""p1"":5,""p2"":5},""AB"":{""p1"":0,""p2"":7},""BA"":{""p1"":7,""p2"":0},""BB"":{""p1"":1,""p2"":1}}",16,NA,Ew2Y7JzcqPu7Zb9P9,p1,selectionAlert,TRUE
zRQsnryfCLx74EZSG,16,"pMNWjJ4E9ekQZNAq6,ZMiJgRu3KZQ2MwaJr",hX4iCqsQSa2GCa4DS,2021-11-08T19:15:08Z,"{""image"":""/experiment/green-crate.jpeg"",""label"":""A""},{""image"":""/experiment/crate.jpeg"",""label"":""B""}","{""AA"":{""p1"":5,""p2"":5},""AB"":{""p1"":0,""p2"":7},""BA"":{""p1"":7,""p2"":0},""BB"":{""p1"":1,""p2"":1}}",16,NA,YFN2b7aXAu9NEFvLC,p2,selectionAlert,TRUE
2486gWTTZhJ8hqnMg,17,"ayTdWpRGHLzyvPAam,GSZXs3RpeKW7eWvcv",hX4iCqsQSa2GCa4DS,2021-11-08T19:15:08Z,"{""image"":""/experiment/green-crate.jpeg"",""label"":""A""},{""image"":""/experiment/yellow-crate.jpeg"",""label"":""B""}","{""AA"":{""p1"":6,""p2"":6},""AB"":{""p1"":0,""p2"":8},""BA"":{""p1"":8,""p2"":0},""BB"":{""p1"":3,""p2"":3}}",17,green again,Ew2Y7JzcqPu7Zb9P9,p1,message,TRUE
2486gWTTZhJ8hqnMg,17,"ayTdWpRGHLzyvPAam,GSZXs3RpeKW7eWvcv",hX4iCqsQSa2GCa4DS,2021-11-08T19:15:08Z,"{""image"":""/experiment/green-crate.jpeg"",""label"":""A""},{""image"":""/experiment/yellow-crate.jpeg"",""label"":""B""}","{""AA"":{""p1"":6,""p2"":6},""AB"":{""p1"":0,""p2"":8},""BA"":{""p1"":8,""p2"":0},""BB"":{""p1"":3,""p2"":3}}",17,NA,Ew2Y7JzcqPu7Zb9P9,p1,selectionAlert,TRUE
2486gWTTZhJ8hqnMg,17,"ayTdWpRGHLzyvPAam,GSZXs3RpeKW7eWvcv",hX4iCqsQSa2GCa4DS,2021-11-08T19:15:08Z,"{""image"":""/experiment/green-crate.jpeg"",""label"":""A""},{""image"":""/experiment/yellow-crate.jpeg"",""label"":""B""}","{""AA"":{""p1"":6,""p2"":6},""AB"":{""p1"":0,""p2"":8},""BA"":{""p1"":8,""p2"":0},""BB"":{""p1"":3,""p2"":3}}",17,NA,YFN2b7aXAu9NEFvLC,p2,selectionAlert,TRUE
zjzpA9b4pRQ84CQmd,18,"gQqAQZKEBY5LpPaux,2mAuHsmLsr5DxaJbH",hX4iCqsQSa2GCa4DS,2021-11-08T19:15:08Z,"{""image"":""/experiment/orange-crate.jpeg"",""label"":""A""},{""image"":""/experiment/aqua-crate.jpeg"",""label"":""B""}","{""AA"":{""p1"":3,""p2"":3},""AB"":{""p1"":0,""p2"":8},""BA"":{""p1"":8,""p2"":0},""BB"":{""p1"":1,""p2"":1}}",18,last round,YFN2b7aXAu9NEFvLC,p2,message,TRUE
zjzpA9b4pRQ84CQmd,18,"gQqAQZKEBY5LpPaux,2mAuHsmLsr5DxaJbH",hX4iCqsQSa2GCa4DS,2021-11-08T19:15:08Z,"{""image"":""/experiment/orange-crate.jpeg"",""label"":""A""},{""image"":""/experiment/aqua-crate.jpeg"",""label"":""B""}","{""AA"":{""p1"":3,""p2"":3},""AB"":{""p1"":0,""p2"":8},""BA"":{""p1"":8,""p2"":0},""BB"":{""p1"":1,""p2"":1}}",18,red,Ew2Y7JzcqPu7Zb9P9,p1,message,TRUE
zjzpA9b4pRQ84CQmd,18,"gQqAQZKEBY5LpPaux,2mAuHsmLsr5DxaJbH",hX4iCqsQSa2GCa4DS,2021-11-08T19:15:08Z,"{""image"":""/experiment/orange-crate.jpeg"",""label"":""A""},{""image"":""/experiment/aqua-crate.jpeg"",""label"":""B""}","{""AA"":{""p1"":3,""p2"":3},""AB"":{""p1"":0,""p2"":8},""BA"":{""p1"":8,""p2"":0},""BB"":{""p1"":1,""p2"":1}}",18,NA,YFN2b7aXAu9NEFvLC,p2,selectionAlert,TRUE
zjzpA9b4pRQ84CQmd,18,"gQqAQZKEBY5LpPaux,2mAuHsmLsr5DxaJbH",hX4iCqsQSa2GCa4DS,2021-11-08T19:15:08Z,"{""image"":""/experiment/orange-crate.jpeg"",""label"":""A""},{""image"":""/experiment/aqua-crate.jpeg"",""label"":""B""}","{""AA"":{""p1"":3,""p2"":3},""AB"":{""p1"":0,""p2"":8},""BA"":{""p1"":8,""p2"":0},""BB"":{""p1"":1,""p2"":1}}",18,NA,Ew2Y7JzcqPu7Zb9P9,p1,selectionAlert,TRUE
DSyNooGZii4ncBBFe,19,"3BKFhKebaCADDbvKH,YzBwQsF8Q4X4xFgrJ",hX4iCqsQSa2GCa4DS,2021-11-08T19:15:08Z,"{""image"":""/experiment/green-crate.jpeg"",""label"":""A""},{""image"":""/experiment/orange-crate.jpeg"",""label"":""B""}","{""AA"":{""p1"":5,""p2"":5},""AB"":{""p1"":0,""p2"":7},""BA"":{""p1"":7,""p2"":0},""BB"":{""p1"":4,""p2"":4}}",19,green,Ew2Y7JzcqPu7Zb9P9,p1,message,TRUE
DSyNooGZii4ncBBFe,19,"3BKFhKebaCADDbvKH,YzBwQsF8Q4X4xFgrJ",hX4iCqsQSa2GCa4DS,2021-11-08T19:15:08Z,"{""image"":""/experiment/green-crate.jpeg"",""label"":""A""},{""image"":""/experiment/orange-crate.jpeg"",""label"":""B""}","{""AA"":{""p1"":5,""p2"":5},""AB"":{""p1"":0,""p2"":7},""BA"":{""p1"":7,""p2"":0},""BB"":{""p1"":4,""p2"":4}}",19,NA,Ew2Y7JzcqPu7Zb9P9,p1,selectionAlert,TRUE
DSyNooGZii4ncBBFe,19,"3BKFhKebaCADDbvKH,YzBwQsF8Q4X4xFgrJ",hX4iCqsQSa2GCa4DS,2021-11-08T19:15:08Z,"{""image"":""/experiment/green-crate.jpeg"",""label"":""A""},{""image"":""/experiment/orange-crate.jpeg"",""label"":""B""}","{""AA"":{""p1"":5,""p2"":5},""AB"":{""p1"":0,""p2"":7},""BA"":{""p1"":7,""p2"":0},""BB"":{""p1"":4,""p2"":4}}",19,NA,YFN2b7aXAu9NEFvLC,p2,selectionAlert,TRUE
