_id,index,stageIds,gameId,createdAt,data.targets,data.payoffs,data.repNum,data.chat,data.submitted,data.player_DfhwRi77r89iZFEFD_response,data.player_DfhwRi77r89iZFEFD_time,data.player_WvggzrzGgjk4HDh9M_response,data.player_WvggzrzGgjk4HDh9M_time,data.player_Hvv3gEyCGX2zBmXK2_response,data.player_Hvv3gEyCGX2zBmXK2_time,data.player_aD8amtjzJx6jEyBMp_response,data.player_aD8amtjzJx6jEyBMp_time,data.player_m5hyD6u7arfKCWZ2h_response,data.player_m5hyD6u7arfKCWZ2h_time,data.player_rMFK4T5wzumu8iwh7_response,data.player_rMFK4T5wzumu8iwh7_time,data.player_Ew2Y7JzcqPu7Zb9P9_response,data.player_Ew2Y7JzcqPu7Zb9P9_time,data.player_YFN2b7aXAu9NEFvLC_response,data.player_YFN2b7aXAu9NEFvLC_time
qYNRWAkHFEghZ7hBw,0,"MjEe7EztGQmYsBX3X,mpSwePLMe3oTrHaau",2iyt5HqNWAyYtZvWc,2021-11-08T19:12:31Z,"{""image"":""/experiment/aqua-crate.jpeg"",""label"":""A""},{""image"":""/experiment/orange-crate.jpeg"",""label"":""B""}","{""AA"":{""p1"":7,""p2"":7},""AB"":{""p1"":0,""p2"":9},""BA"":{""p1"":9,""p2"":0},""BB"":{""p1"":3,""p2"":3}}",0,"{""text"":null,""playerId"":""DfhwRi77r89iZFEFD"",""role"":""p1"",""type"":""selectionAlert"",""time"":1636398761593},{""text"":null,""playerId"":""WvggzrzGgjk4HDh9M"",""role"":""p2"",""type"":""selectionAlert"",""time"":1636398762650}",true,A,9094,B,10149,,,,,,,,,,,,
xo2zBZ3F7JgoD9Ewe,1,"u4erQgufwz4Yno9qo,y8Wo5e4i9qYJDQs9D",2iyt5HqNWAyYtZvWc,2021-11-08T19:12:31Z,"{""image"":""/experiment/crate.jpeg"",""label"":""A""},{""image"":""/experiment/pink-crate.jpeg"",""label"":""B""}","{""AA"":{""p1"":5,""p2"":5},""AB"":{""p1"":0,""p2"":7},""BA"":{""p1"":7,""p2"":0},""BB"":{""p1"":4,""p2"":4}}",1,"{""text"":null,""playerId"":""DfhwRi77r89iZFEFD"",""role"":""p1"",""type"":""selectionAlert"",""time"":1636398771448},{""text"":null,""playerId"":""WvggzrzGgjk4HDh9M"",""role"":""p2"",""type"":""selectionAlert"",""time"":1636398778763}",true,B,2567,B,9879,,,,,,,,,,,,
Yx9MCZATGBmKP2eE4,2,"FTacnjNHyeybWEPJ9,9czCEAfdMoTuNf3Pr",2iyt5HqNWAyYtZvWc,2021-11-08T19:12:31Z,"{""image"":""/experiment/pink-crate.jpeg"",""label"":""A""},{""image"":""/experiment/aqua-crate.jpeg"",""label"":""B""}","{""AA"":{""p1"":5,""p2"":5},""AB"":{""p1"":0,""p2"":6},""BA"":{""p1"":6,""p2"":0},""BB"":{""p1"":1,""p2"":1}}",2,"{""text"":null,""playerId"":""DfhwRi77r89iZFEFD"",""role"":""p1"",""type"":""selectionAlert"",""time"":1636398786130},{""text"":null,""playerId"":""WvggzrzGgjk4HDh9M"",""role"":""p2"",""type"":""selectionAlert"",""time"":1636398787677}",true,A,1254,B,2797,,,,,,,,,,,,
MSug2PQKWMCKLQHZP,3,"X9375u6Euf24gyW8z,E3DSx83xHf4xaTc6D",2iyt5HqNWAyYtZvWc,2021-11-08T19:12:31Z,"{""image"":""/experiment/blue-crate.jpeg"",""label"":""A""},{""image"":""/experiment/green-crate.jpeg"",""label"":""B""}","{""AA"":{""p1"":7,""p2"":7},""AB"":{""p1"":0,""p2"":8},""BA"":{""p1"":8,""p2"":0},""BB"":{""p1"":5,""p2"":5}}",3,"{""text"":null,""playerId"":""DfhwRi77r89iZFEFD"",""role"":""p1"",""type"":""selectionAlert"",""time"":1636398795558},{""text"":""blue"",""playerId"":""DfhwRi77r89iZFEFD"",""role"":""p1"",""type"":""message"",""time"":1636398797576},{""text"":null,""playerId"":""WvggzrzGgjk4HDh9M"",""role"":""p2"",""type"":""selectionAlert"",""time"":1636398798274}",true,A,1672,B,4385,,,,,,,,,,,,
zqpLmTk9NAhoQ7wQw,4,"oF3krxHA5kgjaHmdf,KhjQEBc5qQsapsJZD",2iyt5HqNWAyYtZvWc,2021-11-08T19:12:31Z,"{""image"":""/experiment/purple-crate.jpeg"",""label"":""A""},{""image"":""/experiment/yellow-crate.jpeg"",""label"":""B""}","{""AA"":{""p1"":5,""p2"":5},""AB"":{""p1"":0,""p2"":9},""BA"":{""p1"":9,""p2"":0},""BB"":{""p1"":3,""p2"":3}}",4,"{""text"":null,""playerId"":""WvggzrzGgjk4HDh9M"",""role"":""p2"",""type"":""selectionAlert"",""time"":1636398807071},{""text"":null,""playerId"":""DfhwRi77r89iZFEFD"",""role"":""p1"",""type"":""selectionAlert"",""time"":1636398806862}",true,B,1972,A,2167,,,,,,,,,,,,
QK4TYuCWN5CJkrfYc,5,"A2Y6tZjkK29n3Kxpy,fCCYMmG7mWvhFvtcH",2iyt5HqNWAyYtZvWc,2021-11-08T19:12:31Z,"{""image"":""/experiment/purple-crate.jpeg"",""label"":""A""},{""image"":""/experiment/crate.jpeg"",""label"":""B""}","{""AA"":{""p1"":6,""p2"":6},""AB"":{""p1"":0,""p2"":8},""BA"":{""p1"":8,""p2"":0},""BB"":{""p1"":3,""p2"":3}}",5,"{""text"":null,""playerId"":""DfhwRi77r89iZFEFD"",""role"":""p1"",""type"":""selectionAlert"",""time"":1636398815520},{""text"":null,""playerId"":""WvggzrzGgjk4HDh9M"",""role"":""p2"",""type"":""selectionAlert"",""time"":1636398816310}",true,B,1640,B,2427,,,,,,,,,,,,
hGXNHvd6aP6xruo4z,6,"hy8Aoe7qkC9XP8miE,rRKR5ysSJeavS9BJq",2iyt5HqNWAyYtZvWc,2021-11-08T19:12:31Z,"{""image"":""/experiment/blue-crate.jpeg"",""label"":""A""},{""image"":""/experiment/pink-crate.jpeg"",""label"":""B""}","{""AA"":{""p1"":3,""p2"":3},""AB"":{""p1"":0,""p2"":8},""BA"":{""p1"":8,""p2"":0},""BB"":{""p1"":2,""p2"":2}}",6,"{""text"":null,""playerId"":""DfhwRi77r89iZFEFD"",""role"":""p1"",""type"":""selectionAlert"",""time"":1636398823745},{""text"":null,""playerId"":""WvggzrzGgjk4HDh9M"",""role"":""p2"",""type"":""selectionAlert"",""time"":1636398824925}",true,A,855,B,2032,,,,,,,,,,,,
vjdbQ6ED3YSYPsh2f,7,"JPj63mrY8Bwa9y3vH,HNy4vhgyhFxBcd7Mf",2iyt5HqNWAyYtZvWc,2021-11-08T19:12:31Z,"{""image"":""/experiment/aqua-crate.jpeg"",""label"":""A""},{""image"":""/experiment/pink-crate.jpeg"",""label"":""B""}","{""AA"":{""p1"":3,""p2"":3},""AB"":{""p1"":0,""p2"":5},""BA"":{""p1"":5,""p2"":0},""BB"":{""p1"":1,""p2"":1}}",7,"{""text"":null,""playerId"":""DfhwRi77r89iZFEFD"",""role"":""p1"",""type"":""selectionAlert"",""time"":1636398833345},{""text"":null,""playerId"":""WvggzrzGgjk4HDh9M"",""role"":""p2"",""type"":""selectionAlert"",""time"":1636398834566}",true,A,2450,B,3668,,,,,,,,,,,,
G9YH9Zdz9noLWi5pj,8,"D3Y7tkKRkCESqyvzE,zinCGcxXtrQiQLxn8",2iyt5HqNWAyYtZvWc,2021-11-08T19:12:31Z,"{""image"":""/experiment/purple-crate.jpeg"",""label"":""A""},{""image"":""/experiment/crate.jpeg"",""label"":""B""}","{""AA"":{""p1"":4,""p2"":4},""AB"":{""p1"":0,""p2"":8},""BA"":{""p1"":8,""p2"":0},""BB"":{""p1"":3,""p2"":3}}",8,"{""text"":null,""playerId"":""DfhwRi77r89iZFEFD"",""role"":""p1"",""type"":""selectionAlert"",""time"":1636398841793},{""text"":null,""playerId"":""WvggzrzGgjk4HDh9M"",""role"":""p2"",""type"":""selectionAlert"",""time"":1636398842776}",true,B,905,B,1885,,,,,,,,,,,,
7Xqe9P7EwhgJPMTQ5,9,"jNvEzogCMvLCrvZH6,HSsT2HjWN2KXa6sCX",2iyt5HqNWAyYtZvWc,2021-11-08T19:12:31Z,"{""image"":""/experiment/purple-crate.jpeg"",""label"":""A""},{""image"":""/experiment/aqua-crate.jpeg"",""label"":""B""}","{""AA"":{""p1"":3,""p2"":3},""AB"":{""p1"":0,""p2"":5},""BA"":{""p1"":5,""p2"":0},""BB"":{""p1"":1,""p2"":1}}",9,"{""text"":null,""playerId"":""WvggzrzGgjk4HDh9M"",""role"":""p2"",""type"":""selectionAlert"",""time"":1636398850418},{""text"":null,""playerId"":""DfhwRi77r89iZFEFD"",""role"":""p1"",""type"":""selectionAlert"",""time"":1636398851716}",true,A,2824,A,1520,,,,,,,,,,,,
zSyjHsBsdYDLhytAu,10,"pF3M7eociGQ9bZ33K,PFP9oAJK9HZzpfQTP",2iyt5HqNWAyYtZvWc,2021-11-08T19:12:31Z,"{""image"":""/experiment/green-crate.jpeg"",""label"":""A""},{""image"":""/experiment/aqua-crate.jpeg"",""label"":""B""}","{""AA"":{""p1"":2,""p2"":2},""AB"":{""p1"":0,""p2"":3},""BA"":{""p1"":3,""p2"":0},""BB"":{""p1"":1,""p2"":1}}",10,"{""text"":null,""playerId"":""DfhwRi77r89iZFEFD"",""role"":""p1"",""type"":""selectionAlert"",""time"":1636398861059},{""text"":null,""playerId"":""WvggzrzGgjk4HDh9M"",""role"":""p2"",""type"":""selectionAlert"",""time"":1636398861957}",true,A,2137,A,3033,,,,,,,,,,,,
5rkaKLo2JRviSPrZH,11,"DY84AXLC3Krk9NXre,AeCfvuYkZxkpnjyMa",2iyt5HqNWAyYtZvWc,2021-11-08T19:12:31Z,"{""image"":""/experiment/blue-crate.jpeg"",""label"":""A""},{""image"":""/experiment/aqua-crate.jpeg"",""label"":""B""}","{""AA"":{""p1"":5,""p2"":5},""AB"":{""p1"":0,""p2"":9},""BA"":{""p1"":9,""p2"":0},""BB"":{""p1"":3,""p2"":3}}",11,"{""text"":null,""playerId"":""WvggzrzGgjk4HDh9M"",""role"":""p2"",""type"":""selectionAlert"",""time"":1636398869706},{""text"":null,""playerId"":""DfhwRi77r89iZFEFD"",""role"":""p1"",""type"":""selectionAlert"",""time"":1636398869667}",true,B,1767,A,1800,,,,,,,,,,,,
cKRgysMc8SXmSqukA,12,"pjXPKQKhQ5Tt6BNTu,dKqPGxfcApbTCz926",2iyt5HqNWAyYtZvWc,2021-11-08T19:12:31Z,"{""image"":""/experiment/green-crate.jpeg"",""label"":""A""},{""image"":""/experiment/purple-crate.jpeg"",""label"":""B""}","{""AA"":{""p1"":5,""p2"":5},""AB"":{""p1"":0,""p2"":9},""BA"":{""p1"":9,""p2"":0},""BB"":{""p1"":1,""p2"":1}}",12,"{""text"":null,""playerId"":""DfhwRi77r89iZFEFD"",""role"":""p1"",""type"":""selectionAlert"",""time"":1636398878201},{""text"":null,""playerId"":""WvggzrzGgjk4HDh9M"",""role"":""p2"",""type"":""selectionAlert"",""time"":1636398879142}",true,A,1244,B,2182,,,,,,,,,,,,
Tz8zXvvwbniHgA5oa,13,"fc5EKD6Gy3iDLrbyZ,FpzPi9Qk79xfMLMvN",2iyt5HqNWAyYtZvWc,2021-11-08T19:12:31Z,"{""image"":""/experiment/pink-crate.jpeg"",""label"":""A""},{""image"":""/experiment/green-crate.jpeg"",""label"":""B""}","{""AA"":{""p1"":5,""p2"":5},""AB"":{""p1"":0,""p2"":6},""BA"":{""p1"":6,""p2"":0},""BB"":{""p1"":3,""p2"":3}}",13,"{""text"":null,""playerId"":""DfhwRi77r89iZFEFD"",""role"":""p1"",""type"":""selectionAlert"",""time"":1636398886358},{""text"":null,""playerId"":""WvggzrzGgjk4HDh9M"",""role"":""p2"",""type"":""selectionAlert"",""time"":1636398887412}",true,B,1450,B,2502,,,,,,,,,,,,
j6odAmLFzu6QpiDFc,14,"29TGGG3psGTF4PBwK,HE2N3FxGK5HmK9Kk4",2iyt5HqNWAyYtZvWc,2021-11-08T19:12:31Z,"{""image"":""/experiment/green-crate.jpeg"",""label"":""A""},{""image"":""/experiment/pink-crate.jpeg"",""label"":""B""}","{""AA"":{""p1"":5,""p2"":5},""AB"":{""p1"":0,""p2"":6},""BA"":{""p1"":6,""p2"":0},""BB"":{""p1"":3,""p2"":3}}",14,"{""text"":null,""playerId"":""DfhwRi77r89iZFEFD"",""role"":""p1"",""type"":""selectionAlert"",""time"":1636398894576},{""text"":null,""playerId"":""WvggzrzGgjk4HDh9M"",""role"":""p2"",""type"":""selectionAlert"",""time"":1636398899360}",true,B,667,B,5447,,,,,,,,,,,,
BNhf7ZuQJMp678tdM,15,"N4bC2GDi3exgKNntv,TpHBGTHCQ6cS4ao6F",2iyt5HqNWAyYtZvWc,2021-11-08T19:12:31Z,"{""image"":""/experiment/orange-crate.jpeg"",""label"":""A""},{""image"":""/experiment/green-crate.jpeg"",""label"":""B""}","{""AA"":{""p1"":5,""p2"":5},""AB"":{""p1"":0,""p2"":9},""BA"":{""p1"":9,""p2"":0},""BB"":{""p1"":1,""p2"":1}}",15,"{""text"":null,""playerId"":""WvggzrzGgjk4HDh9M"",""role"":""p2"",""type"":""selectionAlert"",""time"":1636398907745},{""text"":null,""playerId"":""DfhwRi77r89iZFEFD"",""role"":""p1"",""type"":""selectionAlert"",""time"":1636398907117}",true,B,1196,A,1819,,,,,,,,,,,,
3HzpfLiXv4HCczpXZ,16,"JC7EBaCBeoxRRyh3b,aiKX2NpaidgvumjMH",2iyt5HqNWAyYtZvWc,2021-11-08T19:12:31Z,"{""image"":""/experiment/green-crate.jpeg"",""label"":""A""},{""image"":""/experiment/orange-crate.jpeg"",""label"":""B""}","{""AA"":{""p1"":4,""p2"":4},""AB"":{""p1"":0,""p2"":9},""BA"":{""p1"":9,""p2"":0},""BB"":{""p1"":1,""p2"":1}}",16,"{""text"":null,""playerId"":""WvggzrzGgjk4HDh9M"",""role"":""p2"",""type"":""selectionAlert"",""time"":1636398915361},{""text"":null,""playerId"":""DfhwRi77r89iZFEFD"",""role"":""p1"",""type"":""selectionAlert"",""time"":1636398916010}",true,B,2090,A,1436,,,,,,,,,,,,
LL9bcZg2Tf4HmeNop,17,"yb5mMyNHSzyCkCwvL,CgZpu3EXRD5Myd9Jq",2iyt5HqNWAyYtZvWc,2021-11-08T19:12:31Z,"{""image"":""/experiment/aqua-crate.jpeg"",""label"":""A""},{""image"":""/experiment/blue-crate.jpeg"",""label"":""B""}","{""AA"":{""p1"":5,""p2"":5},""AB"":{""p1"":0,""p2"":9},""BA"":{""p1"":9,""p2"":0},""BB"":{""p1"":3,""p2"":3}}",17,"{""text"":null,""playerId"":""WvggzrzGgjk4HDh9M"",""role"":""p2"",""type"":""selectionAlert"",""time"":1636398924620},{""text"":null,""playerId"":""DfhwRi77r89iZFEFD"",""role"":""p1"",""type"":""selectionAlert"",""time"":1636398924861}",true,A,1921,B,1674,,,,,,,,,,,,
a7TgCj6zRPhaM436S,18,"GfpemfWo4QoZfF3GJ,a8DGe2X6yD9bv9JXD",2iyt5HqNWAyYtZvWc,2021-11-08T19:12:31Z,"{""image"":""/experiment/blue-crate.jpeg"",""label"":""A""},{""image"":""/experiment/crate.jpeg"",""label"":""B""}","{""AA"":{""p1"":3,""p2"":3},""AB"":{""p1"":0,""p2"":8},""BA"":{""p1"":8,""p2"":0},""BB"":{""p1"":1,""p2"":1}}",18,"{""text"":null,""playerId"":""WvggzrzGgjk4HDh9M"",""role"":""p2"",""type"":""selectionAlert"",""time"":1636398933442},{""text"":null,""playerId"":""DfhwRi77r89iZFEFD"",""role"":""p1"",""type"":""selectionAlert"",""time"":1636398932992}",true,A,1063,A,1508,,,,,,,,,,,,
GrpACDnm3vemubYHL,19,"tFFNuckmY86zbSusE,9FcyxJmR6JGtkpWfq",2iyt5HqNWAyYtZvWc,2021-11-08T19:12:31Z,"{""image"":""/experiment/orange-crate.jpeg"",""label"":""A""},{""image"":""/experiment/crate.jpeg"",""label"":""B""}","{""AA"":{""p1"":5,""p2"":5},""AB"":{""p1"":0,""p2"":7},""BA"":{""p1"":7,""p2"":0},""BB"":{""p1"":4,""p2"":4}}",19,"{""text"":null,""playerId"":""WvggzrzGgjk4HDh9M"",""role"":""p2"",""type"":""selectionAlert"",""time"":1636398941626},{""text"":null,""playerId"":""DfhwRi77r89iZFEFD"",""role"":""p1"",""type"":""selectionAlert"",""time"":1636398941267}",true,B,1341,A,1694,,,,,,,,,,,,
zeYeMFGeBKzmTixWD,0,"TXNK3izmwbxp97yFY,5dFRavFjbwZgfokpe",zLuA4iDWY3B356FLZ,2021-11-08T19:13:07Z,"{""image"":""/experiment/yellow-crate.jpeg"",""label"":""A""},{""image"":""/experiment/orange-crate.jpeg"",""label"":""B""}","{""AA"":{""p1"":5,""p2"":5},""AB"":{""p1"":0,""p2"":6},""BA"":{""p1"":6,""p2"":0},""BB"":{""p1"":1,""p2"":1}}",0,"{""text"":null,""playerId"":""aD8amtjzJx6jEyBMp"",""role"":""p2"",""type"":""selectionAlert"",""time"":1636398797284},{""text"":null,""playerId"":""Hvv3gEyCGX2zBmXK2"",""role"":""p1"",""type"":""selectionAlert"",""time"":1636398803789}",true,,,,,A,16068,B,9557,,,,,,,,
g3zCdpuspGBjLjkfG,1,"kY5fWhiQZLbxEjcRw,Taq556jKYHDYXZ9ta",zLuA4iDWY3B356FLZ,2021-11-08T19:13:07Z,"{""image"":""/experiment/yellow-crate.jpeg"",""label"":""A""},{""image"":""/experiment/pink-crate.jpeg"",""label"":""B""}","{""AA"":{""p1"":5,""p2"":5},""AB"":{""p1"":0,""p2"":8},""BA"":{""p1"":8,""p2"":0},""BB"":{""p1"":3,""p2"":3}}",1,"{""text"":null,""playerId"":""Hvv3gEyCGX2zBmXK2"",""role"":""p1"",""type"":""selectionAlert"",""time"":1636398812162},{""text"":null,""playerId"":""aD8amtjzJx6jEyBMp"",""role"":""p2"",""type"":""selectionAlert"",""time"":1636398816628}",true,,,,,B,2234,A,6724,,,,,,,,
ffgSfrus3mfQXcMGY,2,"TankasDpcEJz6bfHj,zzLd6wrrAf5oRzrP5",zLuA4iDWY3B356FLZ,2021-11-08T19:13:07Z,"{""image"":""/experiment/orange-crate.jpeg"",""label"":""A""},{""image"":""/experiment/purple-crate.jpeg"",""label"":""B""}","{""AA"":{""p1"":5,""p2"":5},""AB"":{""p1"":0,""p2"":9},""BA"":{""p1"":9,""p2"":0},""BB"":{""p1"":3,""p2"":3}}",2,"{""text"":null,""playerId"":""Hvv3gEyCGX2zBmXK2"",""role"":""p1"",""type"":""selectionAlert"",""time"":1636398825387},{""text"":null,""playerId"":""aD8amtjzJx6jEyBMp"",""role"":""p2"",""type"":""selectionAlert"",""time"":1636398827364}",true,,,,,B,2443,A,4418,,,,,,,,
xLTv2KhgoGtHPm7Qh,3,"8usR3eqvtnrnNpQtY,GDKidWgMzzZe9WaR2",zLuA4iDWY3B356FLZ,2021-11-08T19:13:07Z,"{""image"":""/experiment/crate.jpeg"",""label"":""A""},{""image"":""/experiment/purple-crate.jpeg"",""label"":""B""}","{""AA"":{""p1"":5,""p2"":5},""AB"":{""p1"":0,""p2"":7},""BA"":{""p1"":7,""p2"":0},""BB"":{""p1"":2,""p2"":2}}",3,"{""text"":null,""playerId"":""aD8amtjzJx6jEyBMp"",""role"":""p2"",""type"":""selectionAlert"",""time"":1636398837443},{""text"":null,""playerId"":""Hvv3gEyCGX2zBmXK2"",""role"":""p1"",""type"":""selectionAlert"",""time"":1636398838139}",true,,,,,B,4247,A,3540,,,,,,,,
LAhmHxA9msSnv2Ero,4,"zvNHeJ2g9yowDyTS4,tbmhfWptpTzDGsRAZ",zLuA4iDWY3B356FLZ,2021-11-08T19:13:07Z,"{""image"":""/experiment/green-crate.jpeg"",""label"":""A""},{""image"":""/experiment/orange-crate.jpeg"",""label"":""B""}","{""AA"":{""p1"":7,""p2"":7},""AB"":{""p1"":0,""p2"":8},""BA"":{""p1"":8,""p2"":0},""BB"":{""p1"":5,""p2"":5}}",4,"{""text"":null,""playerId"":""Hvv3gEyCGX2zBmXK2"",""role"":""p1"",""type"":""selectionAlert"",""time"":1636398849709},{""text"":null,""playerId"":""aD8amtjzJx6jEyBMp"",""role"":""p2"",""type"":""selectionAlert"",""time"":1636398853864}",true,,,,,B,4811,A,8963,,,,,,,,
oR5mMrXQTQL2BrLt5,5,"WyFcQtuWBTS25zrBJ,EmtBE2cc6Lwtk4Kt6",zLuA4iDWY3B356FLZ,2021-11-08T19:13:07Z,"{""image"":""/experiment/orange-crate.jpeg"",""label"":""A""},{""image"":""/experiment/pink-crate.jpeg"",""label"":""B""}","{""AA"":{""p1"":5,""p2"":5},""AB"":{""p1"":0,""p2"":8},""BA"":{""p1"":8,""p2"":0},""BB"":{""p1"":1,""p2"":1}}",5,"{""text"":null,""playerId"":""aD8amtjzJx6jEyBMp"",""role"":""p2"",""type"":""selectionAlert"",""time"":1636398862333},{""text"":null,""playerId"":""Hvv3gEyCGX2zBmXK2"",""role"":""p1"",""type"":""selectionAlert"",""time"":1636398863192}",true,,,,,B,3279,B,2415,,,,,,,,
GQCHz6TBzEyK3ySnX,6,"MMRsJqKch9QTAuhin,ozRRvevj6G8uK87WQ",zLuA4iDWY3B356FLZ,2021-11-08T19:13:07Z,"{""image"":""/experiment/purple-crate.jpeg"",""label"":""A""},{""image"":""/experiment/orange-crate.jpeg"",""label"":""B""}","{""AA"":{""p1"":6,""p2"":6},""AB"":{""p1"":0,""p2"":9},""BA"":{""p1"":9,""p2"":0},""BB"":{""p1"":5,""p2"":5}}",6,"{""text"":null,""playerId"":""aD8amtjzJx6jEyBMp"",""role"":""p2"",""type"":""selectionAlert"",""time"":1636398872479},{""text"":null,""playerId"":""Hvv3gEyCGX2zBmXK2"",""role"":""p1"",""type"":""selectionAlert"",""time"":1636398873442}",true,,,,,B,3537,B,2568,,,,,,,,
roQgvYhrLEdLHocZi,7,"aCdttfoQjxFrQYmeb,r9BSNk95zijXQ9KWm",zLuA4iDWY3B356FLZ,2021-11-08T19:13:07Z,"{""image"":""/experiment/purple-crate.jpeg"",""label"":""A""},{""image"":""/experiment/yellow-crate.jpeg"",""label"":""B""}","{""AA"":{""p1"":2,""p2"":2},""AB"":{""p1"":0,""p2"":3},""BA"":{""p1"":3,""p2"":0},""BB"":{""p1"":1,""p2"":1}}",7,"{""text"":null,""playerId"":""Hvv3gEyCGX2zBmXK2"",""role"":""p1"",""type"":""selectionAlert"",""time"":1636398882159},{""text"":null,""playerId"":""aD8amtjzJx6jEyBMp"",""role"":""p2"",""type"":""selectionAlert"",""time"":1636398884659}",true,,,,,A,2253,A,4752,,,,,,,,
jYZaeA2zRPQpD98JB,8,"mTWSymh5FiSggnJed,2Dt5p9j3rTdCyH3gs",zLuA4iDWY3B356FLZ,2021-11-08T19:13:07Z,"{""image"":""/experiment/green-crate.jpeg"",""label"":""A""},{""image"":""/experiment/purple-crate.jpeg"",""label"":""B""}","{""AA"":{""p1"":3,""p2"":3},""AB"":{""p1"":0,""p2"":9},""BA"":{""p1"":9,""p2"":0},""BB"":{""p1"":2,""p2"":2}}",8,"{""text"":null,""playerId"":""Hvv3gEyCGX2zBmXK2"",""role"":""p1"",""type"":""selectionAlert"",""time"":1636398893272},{""text"":null,""playerId"":""aD8amtjzJx6jEyBMp"",""role"":""p2"",""type"":""selectionAlert"",""time"":1636398896020}",true,,,,,A,2354,B,5103,,,,,,,,
QgrQmQiAaAgP36ddx,9,"sXM25h2CnvvMG2Cha,AGwfdpn55pFtvbBsd",zLuA4iDWY3B356FLZ,2021-11-08T19:13:07Z,"{""image"":""/experiment/green-crate.jpeg"",""label"":""A""},{""image"":""/experiment/blue-crate.jpeg"",""label"":""B""}","{""AA"":{""p1"":6,""p2"":6},""AB"":{""p1"":0,""p2"":7},""BA"":{""p1"":7,""p2"":0},""BB"":{""p1"":5,""p2"":5}}",9,"{""text"":null,""playerId"":""aD8amtjzJx6jEyBMp"",""role"":""p2"",""type"":""selectionAlert"",""time"":1636398906124},{""text"":null,""playerId"":""Hvv3gEyCGX2zBmXK2"",""role"":""p1"",""type"":""selectionAlert"",""time"":1636398907108}",true,,,,,B,4193,B,3197,,,,,,,,
QZnAJ2unvCKe3XoJk,10,"H2sEod76aeF5ZFPhf,hvrDCcJsR2A73JMDD",zLuA4iDWY3B356FLZ,2021-11-08T19:13:07Z,"{""image"":""/experiment/green-crate.jpeg"",""label"":""A""},{""image"":""/experiment/purple-crate.jpeg"",""label"":""B""}","{""AA"":{""p1"":6,""p2"":6},""AB"":{""p1"":0,""p2"":7},""BA"":{""p1"":7,""p2"":0},""BB"":{""p1"":2,""p2"":2}}",10,"{""text"":null,""playerId"":""aD8amtjzJx6jEyBMp"",""role"":""p2"",""type"":""selectionAlert"",""time"":1636398915687},{""text"":null,""playerId"":""Hvv3gEyCGX2zBmXK2"",""role"":""p1"",""type"":""selectionAlert"",""time"":1636398916905}",true,,,,,B,2927,B,1701,,,,,,,,
CX3ipZzMDdpnSjA26,11,"kJrxWz7Bazk9MjQPq,BtpGrb8mbN7pnPBJn",zLuA4iDWY3B356FLZ,2021-11-08T19:13:07Z,"{""image"":""/experiment/crate.jpeg"",""label"":""A""},{""image"":""/experiment/aqua-crate.jpeg"",""label"":""B""}","{""AA"":{""p1"":5,""p2"":5},""AB"":{""p1"":0,""p2"":8},""BA"":{""p1"":8,""p2"":0},""BB"":{""p1"":2,""p2"":2}}",11,"{""text"":null,""playerId"":""aD8amtjzJx6jEyBMp"",""role"":""p2"",""type"":""selectionAlert"",""time"":1636398926013},{""text"":null,""playerId"":""Hvv3gEyCGX2zBmXK2"",""role"":""p1"",""type"":""selectionAlert"",""time"":1636398926315}",true,,,,,B,3321,A,3016,,,,,,,,
roXA5jyhire4zH34h,12,"MzbPerHMpm7ELhYDS,sKB7ThAewWYsnJRZy",zLuA4iDWY3B356FLZ,2021-11-08T19:13:07Z,"{""image"":""/experiment/blue-crate.jpeg"",""label"":""A""},{""image"":""/experiment/orange-crate.jpeg"",""label"":""B""}","{""AA"":{""p1"":2,""p2"":2},""AB"":{""p1"":0,""p2"":4},""BA"":{""p1"":4,""p2"":0},""BB"":{""p1"":1,""p2"":1}}",12,"{""text"":null,""playerId"":""aD8amtjzJx6jEyBMp"",""role"":""p2"",""type"":""selectionAlert"",""time"":1636398935406},{""text"":null,""playerId"":""Hvv3gEyCGX2zBmXK2"",""role"":""p1"",""type"":""selectionAlert"",""time"":1636398936601}",true,,,,,B,3669,B,2474,,,,,,,,
G6m7hWjc2yedk7WCL,13,"sv3NKaTzWRHFSPzD4,bZ4nLycR8hosXFhL3",zLuA4iDWY3B356FLZ,2021-11-08T19:13:07Z,"{""image"":""/experiment/green-crate.jpeg"",""label"":""A""},{""image"":""/experiment/crate.jpeg"",""label"":""B""}","{""AA"":{""p1"":6,""p2"":6},""AB"":{""p1"":0,""p2"":8},""BA"":{""p1"":8,""p2"":0},""BB"":{""p1"":5,""p2"":5}}",13,"{""text"":null,""playerId"":""Hvv3gEyCGX2zBmXK2"",""role"":""p1"",""type"":""selectionAlert"",""time"":1636398945819},{""text"":null,""playerId"":""aD8amtjzJx6jEyBMp"",""role"":""p2"",""type"":""selectionAlert"",""time"":1636398946364}",true,,,,,B,2877,A,3422,,,,,,,,
ZB9QsfpT5Fk4Kir2Y,14,"ivAy6o6Xaa8z8tXae,chvJx9ag2EsPmnsBT",zLuA4iDWY3B356FLZ,2021-11-08T19:13:07Z,"{""image"":""/experiment/purple-crate.jpeg"",""label"":""A""},{""image"":""/experiment/orange-crate.jpeg"",""label"":""B""}","{""AA"":{""p1"":5,""p2"":5},""AB"":{""p1"":0,""p2"":7},""BA"":{""p1"":7,""p2"":0},""BB"":{""p1"":1,""p2"":1}}",14,"{""text"":null,""playerId"":""aD8amtjzJx6jEyBMp"",""role"":""p2"",""type"":""selectionAlert"",""time"":1636398957233},{""text"":null,""playerId"":""Hvv3gEyCGX2zBmXK2"",""role"":""p1"",""type"":""selectionAlert"",""time"":1636398958240}",true,,,,,A,5303,B,4290,,,,,,,,
Ky7yAcTyNnYTqqvLZ,15,"tZEGEqGDnySHGJD9X,yse9RmCtmb7rxQLAd",zLuA4iDWY3B356FLZ,2021-11-08T19:13:07Z,"{""image"":""/experiment/pink-crate.jpeg"",""label"":""A""},{""image"":""/experiment/orange-crate.jpeg"",""label"":""B""}","{""AA"":{""p1"":5,""p2"":5},""AB"":{""p1"":0,""p2"":6},""BA"":{""p1"":6,""p2"":0},""BB"":{""p1"":4,""p2"":4}}",15,"{""text"":null,""playerId"":""aD8amtjzJx6jEyBMp"",""role"":""p2"",""type"":""selectionAlert"",""time"":1636398968375},{""text"":null,""playerId"":""Hvv3gEyCGX2zBmXK2"",""role"":""p1"",""type"":""selectionAlert"",""time"":1636398968639}",true,,,,,B,3695,B,3427,,,,,,,,
wuwJa6iiigpgHZ4E5,16,"8aKNjeC3soFYRWnFF,25eFGy28RDhfSQiav",zLuA4iDWY3B356FLZ,2021-11-08T19:13:07Z,"{""image"":""/experiment/yellow-crate.jpeg"",""label"":""A""},{""image"":""/experiment/pink-crate.jpeg"",""label"":""B""}","{""AA"":{""p1"":5,""p2"":5},""AB"":{""p1"":0,""p2"":6},""BA"":{""p1"":6,""p2"":0},""BB"":{""p1"":1,""p2"":1}}",16,"{""text"":null,""playerId"":""Hvv3gEyCGX2zBmXK2"",""role"":""p1"",""type"":""selectionAlert"",""time"":1636398978800},{""text"":null,""playerId"":""aD8amtjzJx6jEyBMp"",""role"":""p2"",""type"":""selectionAlert"",""time"":1636398978908}",true,,,,,B,3850,A,3955,,,,,,,,
KTNti5CaBCAKFJJJo,17,"yCRJChewrFg7hBEwf,mtgsJEkS8SCE8xn2n",zLuA4iDWY3B356FLZ,2021-11-08T19:13:07Z,"{""image"":""/experiment/aqua-crate.jpeg"",""label"":""A""},{""image"":""/experiment/crate.jpeg"",""label"":""B""}","{""AA"":{""p1"":5,""p2"":5},""AB"":{""p1"":0,""p2"":9},""BA"":{""p1"":9,""p2"":0},""BB"":{""p1"":3,""p2"":3}}",17,"{""text"":null,""playerId"":""Hvv3gEyCGX2zBmXK2"",""role"":""p1"",""type"":""selectionAlert"",""time"":1636398988401},{""text"":null,""playerId"":""aD8amtjzJx6jEyBMp"",""role"":""p2"",""type"":""selectionAlert"",""time"":1636398988412}",true,,,,,B,3442,B,3450,,,,,,,,
ZmG9uXZyqrX4v2zns,18,"Dp5SryMuiZLmCT3eB,8zYC4QBcuccyDzkP7",zLuA4iDWY3B356FLZ,2021-11-08T19:13:07Z,"{""image"":""/experiment/pink-crate.jpeg"",""label"":""A""},{""image"":""/experiment/aqua-crate.jpeg"",""label"":""B""}","{""AA"":{""p1"":8,""p2"":8},""AB"":{""p1"":0,""p2"":9},""BA"":{""p1"":9,""p2"":0},""BB"":{""p1"":2,""p2"":2}}",18,"{""text"":null,""playerId"":""aD8amtjzJx6jEyBMp"",""role"":""p2"",""type"":""selectionAlert"",""time"":1636398998593},{""text"":null,""playerId"":""Hvv3gEyCGX2zBmXK2"",""role"":""p1"",""type"":""selectionAlert"",""time"":1636399001295}",true,,,,,B,6336,B,3624,,,,,,,,
Ej9nWknpCKFgwfWmN,19,"A2FGyCxeTsZK3DdN5,GWpWyfRR8psobRgoF",zLuA4iDWY3B356FLZ,2021-11-08T19:13:07Z,"{""image"":""/experiment/orange-crate.jpeg"",""label"":""A""},{""image"":""/experiment/crate.jpeg"",""label"":""B""}","{""AA"":{""p1"":6,""p2"":6},""AB"":{""p1"":0,""p2"":7},""BA"":{""p1"":7,""p2"":0},""BB"":{""p1"":4,""p2"":4}}",19,"{""text"":null,""playerId"":""aD8amtjzJx6jEyBMp"",""role"":""p2"",""type"":""selectionAlert"",""time"":1636399010222},{""text"":null,""playerId"":""Hvv3gEyCGX2zBmXK2"",""role"":""p1"",""type"":""selectionAlert"",""time"":1636399011666}",true,,,,,B,3709,B,2263,,,,,,,,
u7yGNjn4Dq5y5roHM,0,"v6nPWYZLvue4SxsPW,WB44sFXPmopS9gkMD",iBNEbA9ZNacrZ97qL,2021-11-08T19:14:41Z,"{""image"":""/experiment/crate.jpeg"",""label"":""A""},{""image"":""/experiment/purple-crate.jpeg"",""label"":""B""}","{""AA"":{""p1"":2,""p2"":2},""AB"":{""p1"":0,""p2"":3},""BA"":{""p1"":3,""p2"":0},""BB"":{""p1"":1,""p2"":1}}",0,"{""text"":null,""playerId"":""rMFK4T5wzumu8iwh7"",""role"":""p2"",""type"":""selectionAlert"",""time"":1636398896668},{""text"":null,""playerId"":""m5hyD6u7arfKCWZ2h"",""role"":""p1"",""type"":""selectionAlert"",""time"":1636398901445}",true,,,,,,,,,A,19633,A,14852,,,,
n8HQKpFxYZRmFm7dF,1,"NCnamFQy5SLbGCmv2,43kEBgzm2pAEZTimg",iBNEbA9ZNacrZ97qL,2021-11-08T19:14:41Z,"{""image"":""/experiment/pink-crate.jpeg"",""label"":""A""},{""image"":""/experiment/aqua-crate.jpeg"",""label"":""B""}","{""AA"":{""p1"":4,""p2"":4},""AB"":{""p1"":0,""p2"":8},""BA"":{""p1"":8,""p2"":0},""BB"":{""p1"":1,""p2"":1}}",1,"{""text"":null,""playerId"":""m5hyD6u7arfKCWZ2h"",""role"":""p1"",""type"":""selectionAlert"",""time"":1636398912453},{""text"":null,""playerId"":""rMFK4T5wzumu8iwh7"",""role"":""p2"",""type"":""selectionAlert"",""time"":1636398918555}",true,,,,,,,,,A,5517,B,11631,,,,
wsEj3B9Dw6pRLLG5g,2,"2H86pFQXbj8uHjENe,qQypBMvaxgWc4Y8Xn",iBNEbA9ZNacrZ97qL,2021-11-08T19:14:41Z,"{""image"":""/experiment/aqua-crate.jpeg"",""label"":""A""},{""image"":""/experiment/orange-crate.jpeg"",""label"":""B""}","{""AA"":{""p1"":6,""p2"":6},""AB"":{""p1"":0,""p2"":7},""BA"":{""p1"":7,""p2"":0},""BB"":{""p1"":5,""p2"":5}}",2,"{""text"":null,""playerId"":""rMFK4T5wzumu8iwh7"",""role"":""p2"",""type"":""selectionAlert"",""time"":1636398933450},{""text"":null,""playerId"":""m5hyD6u7arfKCWZ2h"",""role"":""p1"",""type"":""selectionAlert"",""time"":1636398935808}",true,,,,,,,,,A,9850,A,7489,,,,
cDKskbvfwDqXJMhaZ,3,"tCbWXBzQjRxYiAcuS,DnhFsFRe5iHfXJrqE",iBNEbA9ZNacrZ97qL,2021-11-08T19:14:41Z,"{""image"":""/experiment/green-crate.jpeg"",""label"":""A""},{""image"":""/experiment/aqua-crate.jpeg"",""label"":""B""}","{""AA"":{""p1"":5,""p2"":5},""AB"":{""p1"":0,""p2"":8},""BA"":{""p1"":8,""p2"":0},""BB"":{""p1"":4,""p2"":4}}",3,"{""text"":null,""playerId"":""rMFK4T5wzumu8iwh7"",""role"":""p2"",""type"":""selectionAlert"",""time"":1636398945867},{""text"":null,""playerId"":""m5hyD6u7arfKCWZ2h"",""role"":""p1"",""type"":""selectionAlert"",""time"":1636398948170}",true,,,,,,,,,B,6231,A,3925,,,,
qut2gSoeDRYEJhzAn,4,"LEbhHwSKjJKxbibEC,45H7nSu3hQgS85Lyw",iBNEbA9ZNacrZ97qL,2021-11-08T19:14:41Z,"{""image"":""/experiment/aqua-crate.jpeg"",""label"":""A""},{""image"":""/experiment/crate.jpeg"",""label"":""B""}","{""AA"":{""p1"":6,""p2"":6},""AB"":{""p1"":0,""p2"":9},""BA"":{""p1"":9,""p2"":0},""BB"":{""p1"":4,""p2"":4}}",4,"{""text"":null,""playerId"":""rMFK4T5wzumu8iwh7"",""role"":""p2"",""type"":""selectionAlert"",""time"":1636398956872},{""text"":null,""playerId"":""m5hyD6u7arfKCWZ2h"",""role"":""p1"",""type"":""selectionAlert"",""time"":1636398959088}",true,,,,,,,,,A,5153,A,2934,,,,
i47yyk3kSsfGWpKGM,5,"m2tkBoSLt59mLcLaM,xEq9SQtYMQLvMtZiR",iBNEbA9ZNacrZ97qL,2021-11-08T19:14:41Z,"{""image"":""/experiment/aqua-crate.jpeg"",""label"":""A""},{""image"":""/experiment/blue-crate.jpeg"",""label"":""B""}","{""AA"":{""p1"":7,""p2"":7},""AB"":{""p1"":0,""p2"":9},""BA"":{""p1"":9,""p2"":0},""BB"":{""p1"":6,""p2"":6}}",5,"{""text"":null,""playerId"":""m5hyD6u7arfKCWZ2h"",""role"":""p1"",""type"":""selectionAlert"",""time"":1636398968481},{""text"":null,""playerId"":""rMFK4T5wzumu8iwh7"",""role"":""p2"",""type"":""selectionAlert"",""time"":1636398969103}",true,,,,,,,,,A,3483,B,4102,,,,
bHhnBuXRJZFwA93mk,6,"KqFWHEyhjMBhEsCSz,F5RZAuovzrjps6s37",iBNEbA9ZNacrZ97qL,2021-11-08T19:14:41Z,"{""image"":""/experiment/aqua-crate.jpeg"",""label"":""A""},{""image"":""/experiment/green-crate.jpeg"",""label"":""B""}","{""AA"":{""p1"":5,""p2"":5},""AB"":{""p1"":0,""p2"":9},""BA"":{""p1"":9,""p2"":0},""BB"":{""p1"":3,""p2"":3}}",6,"{""text"":null,""playerId"":""rMFK4T5wzumu8iwh7"",""role"":""p2"",""type"":""selectionAlert"",""time"":1636398978672},{""text"":null,""playerId"":""m5hyD6u7arfKCWZ2h"",""role"":""p1"",""type"":""selectionAlert"",""time"":1636398983944}",true,,,,,,,,,B,8002,B,2727,,,,
gMepK4tvZmjKKJRMh,7,"i3JqRm5EDJ7cNtu8M,CaMEZCGsBb7CwTZfK",iBNEbA9ZNacrZ97qL,2021-11-08T19:14:41Z,"{""image"":""/experiment/yellow-crate.jpeg"",""label"":""A""},{""image"":""/experiment/aqua-crate.jpeg"",""label"":""B""}","{""AA"":{""p1"":4,""p2"":4},""AB"":{""p1"":0,""p2"":6},""BA"":{""p1"":6,""p2"":0},""BB"":{""p1"":1,""p2"":1}}",7,"{""text"":null,""playerId"":""rMFK4T5wzumu8iwh7"",""role"":""p2"",""type"":""selectionAlert"",""time"":1636398991788},{""text"":null,""playerId"":""m5hyD6u7arfKCWZ2h"",""role"":""p1"",""type"":""selectionAlert"",""time"":1636398994070}",true,,,,,,,,,A,4122,B,1838,,,,
GPxuXMaCxzXTbZhL6,8,"eWh5cDgNbR7ANW77Z,KBj3mqowugEpW4NvX",iBNEbA9ZNacrZ97qL,2021-11-08T19:14:41Z,"{""image"":""/experiment/orange-crate.jpeg"",""label"":""A""},{""image"":""/experiment/pink-crate.jpeg"",""label"":""B""}","{""AA"":{""p1"":5,""p2"":5},""AB"":{""p1"":0,""p2"":7},""BA"":{""p1"":7,""p2"":0},""BB"":{""p1"":2,""p2"":2}}",8,"{""text"":null,""playerId"":""m5hyD6u7arfKCWZ2h"",""role"":""p1"",""type"":""selectionAlert"",""time"":1636399003979},{""text"":null,""playerId"":""rMFK4T5wzumu8iwh7"",""role"":""p2"",""type"":""selectionAlert"",""time"":1636399004241}",true,,,,,,,,,B,4012,B,4274,,,,
KiTP6nZmgC3y5M8Q9,9,"2mQ8xyv6DFRhsECew,TaddanyRC3GaopFnz",iBNEbA9ZNacrZ97qL,2021-11-08T19:14:41Z,"{""image"":""/experiment/crate.jpeg"",""label"":""A""},{""image"":""/experiment/purple-crate.jpeg"",""label"":""B""}","{""AA"":{""p1"":5,""p2"":5},""AB"":{""p1"":0,""p2"":6},""BA"":{""p1"":6,""p2"":0},""BB"":{""p1"":4,""p2"":4}}",9,"{""text"":null,""playerId"":""m5hyD6u7arfKCWZ2h"",""role"":""p1"",""type"":""selectionAlert"",""time"":1636399016901},{""text"":null,""playerId"":""rMFK4T5wzumu8iwh7"",""role"":""p2"",""type"":""selectionAlert"",""time"":1636399015556}",true,,,,,,,,,B,4948,B,3603,,,,
SigpQiZ36pwoKLM5o,10,"2WvwELPa2jQdmkmZE,paT5yKhJFpaC7uRji",iBNEbA9ZNacrZ97qL,2021-11-08T19:14:41Z,"{""image"":""/experiment/blue-crate.jpeg"",""label"":""A""},{""image"":""/experiment/orange-crate.jpeg"",""label"":""B""}","{""AA"":{""p1"":5,""p2"":5},""AB"":{""p1"":0,""p2"":6},""BA"":{""p1"":6,""p2"":0},""BB"":{""p1"":2,""p2"":2}}",10,"{""text"":null,""playerId"":""m5hyD6u7arfKCWZ2h"",""role"":""p1"",""type"":""selectionAlert"",""time"":1636399026129},{""text"":null,""playerId"":""rMFK4T5wzumu8iwh7"",""role"":""p2"",""type"":""selectionAlert"",""time"":1636399025962}",true,,,,,,,,,B,3163,B,2995,,,,
F5qzaRu9eSbfHTqfD,11,"2ha3QRi2QLf7F5ba7,7ZusGwimhaXqAAAta",iBNEbA9ZNacrZ97qL,2021-11-08T19:14:41Z,"{""image"":""/experiment/purple-crate.jpeg"",""label"":""A""},{""image"":""/experiment/crate.jpeg"",""label"":""B""}","{""AA"":{""p1"":2,""p2"":2},""AB"":{""p1"":0,""p2"":9},""BA"":{""p1"":9,""p2"":0},""BB"":{""p1"":1,""p2"":1}}",11,"{""text"":null,""playerId"":""rMFK4T5wzumu8iwh7"",""role"":""p2"",""type"":""selectionAlert"",""time"":1636399034468},{""text"":null,""playerId"":""m5hyD6u7arfKCWZ2h"",""role"":""p1"",""type"":""selectionAlert"",""time"":1636399039370}",true,,,,,,,,,B,6401,B,1496,,,,
xxKHdcj5zznZazYc3,12,"ve3mLxtFFjZQyNE2F,b8shukAWdtKNyZuqi",iBNEbA9ZNacrZ97qL,2021-11-08T19:14:41Z,"{""image"":""/experiment/orange-crate.jpeg"",""label"":""A""},{""image"":""/experiment/green-crate.jpeg"",""label"":""B""}","{""AA"":{""p1"":8,""p2"":8},""AB"":{""p1"":0,""p2"":9},""BA"":{""p1"":9,""p2"":0},""BB"":{""p1"":3,""p2"":3}}",12,"{""text"":null,""playerId"":""rMFK4T5wzumu8iwh7"",""role"":""p2"",""type"":""selectionAlert"",""time"":1636399046169},{""text"":null,""playerId"":""m5hyD6u7arfKCWZ2h"",""role"":""p1"",""type"":""selectionAlert"",""time"":1636399048570}",true,,,,,,,,,A,3609,A,1205,,,,
z8pWR47zF3doDDsna,13,"QPYevuzMZ55EgFpvY,xZmL5iwmAT7wHGowa",iBNEbA9ZNacrZ97qL,2021-11-08T19:14:41Z,"{""image"":""/experiment/aqua-crate.jpeg"",""label"":""A""},{""image"":""/experiment/pink-crate.jpeg"",""label"":""B""}","{""AA"":{""p1"":7,""p2"":7},""AB"":{""p1"":0,""p2"":8},""BA"":{""p1"":8,""p2"":0},""BB"":{""p1"":6,""p2"":6}}",13,"{""text"":null,""playerId"":""rMFK4T5wzumu8iwh7"",""role"":""p2"",""type"":""selectionAlert"",""time"":1636399055256},{""text"":null,""playerId"":""m5hyD6u7arfKCWZ2h"",""role"":""p1"",""type"":""selectionAlert"",""time"":1636399060380}",true,,,,,,,,,A,6419,B,1293,,,,
6YQu36dbtueKgWuCv,14,"3fbukNsMi4jmhNsdt,phzaENr7yjFXPDWET",iBNEbA9ZNacrZ97qL,2021-11-08T19:14:41Z,"{""image"":""/experiment/crate.jpeg"",""label"":""A""},{""image"":""/experiment/pink-crate.jpeg"",""label"":""B""}","{""AA"":{""p1"":4,""p2"":4},""AB"":{""p1"":0,""p2"":6},""BA"":{""p1"":6,""p2"":0},""BB"":{""p1"":2,""p2"":2}}",14,"{""text"":null,""playerId"":""rMFK4T5wzumu8iwh7"",""role"":""p2"",""type"":""selectionAlert"",""time"":1636399069300},{""text"":null,""playerId"":""m5hyD6u7arfKCWZ2h"",""role"":""p1"",""type"":""selectionAlert"",""time"":1636399070896}",true,,,,,,,,,B,4927,B,3328,,,,
7w89ukMnKSY9GpENs,15,"C5hqAxXaBLi2MoLiD,FHtYgXZc3LatkaoQ7",iBNEbA9ZNacrZ97qL,2021-11-08T19:14:41Z,"{""image"":""/experiment/green-crate.jpeg"",""label"":""A""},{""image"":""/experiment/orange-crate.jpeg"",""label"":""B""}","{""AA"":{""p1"":7,""p2"":7},""AB"":{""p1"":0,""p2"":9},""BA"":{""p1"":9,""p2"":0},""BB"":{""p1"":2,""p2"":2}}",15,"{""text"":null,""playerId"":""rMFK4T5wzumu8iwh7"",""role"":""p2"",""type"":""selectionAlert"",""time"":1636399077885},{""text"":null,""playerId"":""m5hyD6u7arfKCWZ2h"",""role"":""p1"",""type"":""selectionAlert"",""time"":1636399081220}",true,,,,,,,,,B,4248,B,911,,,,
e2oSzHgwzcDgSSmeQ,16,"xGMC7dhZtigpv69DW,EKx3EfizyFrkyio4b",iBNEbA9ZNacrZ97qL,2021-11-08T19:14:41Z,"{""image"":""/experiment/orange-crate.jpeg"",""label"":""A""},{""image"":""/experiment/pink-crate.jpeg"",""label"":""B""}","{""AA"":{""p1"":8,""p2"":8},""AB"":{""p1"":0,""p2"":9},""BA"":{""p1"":9,""p2"":0},""BB"":{""p1"":7,""p2"":7}}",16,"{""text"":null,""playerId"":""rMFK4T5wzumu8iwh7"",""role"":""p2"",""type"":""selectionAlert"",""time"":1636399087758},{""text"":null,""playerId"":""m5hyD6u7arfKCWZ2h"",""role"":""p1"",""type"":""selectionAlert"",""time"":1636399091074}",true,,,,,,,,,B,4093,B,773,,,,
KEKWLqa4CmHYfsmha,17,"zREZkoMCRvxvAuByD,NJRjmvGJrsT3ST4Ab",iBNEbA9ZNacrZ97qL,2021-11-08T19:14:41Z,"{""image"":""/experiment/yellow-crate.jpeg"",""label"":""A""},{""image"":""/experiment/pink-crate.jpeg"",""label"":""B""}","{""AA"":{""p1"":6,""p2"":6},""AB"":{""p1"":0,""p2"":7},""BA"":{""p1"":7,""p2"":0},""BB"":{""p1"":2,""p2"":2}}",17,"{""text"":null,""playerId"":""rMFK4T5wzumu8iwh7"",""role"":""p2"",""type"":""selectionAlert"",""time"":1636399098975},{""text"":null,""playerId"":""m5hyD6u7arfKCWZ2h"",""role"":""p1"",""type"":""selectionAlert"",""time"":1636399100548}",true,,,,,,,,,B,3514,B,1937,,,,
6px68To7sStbYMuHc,18,"MGLbMTKAhbzmCjBoe,m9cKRpvPfwckGnoFW",iBNEbA9ZNacrZ97qL,2021-11-08T19:14:41Z,"{""image"":""/experiment/crate.jpeg"",""label"":""A""},{""image"":""/experiment/orange-crate.jpeg"",""label"":""B""}","{""AA"":{""p1"":5,""p2"":5},""AB"":{""p1"":0,""p2"":9},""BA"":{""p1"":9,""p2"":0},""BB"":{""p1"":4,""p2"":4}}",18,"{""text"":null,""playerId"":""m5hyD6u7arfKCWZ2h"",""role"":""p1"",""type"":""selectionAlert"",""time"":1636399109148},{""text"":null,""playerId"":""rMFK4T5wzumu8iwh7"",""role"":""p2"",""type"":""selectionAlert"",""time"":1636399107752}",true,,,,,,,,,B,3166,B,1769,,,,
JNPfSqdMD2qZ7tG4m,19,"Ck62Fec4witbp4W3F,PWdmoPHj6CWeeWJZ9",iBNEbA9ZNacrZ97qL,2021-11-08T19:14:41Z,"{""image"":""/experiment/pink-crate.jpeg"",""label"":""A""},{""image"":""/experiment/orange-crate.jpeg"",""label"":""B""}","{""AA"":{""p1"":4,""p2"":4},""AB"":{""p1"":0,""p2"":6},""BA"":{""p1"":6,""p2"":0},""BB"":{""p1"":3,""p2"":3}}",19,"{""text"":null,""playerId"":""m5hyD6u7arfKCWZ2h"",""role"":""p1"",""type"":""selectionAlert"",""time"":1636399118550},{""text"":null,""playerId"":""rMFK4T5wzumu8iwh7"",""role"":""p2"",""type"":""selectionAlert"",""time"":1636399117908}",true,,,,,,,,,B,3561,A,2917,,,,
6hLwTxx8FNAMD8HEy,0,"rdPqwwgrsHJtjR4Fv,Xuib4fR6borHCb3q7",hX4iCqsQSa2GCa4DS,2021-11-08T19:15:08Z,"{""image"":""/experiment/purple-crate.jpeg"",""label"":""A""},{""image"":""/experiment/aqua-crate.jpeg"",""label"":""B""}","{""AA"":{""p1"":6,""p2"":6},""AB"":{""p1"":0,""p2"":7},""BA"":{""p1"":7,""p2"":0},""BB"":{""p1"":5,""p2"":5}}",0,"{""text"":null,""playerId"":""Ew2Y7JzcqPu7Zb9P9"",""role"":""p1"",""type"":""selectionAlert"",""time"":1636398914934},{""text"":null,""playerId"":""YFN2b7aXAu9NEFvLC"",""role"":""p2"",""type"":""selectionAlert"",""time"":1636398923660}",true,,,,,,,,,,,,,A,5742,B,14467
hvDHS6A36kAntt4Ea,1,"YC7tyGbK4R5fSsoXb,MHc89JHGGh3ntWnBw",hX4iCqsQSa2GCa4DS,2021-11-08T19:15:08Z,"{""image"":""/experiment/green-crate.jpeg"",""label"":""A""},{""image"":""/experiment/pink-crate.jpeg"",""label"":""B""}","{""AA"":{""p1"":7,""p2"":7},""AB"":{""p1"":0,""p2"":9},""BA"":{""p1"":9,""p2"":0},""BB"":{""p1"":6,""p2"":6}}",1,"{""text"":null,""playerId"":""Ew2Y7JzcqPu7Zb9P9"",""role"":""p1"",""type"":""selectionAlert"",""time"":1636398930597},{""text"":null,""playerId"":""YFN2b7aXAu9NEFvLC"",""role"":""p2"",""type"":""selectionAlert"",""time"":1636398940129}",true,,,,,,,,,,,,,A,658,A,10191
eZpmDDwgAYixiFSzG,2,"FiB2ZQTrcJqW969o6,Q44pgyQL54CLe2QWQ",hX4iCqsQSa2GCa4DS,2021-11-08T19:15:08Z,"{""image"":""/experiment/purple-crate.jpeg"",""label"":""A""},{""image"":""/experiment/crate.jpeg"",""label"":""B""}","{""AA"":{""p1"":8,""p2"":8},""AB"":{""p1"":0,""p2"":9},""BA"":{""p1"":9,""p2"":0},""BB"":{""p1"":4,""p2"":4}}",2,"{""text"":null,""playerId"":""Ew2Y7JzcqPu7Zb9P9"",""role"":""p1"",""type"":""selectionAlert"",""time"":1636398947680},{""text"":null,""playerId"":""YFN2b7aXAu9NEFvLC"",""role"":""p2"",""type"":""selectionAlert"",""time"":1636398954407}",true,,,,,,,,,,,,,A,1743,A,8469
htuztMCzuyg53Hp5c,3,"RkEF5PuPTo9ikGZaF,wKg3BisP8D9kQqQKL",hX4iCqsQSa2GCa4DS,2021-11-08T19:15:08Z,"{""image"":""/experiment/orange-crate.jpeg"",""label"":""A""},{""image"":""/experiment/crate.jpeg"",""label"":""B""}","{""AA"":{""p1"":3,""p2"":3},""AB"":{""p1"":0,""p2"":7},""BA"":{""p1"":7,""p2"":0},""BB"":{""p1"":2,""p2"":2}}",3,"{""text"":null,""playerId"":""Ew2Y7JzcqPu7Zb9P9"",""role"":""p1"",""type"":""selectionAlert"",""time"":1636398961936},{""text"":null,""playerId"":""YFN2b7aXAu9NEFvLC"",""role"":""p2"",""type"":""selectionAlert"",""time"":1636398970419}",true,,,,,,,,,,,,,A,990,B,9471
tC3Ste6YeskoYrvtq,4,"XpnZa7D6hDJzesz4T,ro8R4CxMbKmdY34RB",hX4iCqsQSa2GCa4DS,2021-11-08T19:15:08Z,"{""image"":""/experiment/green-crate.jpeg"",""label"":""A""},{""image"":""/experiment/crate.jpeg"",""label"":""B""}","{""AA"":{""p1"":8,""p2"":8},""AB"":{""p1"":0,""p2"":9},""BA"":{""p1"":9,""p2"":0},""BB"":{""p1"":7,""p2"":7}}",4,"{""text"":null,""playerId"":""Ew2Y7JzcqPu7Zb9P9"",""role"":""p1"",""type"":""selectionAlert"",""time"":1636398977238},{""text"":null,""playerId"":""YFN2b7aXAu9NEFvLC"",""role"":""p2"",""type"":""selectionAlert"",""time"":1636398981061}",true,,,,,,,,,,,,,A,287,A,4113
QAHDw6F9whRCpCdo2,5,"JvMFhDceYiREYqBr5,cngsRq5NMozsiWLFt",hX4iCqsQSa2GCa4DS,2021-11-08T19:15:08Z,"{""image"":""/experiment/pink-crate.jpeg"",""label"":""A""},{""image"":""/experiment/yellow-crate.jpeg"",""label"":""B""}","{""AA"":{""p1"":7,""p2"":7},""AB"":{""p1"":0,""p2"":8},""BA"":{""p1"":8,""p2"":0},""BB"":{""p1"":4,""p2"":4}}",5,"{""text"":null,""playerId"":""Ew2Y7JzcqPu7Zb9P9"",""role"":""p1"",""type"":""selectionAlert"",""time"":1636398990907},{""text"":""pink"",""playerId"":""Ew2Y7JzcqPu7Zb9P9"",""role"":""p1"",""type"":""message"",""time"":1636398999688},{""text"":""im gonna pick pink box"",""playerId"":""YFN2b7aXAu9NEFvLC"",""role"":""p2"",""type"":""message"",""time"":1636399002835},{""text"":""oki"",""playerId"":""Ew2Y7JzcqPu7Zb9P9"",""role"":""p1"",""type"":""message"",""time"":1636399004789},{""text"":null,""playerId"":""YFN2b7aXAu9NEFvLC"",""role"":""p2"",""type"":""selectionAlert"",""time"":1636399010649}",true,,,,,,,,,,,,,A,3958,A,23698
WAboBzsPPedfq6qz5,6,"bAj6zL888PpSbHC9J,G6rm7RPYJ7k4EokJ4",hX4iCqsQSa2GCa4DS,2021-11-08T19:15:08Z,"{""image"":""/experiment/orange-crate.jpeg"",""label"":""A""},{""image"":""/experiment/aqua-crate.jpeg"",""label"":""B""}","{""AA"":{""p1"":8,""p2"":8},""AB"":{""p1"":0,""p2"":9},""BA"":{""p1"":9,""p2"":0},""BB"":{""p1"":6,""p2"":6}}",6,"{""text"":null,""playerId"":""Ew2Y7JzcqPu7Zb9P9"",""role"":""p1"",""type"":""selectionAlert"",""time"":1636399019173},{""text"":""orange"",""playerId"":""Ew2Y7JzcqPu7Zb9P9"",""role"":""p1"",""type"":""message"",""time"":1636399022121},{""text"":""ok"",""playerId"":""YFN2b7aXAu9NEFvLC"",""role"":""p2"",""type"":""message"",""time"":1636399029435},{""text"":null,""playerId"":""YFN2b7aXAu9NEFvLC"",""role"":""p2"",""type"":""selectionAlert"",""time"":1636399030942}",true,,,,,,,,,,,,,A,2188,A,13957
4SvJwFFs5R2AQBkKM,7,"9w2SnHxw6gxmQDFwr,58P7arfSp3jfv4sxW",hX4iCqsQSa2GCa4DS,2021-11-08T19:15:08Z,"{""image"":""/experiment/green-crate.jpeg"",""label"":""A""},{""image"":""/experiment/yellow-crate.jpeg"",""label"":""B""}","{""AA"":{""p1"":4,""p2"":4},""AB"":{""p1"":0,""p2"":7},""BA"":{""p1"":7,""p2"":0},""BB"":{""p1"":3,""p2"":3}}",7,"{""text"":""green"",""playerId"":""Ew2Y7JzcqPu7Zb9P9"",""role"":""p1"",""type"":""message"",""time"":1636399039963},{""text"":null,""playerId"":""Ew2Y7JzcqPu7Zb9P9"",""role"":""p1"",""type"":""selectionAlert"",""time"":1636399041725},{""text"":null,""playerId"":""YFN2b7aXAu9NEFvLC"",""role"":""p2"",""type"":""selectionAlert"",""time"":1636399049200}",true,,,,,,,,,,,,,A,4759,A,12233
KsM8Jk4LdXfAKnixQ,8,"2GxteTMouZxHGXok4,8JYqMRsWhXBnGykFw",hX4iCqsQSa2GCa4DS,2021-11-08T19:15:08Z,"{""image"":""/experiment/purple-crate.jpeg"",""label"":""A""},{""image"":""/experiment/green-crate.jpeg"",""label"":""B""}","{""AA"":{""p1"":8,""p2"":8},""AB"":{""p1"":0,""p2"":9},""BA"":{""p1"":9,""p2"":0},""BB"":{""p1"":6,""p2"":6}}",8,"{""text"":""pink"",""playerId"":""Ew2Y7JzcqPu7Zb9P9"",""role"":""p1"",""type"":""message"",""time"":1636399061206},{""text"":null,""playerId"":""Ew2Y7JzcqPu7Zb9P9"",""role"":""p1"",""type"":""selectionAlert"",""time"":1636399063072},{""text"":null,""playerId"":""YFN2b7aXAu9NEFvLC"",""role"":""p2"",""type"":""selectionAlert"",""time"":1636399066254}",true,,,,,,,,,,,,,A,8106,A,11286
vWFsF6GhFjeazQYNo,9,"yT9SrWGSfGh2imEQW,Xqyv96utpkNTxPTQZ",hX4iCqsQSa2GCa4DS,2021-11-08T19:15:08Z,"{""image"":""/experiment/aqua-crate.jpeg"",""label"":""A""},{""image"":""/experiment/pink-crate.jpeg"",""label"":""B""}","{""AA"":{""p1"":7,""p2"":7},""AB"":{""p1"":0,""p2"":8},""BA"":{""p1"":8,""p2"":0},""BB"":{""p1"":3,""p2"":3}}",9,"{""text"":null,""playerId"":""Ew2Y7JzcqPu7Zb9P9"",""role"":""p1"",""type"":""selectionAlert"",""time"":1636399073041},{""text"":""green"",""playerId"":""Ew2Y7JzcqPu7Zb9P9"",""role"":""p1"",""type"":""message"",""time"":1636399079066},{""text"":null,""playerId"":""YFN2b7aXAu9NEFvLC"",""role"":""p2"",""type"":""selectionAlert"",""time"":1636399083082}",true,,,,,,,,,,,,,A,1066,A,11104
kkbDtsHzhDemkawzE,10,"tbB3xk6GN8Qs5ToJq,MrkHqqk4cQqKLX7Bj",hX4iCqsQSa2GCa4DS,2021-11-08T19:15:08Z,"{""image"":""/experiment/yellow-crate.jpeg"",""label"":""A""},{""image"":""/experiment/crate.jpeg"",""label"":""B""}","{""AA"":{""p1"":2,""p2"":2},""AB"":{""p1"":0,""p2"":6},""BA"":{""p1"":6,""p2"":0},""BB"":{""p1"":1,""p2"":1}}",10,"{""text"":""yellow"",""playerId"":""Ew2Y7JzcqPu7Zb9P9"",""role"":""p1"",""type"":""message"",""time"":1636399092161},{""text"":null,""playerId"":""Ew2Y7JzcqPu7Zb9P9"",""role"":""p1"",""type"":""selectionAlert"",""time"":1636399093721},{""text"":null,""playerId"":""YFN2b7aXAu9NEFvLC"",""role"":""p2"",""type"":""selectionAlert"",""time"":1636399099055}",true,,,,,,,,,,,,,A,4731,A,10063
KrW3n79NwteYheakJ,11,"hKftRdjktm8CpnC4b,TatGKB7YNP5T2A3By",hX4iCqsQSa2GCa4DS,2021-11-08T19:15:08Z,"{""image"":""/experiment/crate.jpeg"",""label"":""A""},{""image"":""/experiment/orange-crate.jpeg"",""label"":""B""}","{""AA"":{""p1"":2,""p2"":2},""AB"":{""p1"":0,""p2"":8},""BA"":{""p1"":8,""p2"":0},""BB"":{""p1"":1,""p2"":1}}",11,"{""text"":null,""playerId"":""Ew2Y7JzcqPu7Zb9P9"",""role"":""p1"",""type"":""selectionAlert"",""time"":1636399111887},{""text"":""brown"",""playerId"":""Ew2Y7JzcqPu7Zb9P9"",""role"":""p1"",""type"":""message"",""time"":1636399115977},{""text"":null,""playerId"":""YFN2b7aXAu9NEFvLC"",""role"":""p2"",""type"":""selectionAlert"",""time"":1636399120529}",true,,,,,,,,,,,,,A,6897,A,15537
BeJeSXuRW8FAogLSd,12,"A8nigHzojSywpeNBP,6XZXSJq3p8hbm8rXH",hX4iCqsQSa2GCa4DS,2021-11-08T19:15:08Z,"{""image"":""/experiment/aqua-crate.jpeg"",""label"":""A""},{""image"":""/experiment/pink-crate.jpeg"",""label"":""B""}","{""AA"":{""p1"":7,""p2"":7},""AB"":{""p1"":0,""p2"":9},""BA"":{""p1"":9,""p2"":0},""BB"":{""p1"":6,""p2"":6}}",12,"{""text"":""green"",""playerId"":""Ew2Y7JzcqPu7Zb9P9"",""role"":""p1"",""type"":""message"",""time"":1636399131856},{""text"":null,""playerId"":""Ew2Y7JzcqPu7Zb9P9"",""role"":""p1"",""type"":""selectionAlert"",""time"":1636399132987},{""text"":null,""playerId"":""YFN2b7aXAu9NEFvLC"",""role"":""p2"",""type"":""selectionAlert"",""time"":1636399137435}",true,,,,,,,,,,,,,A,5989,A,10443
FD4vJXRdoy3T53gEf,13,"gopFuTFDSXz6qduSs,gydqZoSDt78XShP3q",hX4iCqsQSa2GCa4DS,2021-11-08T19:15:08Z,"{""image"":""/experiment/yellow-crate.jpeg"",""label"":""A""},{""image"":""/experiment/green-crate.jpeg"",""label"":""B""}","{""AA"":{""p1"":4,""p2"":4},""AB"":{""p1"":0,""p2"":5},""BA"":{""p1"":5,""p2"":0},""BB"":{""p1"":2,""p2"":2}}",13,"{""text"":""yellow"",""playerId"":""Ew2Y7JzcqPu7Zb9P9"",""role"":""p1"",""type"":""message"",""time"":1636399146992},{""text"":null,""playerId"":""Ew2Y7JzcqPu7Zb9P9"",""role"":""p1"",""type"":""selectionAlert"",""time"":1636399148362},{""text"":null,""playerId"":""YFN2b7aXAu9NEFvLC"",""role"":""p2"",""type"":""selectionAlert"",""time"":1636399152038}",true,,,,,,,,,,,,,A,4360,A,8036
RrrkPvvdkFjy7tErT,14,"squnscjmx7gZNjP83,ehRSrLXe7ofgAxcQy",hX4iCqsQSa2GCa4DS,2021-11-08T19:15:08Z,"{""image"":""/experiment/green-crate.jpeg"",""label"":""A""},{""image"":""/experiment/orange-crate.jpeg"",""label"":""B""}","{""AA"":{""p1"":4,""p2"":4},""AB"":{""p1"":0,""p2"":5},""BA"":{""p1"":5,""p2"":0},""BB"":{""p1"":1,""p2"":1}}",14,"{""text"":""green"",""playerId"":""Ew2Y7JzcqPu7Zb9P9"",""role"":""p1"",""type"":""message"",""time"":1636399162384},{""text"":null,""playerId"":""Ew2Y7JzcqPu7Zb9P9"",""role"":""p1"",""type"":""selectionAlert"",""time"":1636399163689},{""text"":null,""playerId"":""YFN2b7aXAu9NEFvLC"",""role"":""p2"",""type"":""selectionAlert"",""time"":1636399166869}",true,,,,,,,,,,,,,A,5635,A,8814
SyD3qvGr2TGmd6dj3,15,"puAXw9fNN66Ytdtxd,kSNg4JtrNyi8KWjAE",hX4iCqsQSa2GCa4DS,2021-11-08T19:15:08Z,"{""image"":""/experiment/crate.jpeg"",""label"":""A""},{""image"":""/experiment/green-crate.jpeg"",""label"":""B""}","{""AA"":{""p1"":2,""p2"":2},""AB"":{""p1"":0,""p2"":8},""BA"":{""p1"":8,""p2"":0},""BB"":{""p1"":1,""p2"":1}}",15,"{""text"":null,""playerId"":""Ew2Y7JzcqPu7Zb9P9"",""role"":""p1"",""type"":""selectionAlert"",""time"":1636399175010},{""text"":""brwon"",""playerId"":""Ew2Y7JzcqPu7Zb9P9"",""role"":""p1"",""type"":""message"",""time"":1636399181445},{""text"":null,""playerId"":""YFN2b7aXAu9NEFvLC"",""role"":""p2"",""type"":""selectionAlert"",""time"":1636399185231}",true,,,,,,,,,,,,,A,1994,A,12220
zRQsnryfCLx74EZSG,16,"pMNWjJ4E9ekQZNAq6,ZMiJgRu3KZQ2MwaJr",hX4iCqsQSa2GCa4DS,2021-11-08T19:15:08Z,"{""image"":""/experiment/green-crate.jpeg"",""label"":""A""},{""image"":""/experiment/crate.jpeg"",""label"":""B""}","{""AA"":{""p1"":5,""p2"":5},""AB"":{""p1"":0,""p2"":7},""BA"":{""p1"":7,""p2"":0},""BB"":{""p1"":1,""p2"":1}}",16,"{""text"":""green"",""playerId"":""Ew2Y7JzcqPu7Zb9P9"",""role"":""p1"",""type"":""message"",""time"":1636399195329},{""text"":null,""playerId"":""Ew2Y7JzcqPu7Zb9P9"",""role"":""p1"",""type"":""selectionAlert"",""time"":1636399196638},{""text"":null,""playerId"":""YFN2b7aXAu9NEFvLC"",""role"":""p2"",""type"":""selectionAlert"",""time"":1636399198885}",true,,,,,,,,,,,,,A,5615,A,7860
2486gWTTZhJ8hqnMg,17,"ayTdWpRGHLzyvPAam,GSZXs3RpeKW7eWvcv",hX4iCqsQSa2GCa4DS,2021-11-08T19:15:08Z,"{""image"":""/experiment/green-crate.jpeg"",""label"":""A""},{""image"":""/experiment/yellow-crate.jpeg"",""label"":""B""}","{""AA"":{""p1"":6,""p2"":6},""AB"":{""p1"":0,""p2"":8},""BA"":{""p1"":8,""p2"":0},""BB"":{""p1"":3,""p2"":3}}",17,"{""text"":""green again"",""playerId"":""Ew2Y7JzcqPu7Zb9P9"",""role"":""p1"",""type"":""message"",""time"":1636399210236},{""text"":null,""playerId"":""Ew2Y7JzcqPu7Zb9P9"",""role"":""p1"",""type"":""selectionAlert"",""time"":1636399211376},{""text"":null,""playerId"":""YFN2b7aXAu9NEFvLC"",""role"":""p2"",""type"":""selectionAlert"",""time"":1636399213554}",true,,,,,,,,,,,,,A,6338,A,8513
zjzpA9b4pRQ84CQmd,18,"gQqAQZKEBY5LpPaux,2mAuHsmLsr5DxaJbH",hX4iCqsQSa2GCa4DS,2021-11-08T19:15:08Z,"{""image"":""/experiment/orange-crate.jpeg"",""label"":""A""},{""image"":""/experiment/aqua-crate.jpeg"",""label"":""B""}","{""AA"":{""p1"":3,""p2"":3},""AB"":{""p1"":0,""p2"":8},""BA"":{""p1"":8,""p2"":0},""BB"":{""p1"":1,""p2"":1}}",18,"{""text"":""last round"",""playerId"":""YFN2b7aXAu9NEFvLC"",""role"":""p2"",""type"":""message"",""time"":1636399222928},{""text"":""red"",""playerId"":""Ew2Y7JzcqPu7Zb9P9"",""role"":""p1"",""type"":""message"",""time"":1636399225664},{""text"":null,""playerId"":""YFN2b7aXAu9NEFvLC"",""role"":""p2"",""type"":""selectionAlert"",""time"":1636399228808},{""text"":null,""playerId"":""Ew2Y7JzcqPu7Zb9P9"",""role"":""p1"",""type"":""selectionAlert"",""time"":1636399228799}",true,,,,,,,,,,,,,A,8713,A,8699
DSyNooGZii4ncBBFe,19,"3BKFhKebaCADDbvKH,YzBwQsF8Q4X4xFgrJ",hX4iCqsQSa2GCa4DS,2021-11-08T19:15:08Z,"{""image"":""/experiment/green-crate.jpeg"",""label"":""A""},{""image"":""/experiment/orange-crate.jpeg"",""label"":""B""}","{""AA"":{""p1"":5,""p2"":5},""AB"":{""p1"":0,""p2"":7},""BA"":{""p1"":7,""p2"":0},""BB"":{""p1"":4,""p2"":4}}",19,"{""text"":""green"",""playerId"":""Ew2Y7JzcqPu7Zb9P9"",""role"":""p1"",""type"":""message"",""time"":1636399239857},{""text"":null,""playerId"":""Ew2Y7JzcqPu7Zb9P9"",""role"":""p1"",""type"":""selectionAlert"",""time"":1636399240890},{""text"":null,""playerId"":""YFN2b7aXAu9NEFvLC"",""role"":""p2"",""type"":""selectionAlert"",""time"":1636399243079}",true,,,,,,,,,,,,,A,4862,A,7052
