_id,batchId,playerId,roundId,gameId,createdAt
KbwifZ8HrmNMqT9F5,rHpAtDqpfrhuWDvSo,BSeugNZYoKLcMPEym,ZtJ44Tkw4EEELTn34,oKZdwR7zw8Yvj25wT,2021-11-12T22:23:57Z
amdhAu38KMhuS8XKX,rHpAtDqpfrhuWDvSo,Dd3H5DvYdDQJGCaXP,ZtJ44Tkw4EEELTn34,oKZdwR7zw8Yvj25wT,2021-11-12T22:23:57Z
HGzBeLKmDppyuFj3x,rHpAtDqpfrhuWDvSo,BSeugNZYoKLcMPEym,cTAYqzzsPDzNBHqrh,oKZdwR7zw8Yvj25wT,2021-11-12T22:23:57Z
B4grDzJorwijCptBK,rHpAtDqpfrhuWDvSo,Dd3H5DvYdDQJGCaXP,cTAYqzzsPDzNBHqrh,oKZdwR7zw8Yvj25wT,2021-11-12T22:23:57Z
ZRBfh9KrW53qodELk,rHpAtDqpfrhuWDvSo,BSeugNZYoKLcMPEym,XdY8sJg5XaGhDMYHs,oKZdwR7zw8Yvj25wT,2021-11-12T22:23:57Z
BFE7yNzpdv6dFM4gP,rHpAtDqpfrhuWDvSo,Dd3H5DvYdDQJGCaXP,XdY8sJg5XaGhDMYHs,oKZdwR7zw8Yvj25wT,2021-11-12T22:23:57Z
6jLnX5Sh2mDmNzyBz,rHpAtDqpfrhuWDvSo,BSeugNZYoKLcMPEym,4cFyM5eNsSsstL8jQ,oKZdwR7zw8Yvj25wT,2021-11-12T22:23:57Z
YXmpPBYPrgoQRDbbZ,rHpAtDqpfrhuWDvSo,Dd3H5DvYdDQJGCaXP,4cFyM5eNsSsstL8jQ,oKZdwR7zw8Yvj25wT,2021-11-12T22:23:57Z
LL6MDLaknue2H6hS6,rHpAtDqpfrhuWDvSo,BSeugNZYoKLcMPEym,FTxtzJ7rfwyTsT7hA,oKZdwR7zw8Yvj25wT,2021-11-12T22:23:57Z
Zsnery2E3Ly3DNdsX,rHpAtDqpfrhuWDvSo,Dd3H5DvYdDQJGCaXP,FTxtzJ7rfwyTsT7hA,oKZdwR7zw8Yvj25wT,2021-11-12T22:23:57Z
GiwG8mjxr9x6jXzWf,rHpAtDqpfrhuWDvSo,BSeugNZYoKLcMPEym,RSo2CFjBjBSRBoxkC,oKZdwR7zw8Yvj25wT,2021-11-12T22:23:57Z
QQu6s9WWLA4Bp49Re,rHpAtDqpfrhuWDvSo,Dd3H5DvYdDQJGCaXP,RSo2CFjBjBSRBoxkC,oKZdwR7zw8Yvj25wT,2021-11-12T22:23:57Z
FhkdSRv9Zy6Jk7WSZ,rHpAtDqpfrhuWDvSo,BSeugNZYoKLcMPEym,bQPm8SNimhrCweKHj,oKZdwR7zw8Yvj25wT,2021-11-12T22:23:57Z
9L39S65tQbxbsmvdp,rHpAtDqpfrhuWDvSo,Dd3H5DvYdDQJGCaXP,bQPm8SNimhrCweKHj,oKZdwR7zw8Yvj25wT,2021-11-12T22:23:57Z
groP39WiMga4eYmWH,rHpAtDqpfrhuWDvSo,BSeugNZYoKLcMPEym,Xw3NW7biCpRkZAphi,oKZdwR7zw8Yvj25wT,2021-11-12T22:23:57Z
Lap2HFHzRtnkrW9JM,rHpAtDqpfrhuWDvSo,Dd3H5DvYdDQJGCaXP,Xw3NW7biCpRkZAphi,oKZdwR7zw8Yvj25wT,2021-11-12T22:23:57Z
6fGfMTkbdwgcQcPfW,rHpAtDqpfrhuWDvSo,BSeugNZYoKLcMPEym,nor4d5qbArWgbm69B,oKZdwR7zw8Yvj25wT,2021-11-12T22:23:57Z
dNY97eLjmqsnP54LS,rHpAtDqpfrhuWDvSo,Dd3H5DvYdDQJGCaXP,nor4d5qbArWgbm69B,oKZdwR7zw8Yvj25wT,2021-11-12T22:23:57Z
Bioyb8jMHau3EJ9jN,rHpAtDqpfrhuWDvSo,BSeugNZYoKLcMPEym,ePFwR9bZ2Mbr3hbTJ,oKZdwR7zw8Yvj25wT,2021-11-12T22:23:57Z
oSgEnz5MJ2i9k4Nxo,rHpAtDqpfrhuWDvSo,Dd3H5DvYdDQJGCaXP,ePFwR9bZ2Mbr3hbTJ,oKZdwR7zw8Yvj25wT,2021-11-12T22:23:57Z
epYeahjCyQFaEEBoq,rHpAtDqpfrhuWDvSo,BSeugNZYoKLcMPEym,5zXSBEk6joF2qYwiZ,oKZdwR7zw8Yvj25wT,2021-11-12T22:23:57Z
eEHcQQvKLahwiGBgL,rHpAtDqpfrhuWDvSo,Dd3H5DvYdDQJGCaXP,5zXSBEk6joF2qYwiZ,oKZdwR7zw8Yvj25wT,2021-11-12T22:23:57Z
kRdkdEGkeaLFeXsfS,rHpAtDqpfrhuWDvSo,BSeugNZYoKLcMPEym,iDMoTgCqfKbkSqLTb,oKZdwR7zw8Yvj25wT,2021-11-12T22:23:57Z
fjbMs3XLm7N7LB588,rHpAtDqpfrhuWDvSo,Dd3H5DvYdDQJGCaXP,iDMoTgCqfKbkSqLTb,oKZdwR7zw8Yvj25wT,2021-11-12T22:23:57Z
uZoBSNcoQwjs2F4ML,rHpAtDqpfrhuWDvSo,BSeugNZYoKLcMPEym,smK7e9NxjBfbCdE2s,oKZdwR7zw8Yvj25wT,2021-11-12T22:23:57Z
W5Yv7nkHezWusbugQ,rHpAtDqpfrhuWDvSo,Dd3H5DvYdDQJGCaXP,smK7e9NxjBfbCdE2s,oKZdwR7zw8Yvj25wT,2021-11-12T22:23:57Z
bTmL7rpCZzxLS9NcN,rHpAtDqpfrhuWDvSo,BSeugNZYoKLcMPEym,EjarsCoE6FPmmSbRJ,oKZdwR7zw8Yvj25wT,2021-11-12T22:23:57Z
woc89t8mKb7wHpZn7,rHpAtDqpfrhuWDvSo,Dd3H5DvYdDQJGCaXP,EjarsCoE6FPmmSbRJ,oKZdwR7zw8Yvj25wT,2021-11-12T22:23:57Z
S8nWf7ooCf9EYw6Dm,rHpAtDqpfrhuWDvSo,BSeugNZYoKLcMPEym,tNBaHeCxwEscsGAtw,oKZdwR7zw8Yvj25wT,2021-11-12T22:23:57Z
Y68EKkfBFxkNirfev,rHpAtDqpfrhuWDvSo,Dd3H5DvYdDQJGCaXP,tNBaHeCxwEscsGAtw,oKZdwR7zw8Yvj25wT,2021-11-12T22:23:57Z
jX7FMskL37CrhvRBN,rHpAtDqpfrhuWDvSo,BSeugNZYoKLcMPEym,KB2u9hcuskDMQK3jk,oKZdwR7zw8Yvj25wT,2021-11-12T22:23:57Z
KZHNbFfpwW4uXrfRm,rHpAtDqpfrhuWDvSo,Dd3H5DvYdDQJGCaXP,KB2u9hcuskDMQK3jk,oKZdwR7zw8Yvj25wT,2021-11-12T22:23:57Z
FB5bGZAFXbGkJGAQq,rHpAtDqpfrhuWDvSo,BSeugNZYoKLcMPEym,if4axdNpw4NBGEagH,oKZdwR7zw8Yvj25wT,2021-11-12T22:23:57Z
WxqdKkG7PAwJK5WZN,rHpAtDqpfrhuWDvSo,Dd3H5DvYdDQJGCaXP,if4axdNpw4NBGEagH,oKZdwR7zw8Yvj25wT,2021-11-12T22:23:57Z
86kfwCyZuWKpgufPQ,rHpAtDqpfrhuWDvSo,BSeugNZYoKLcMPEym,EohMnCcnaJksTMoGi,oKZdwR7zw8Yvj25wT,2021-11-12T22:23:57Z
pRkqGEGQDjzr7Cad9,rHpAtDqpfrhuWDvSo,Dd3H5DvYdDQJGCaXP,EohMnCcnaJksTMoGi,oKZdwR7zw8Yvj25wT,2021-11-12T22:23:57Z
zY4Jw6AXHL7MbFcbR,rHpAtDqpfrhuWDvSo,BSeugNZYoKLcMPEym,LPWXtYnAtydfz8TgT,oKZdwR7zw8Yvj25wT,2021-11-12T22:23:57Z
h49sacK8Ysy54C87y,rHpAtDqpfrhuWDvSo,Dd3H5DvYdDQJGCaXP,LPWXtYnAtydfz8TgT,oKZdwR7zw8Yvj25wT,2021-11-12T22:23:57Z
MskjcFQDyJPibukuk,rHpAtDqpfrhuWDvSo,BSeugNZYoKLcMPEym,wfdxBWkiifBFgYKWE,oKZdwR7zw8Yvj25wT,2021-11-12T22:23:57Z
nj7Nmt9FmiKKiCCzm,rHpAtDqpfrhuWDvSo,Dd3H5DvYdDQJGCaXP,wfdxBWkiifBFgYKWE,oKZdwR7zw8Yvj25wT,2021-11-12T22:23:57Z
3N53eAtb7jMsFG44W,rHpAtDqpfrhuWDvSo,BSeugNZYoKLcMPEym,r6AHPXwBuPdGAvtgE,oKZdwR7zw8Yvj25wT,2021-11-12T22:23:57Z
uWR3bkoKoybu9Cy8k,rHpAtDqpfrhuWDvSo,Dd3H5DvYdDQJGCaXP,r6AHPXwBuPdGAvtgE,oKZdwR7zw8Yvj25wT,2021-11-12T22:23:57Z
exmMyPSYvW8rF4pff,rHpAtDqpfrhuWDvSo,BSeugNZYoKLcMPEym,4w4DEj8LowNCSTZYn,oKZdwR7zw8Yvj25wT,2021-11-12T22:23:57Z
DYeRG8GmMzt4TZTtz,rHpAtDqpfrhuWDvSo,Dd3H5DvYdDQJGCaXP,4w4DEj8LowNCSTZYn,oKZdwR7zw8Yvj25wT,2021-11-12T22:23:57Z
9saYsxqPPWAmgj8R8,rHpAtDqpfrhuWDvSo,BSeugNZYoKLcMPEym,CJE7qwKGb6J96Pow3,oKZdwR7zw8Yvj25wT,2021-11-12T22:23:57Z
y7LX5Dsw6jGL5wacT,rHpAtDqpfrhuWDvSo,Dd3H5DvYdDQJGCaXP,CJE7qwKGb6J96Pow3,oKZdwR7zw8Yvj25wT,2021-11-12T22:23:57Z
3zXBQiguhAQz9eRKC,rHpAtDqpfrhuWDvSo,BSeugNZYoKLcMPEym,pGcxXZriJnCy3Rmje,oKZdwR7zw8Yvj25wT,2021-11-12T22:23:57Z
AMfsdXPsi5yqNkJiq,rHpAtDqpfrhuWDvSo,Dd3H5DvYdDQJGCaXP,pGcxXZriJnCy3Rmje,oKZdwR7zw8Yvj25wT,2021-11-12T22:23:57Z
kGmaL7EmGK6Lhpiuk,rHpAtDqpfrhuWDvSo,BSeugNZYoKLcMPEym,Zw4PEYZewu3yyK7eo,oKZdwR7zw8Yvj25wT,2021-11-12T22:23:57Z
WdsWiQuPpTW8aL4hd,rHpAtDqpfrhuWDvSo,Dd3H5DvYdDQJGCaXP,Zw4PEYZewu3yyK7eo,oKZdwR7zw8Yvj25wT,2021-11-12T22:23:57Z
nQCPm3KLeujZrm9ko,rHpAtDqpfrhuWDvSo,BSeugNZYoKLcMPEym,XitQQ2Xd5oqRPA6Wh,oKZdwR7zw8Yvj25wT,2021-11-12T22:23:57Z
TQNQuHS8PJRHk29aJ,rHpAtDqpfrhuWDvSo,Dd3H5DvYdDQJGCaXP,XitQQ2Xd5oqRPA6Wh,oKZdwR7zw8Yvj25wT,2021-11-12T22:23:57Z
MfG7E3Nb7SdToPkrA,rHpAtDqpfrhuWDvSo,BSeugNZYoKLcMPEym,bfLBLW9DpTMMwo7Sp,oKZdwR7zw8Yvj25wT,2021-11-12T22:23:57Z
YZFX3Byx7xkbnZGzR,rHpAtDqpfrhuWDvSo,Dd3H5DvYdDQJGCaXP,bfLBLW9DpTMMwo7Sp,oKZdwR7zw8Yvj25wT,2021-11-12T22:23:57Z
f9JLk5ScxPnvAWsfX,rHpAtDqpfrhuWDvSo,BSeugNZYoKLcMPEym,opGeWsYmpRFFdk3yh,oKZdwR7zw8Yvj25wT,2021-11-12T22:23:57Z
2KKcYQ7HDWjTxMNxB,rHpAtDqpfrhuWDvSo,Dd3H5DvYdDQJGCaXP,opGeWsYmpRFFdk3yh,oKZdwR7zw8Yvj25wT,2021-11-12T22:23:57Z
YwYwh2A2QT2HM4EQD,rHpAtDqpfrhuWDvSo,BSeugNZYoKLcMPEym,rcXKYtjoJNtq4cRYQ,oKZdwR7zw8Yvj25wT,2021-11-12T22:23:57Z
TDZZmS5brErCKf353,rHpAtDqpfrhuWDvSo,Dd3H5DvYdDQJGCaXP,rcXKYtjoJNtq4cRYQ,oKZdwR7zw8Yvj25wT,2021-11-12T22:23:57Z
9gwSGo3wEevAk3Fkv,rHpAtDqpfrhuWDvSo,BSeugNZYoKLcMPEym,t5sL9yhyz34H5B6zX,oKZdwR7zw8Yvj25wT,2021-11-12T22:23:57Z
PDzysJg4TbKDkBM7v,rHpAtDqpfrhuWDvSo,Dd3H5DvYdDQJGCaXP,t5sL9yhyz34H5B6zX,oKZdwR7zw8Yvj25wT,2021-11-12T22:23:57Z
xYHnyCp4CnQa6K6Ga,rHpAtDqpfrhuWDvSo,BSeugNZYoKLcMPEym,z8ZpHysZMBtCE3aLQ,oKZdwR7zw8Yvj25wT,2021-11-12T22:23:57Z
dLYD2X3ErqijQgR6q,rHpAtDqpfrhuWDvSo,Dd3H5DvYdDQJGCaXP,z8ZpHysZMBtCE3aLQ,oKZdwR7zw8Yvj25wT,2021-11-12T22:23:57Z
cajAMJt6qXtjpfZNC,rHpAtDqpfrhuWDvSo,BSeugNZYoKLcMPEym,9tykeCqGJXTyTotq4,oKZdwR7zw8Yvj25wT,2021-11-12T22:23:57Z
uYEfigLk2iqF2tJow,rHpAtDqpfrhuWDvSo,Dd3H5DvYdDQJGCaXP,9tykeCqGJXTyTotq4,oKZdwR7zw8Yvj25wT,2021-11-12T22:23:57Z
w7thmbp3Qdf3F33mw,rHpAtDqpfrhuWDvSo,BSeugNZYoKLcMPEym,MLSwEhHbZHTsc7AJH,oKZdwR7zw8Yvj25wT,2021-11-12T22:23:57Z
Jy4BKMG73cKAi8KBG,rHpAtDqpfrhuWDvSo,Dd3H5DvYdDQJGCaXP,MLSwEhHbZHTsc7AJH,oKZdwR7zw8Yvj25wT,2021-11-12T22:23:57Z
MZAZmTRSmzZ3rgNHT,rHpAtDqpfrhuWDvSo,BSeugNZYoKLcMPEym,8pPJ2ijGttYtaLELR,oKZdwR7zw8Yvj25wT,2021-11-12T22:23:57Z
mxs7D7JPWSTgzMA95,rHpAtDqpfrhuWDvSo,Dd3H5DvYdDQJGCaXP,8pPJ2ijGttYtaLELR,oKZdwR7zw8Yvj25wT,2021-11-12T22:23:57Z
dFjASLQAPqJoqKLoB,rHpAtDqpfrhuWDvSo,BSeugNZYoKLcMPEym,7ioPb9JwGjJmXDiPz,oKZdwR7zw8Yvj25wT,2021-11-12T22:23:57Z
wxJoH2RWDL7wC5BZY,rHpAtDqpfrhuWDvSo,Dd3H5DvYdDQJGCaXP,7ioPb9JwGjJmXDiPz,oKZdwR7zw8Yvj25wT,2021-11-12T22:23:57Z
eH2GgSqJhtqmoi7Xp,rHpAtDqpfrhuWDvSo,BSeugNZYoKLcMPEym,mr9r9o6TmjRkDL2um,oKZdwR7zw8Yvj25wT,2021-11-12T22:23:57Z
6DiLGxa9mYPEqDex6,rHpAtDqpfrhuWDvSo,Dd3H5DvYdDQJGCaXP,mr9r9o6TmjRkDL2um,oKZdwR7zw8Yvj25wT,2021-11-12T22:23:57Z
FqGGCWEJaKx5zc995,rHpAtDqpfrhuWDvSo,BSeugNZYoKLcMPEym,ui2g9i6FLtbDf2Gb5,oKZdwR7zw8Yvj25wT,2021-11-12T22:23:57Z
TfQEcfQWJvTNyRZgX,rHpAtDqpfrhuWDvSo,Dd3H5DvYdDQJGCaXP,ui2g9i6FLtbDf2Gb5,oKZdwR7zw8Yvj25wT,2021-11-12T22:23:57Z
z6rmLc5bTjrGvkvbY,rHpAtDqpfrhuWDvSo,BSeugNZYoKLcMPEym,TiJu4zQepFfCZtZdT,oKZdwR7zw8Yvj25wT,2021-11-12T22:23:57Z
icP9njutEoWJBanEi,rHpAtDqpfrhuWDvSo,Dd3H5DvYdDQJGCaXP,TiJu4zQepFfCZtZdT,oKZdwR7zw8Yvj25wT,2021-11-12T22:23:57Z
w4NeJfd5F8WqfQEtG,rHpAtDqpfrhuWDvSo,BSeugNZYoKLcMPEym,GynLxyckQ5uwMHxa2,oKZdwR7zw8Yvj25wT,2021-11-12T22:23:57Z
ZoTTpjjThk8EZjLjH,rHpAtDqpfrhuWDvSo,Dd3H5DvYdDQJGCaXP,GynLxyckQ5uwMHxa2,oKZdwR7zw8Yvj25wT,2021-11-12T22:23:57Z
xDuEnBS4QnwLtzpej,rHpAtDqpfrhuWDvSo,BSeugNZYoKLcMPEym,C5YTn8utcKJfANeiq,oKZdwR7zw8Yvj25wT,2021-11-12T22:23:57Z
eak8SERTbGnWZzYd4,rHpAtDqpfrhuWDvSo,Dd3H5DvYdDQJGCaXP,C5YTn8utcKJfANeiq,oKZdwR7zw8Yvj25wT,2021-11-12T22:23:57Z
3RrNaFKiuwDtrqQAD,BfoutwegktFYtaKF3,b7yQYd9yFDjGvqD5x,TRP8Fc6pW7WPct42e,6w3xMe8Sxid7QQYjy,2021-11-12T22:24:24Z
RcPE8Z67uHEnQPk8y,BfoutwegktFYtaKF3,uBrwQfjsJ32taCjd5,TRP8Fc6pW7WPct42e,6w3xMe8Sxid7QQYjy,2021-11-12T22:24:24Z
85TxB5Lsy4pi8nZsn,BfoutwegktFYtaKF3,b7yQYd9yFDjGvqD5x,qpnJp6nHeaXbg7Xin,6w3xMe8Sxid7QQYjy,2021-11-12T22:24:24Z
ykWwyWsT3BfcAYZh3,BfoutwegktFYtaKF3,uBrwQfjsJ32taCjd5,qpnJp6nHeaXbg7Xin,6w3xMe8Sxid7QQYjy,2021-11-12T22:24:24Z
RrNL4YPdTycMLoyv8,BfoutwegktFYtaKF3,b7yQYd9yFDjGvqD5x,NNG3vMwsZanqyTj3j,6w3xMe8Sxid7QQYjy,2021-11-12T22:24:24Z
SbPqwCAQTSEKLjezj,BfoutwegktFYtaKF3,uBrwQfjsJ32taCjd5,NNG3vMwsZanqyTj3j,6w3xMe8Sxid7QQYjy,2021-11-12T22:24:24Z
SesgdM5GEjc2ptRJY,BfoutwegktFYtaKF3,b7yQYd9yFDjGvqD5x,x5ea8woP35iAXjQt4,6w3xMe8Sxid7QQYjy,2021-11-12T22:24:24Z
tfRvw9aWHF5q2zZ4E,BfoutwegktFYtaKF3,uBrwQfjsJ32taCjd5,x5ea8woP35iAXjQt4,6w3xMe8Sxid7QQYjy,2021-11-12T22:24:24Z
dawAcsPrmT4uP7Gg7,BfoutwegktFYtaKF3,b7yQYd9yFDjGvqD5x,TGzmf4EBMoWfzcaKj,6w3xMe8Sxid7QQYjy,2021-11-12T22:24:24Z
7PMzzr4NHAMqo3w6c,BfoutwegktFYtaKF3,uBrwQfjsJ32taCjd5,TGzmf4EBMoWfzcaKj,6w3xMe8Sxid7QQYjy,2021-11-12T22:24:24Z
wAYDq7gCshu5qxydM,BfoutwegktFYtaKF3,b7yQYd9yFDjGvqD5x,gqkx39HurcMCEeX9f,6w3xMe8Sxid7QQYjy,2021-11-12T22:24:24Z
YM6H54hXJTRnX2jvS,BfoutwegktFYtaKF3,uBrwQfjsJ32taCjd5,gqkx39HurcMCEeX9f,6w3xMe8Sxid7QQYjy,2021-11-12T22:24:24Z
Mq7CaWDYtcCYLHFJ4,BfoutwegktFYtaKF3,b7yQYd9yFDjGvqD5x,pJMP5KJj4cipy78Q2,6w3xMe8Sxid7QQYjy,2021-11-12T22:24:24Z
EZbD5J3ug23e3ZX7s,BfoutwegktFYtaKF3,uBrwQfjsJ32taCjd5,pJMP5KJj4cipy78Q2,6w3xMe8Sxid7QQYjy,2021-11-12T22:24:24Z
b6QtvctnRuNfuYLSW,BfoutwegktFYtaKF3,b7yQYd9yFDjGvqD5x,Jm3bkpZANxaE66L3z,6w3xMe8Sxid7QQYjy,2021-11-12T22:24:24Z
L2B3yafcFYDLNvPa5,BfoutwegktFYtaKF3,uBrwQfjsJ32taCjd5,Jm3bkpZANxaE66L3z,6w3xMe8Sxid7QQYjy,2021-11-12T22:24:24Z
EumdtjAgdNYpjZwou,BfoutwegktFYtaKF3,b7yQYd9yFDjGvqD5x,5xa3aPkgSAizgnE4A,6w3xMe8Sxid7QQYjy,2021-11-12T22:24:24Z
YMYgcSDxRcusiimnH,BfoutwegktFYtaKF3,uBrwQfjsJ32taCjd5,5xa3aPkgSAizgnE4A,6w3xMe8Sxid7QQYjy,2021-11-12T22:24:24Z
GqpgDmXcS2qbxCRSB,BfoutwegktFYtaKF3,b7yQYd9yFDjGvqD5x,brWCwMuWFtu2KsMKj,6w3xMe8Sxid7QQYjy,2021-11-12T22:24:24Z
XZwKR7Wjvm6Hk7RM9,BfoutwegktFYtaKF3,uBrwQfjsJ32taCjd5,brWCwMuWFtu2KsMKj,6w3xMe8Sxid7QQYjy,2021-11-12T22:24:24Z
isGgsZowSWeF3xLZs,BfoutwegktFYtaKF3,b7yQYd9yFDjGvqD5x,WHHNQz4LdTpyW2rCL,6w3xMe8Sxid7QQYjy,2021-11-12T22:24:24Z
5LeDCXaiprzpisZzz,BfoutwegktFYtaKF3,uBrwQfjsJ32taCjd5,WHHNQz4LdTpyW2rCL,6w3xMe8Sxid7QQYjy,2021-11-12T22:24:24Z
dDrHT8cH5YN7qev5u,BfoutwegktFYtaKF3,b7yQYd9yFDjGvqD5x,5ee3AEboqaymcWmhR,6w3xMe8Sxid7QQYjy,2021-11-12T22:24:24Z
TywukmujWDXNNktYm,BfoutwegktFYtaKF3,uBrwQfjsJ32taCjd5,5ee3AEboqaymcWmhR,6w3xMe8Sxid7QQYjy,2021-11-12T22:24:24Z
vtyenNLWjZa5HESxd,BfoutwegktFYtaKF3,b7yQYd9yFDjGvqD5x,zz3p3GMJ8sGKDhHh3,6w3xMe8Sxid7QQYjy,2021-11-12T22:24:24Z
7fScYdbTwzret4DLQ,BfoutwegktFYtaKF3,uBrwQfjsJ32taCjd5,zz3p3GMJ8sGKDhHh3,6w3xMe8Sxid7QQYjy,2021-11-12T22:24:24Z
DpS6H84nv959DyufX,BfoutwegktFYtaKF3,b7yQYd9yFDjGvqD5x,DaRbjjXLwYZSDnGFw,6w3xMe8Sxid7QQYjy,2021-11-12T22:24:24Z
sw7h5RfcRLCLuubvo,BfoutwegktFYtaKF3,uBrwQfjsJ32taCjd5,DaRbjjXLwYZSDnGFw,6w3xMe8Sxid7QQYjy,2021-11-12T22:24:24Z
6ccQ7sEhTwzbQtemt,BfoutwegktFYtaKF3,b7yQYd9yFDjGvqD5x,wBuXWCPuG7rkEdCBD,6w3xMe8Sxid7QQYjy,2021-11-12T22:24:24Z
bnsBB2mARE3uFop36,BfoutwegktFYtaKF3,uBrwQfjsJ32taCjd5,wBuXWCPuG7rkEdCBD,6w3xMe8Sxid7QQYjy,2021-11-12T22:24:24Z
CurjyGgeNK33JTQvP,BfoutwegktFYtaKF3,b7yQYd9yFDjGvqD5x,cveEasofFtLNgnLsF,6w3xMe8Sxid7QQYjy,2021-11-12T22:24:24Z
kMockr5YxGmeMPt6F,BfoutwegktFYtaKF3,uBrwQfjsJ32taCjd5,cveEasofFtLNgnLsF,6w3xMe8Sxid7QQYjy,2021-11-12T22:24:24Z
ufeRtwTrZpwgQ8BSm,BfoutwegktFYtaKF3,b7yQYd9yFDjGvqD5x,cTKgdBdanPXcX74tM,6w3xMe8Sxid7QQYjy,2021-11-12T22:24:24Z
HFYCvG3bpTuyhAdya,BfoutwegktFYtaKF3,uBrwQfjsJ32taCjd5,cTKgdBdanPXcX74tM,6w3xMe8Sxid7QQYjy,2021-11-12T22:24:24Z
mw6sdADCbohFpDhan,BfoutwegktFYtaKF3,b7yQYd9yFDjGvqD5x,ZJhLjxmRrp4nHLu84,6w3xMe8Sxid7QQYjy,2021-11-12T22:24:24Z
zYsrgwAYNytY2G3w6,BfoutwegktFYtaKF3,uBrwQfjsJ32taCjd5,ZJhLjxmRrp4nHLu84,6w3xMe8Sxid7QQYjy,2021-11-12T22:24:24Z
s3tetzzNdqmh5r7k2,BfoutwegktFYtaKF3,b7yQYd9yFDjGvqD5x,F2T73SvkunSFJSjXM,6w3xMe8Sxid7QQYjy,2021-11-12T22:24:24Z
rbTCFqfx6tXxGMsvd,BfoutwegktFYtaKF3,uBrwQfjsJ32taCjd5,F2T73SvkunSFJSjXM,6w3xMe8Sxid7QQYjy,2021-11-12T22:24:24Z
39M9EztRCvxqZ9dLp,BfoutwegktFYtaKF3,b7yQYd9yFDjGvqD5x,bAFpf4ju7oaKFdQAc,6w3xMe8Sxid7QQYjy,2021-11-12T22:24:24Z
c87a8HKEE8GTxJjnk,BfoutwegktFYtaKF3,uBrwQfjsJ32taCjd5,bAFpf4ju7oaKFdQAc,6w3xMe8Sxid7QQYjy,2021-11-12T22:24:24Z
CWwZsR45HfzCZ6osH,BfoutwegktFYtaKF3,b7yQYd9yFDjGvqD5x,wfqaxuCsALWSK3eqN,6w3xMe8Sxid7QQYjy,2021-11-12T22:24:24Z
bqerbeya2eKSks5pL,BfoutwegktFYtaKF3,uBrwQfjsJ32taCjd5,wfqaxuCsALWSK3eqN,6w3xMe8Sxid7QQYjy,2021-11-12T22:24:24Z
eW4vdwMwJEegbLPr3,BfoutwegktFYtaKF3,b7yQYd9yFDjGvqD5x,Z543w8SGe4hbfN9pE,6w3xMe8Sxid7QQYjy,2021-11-12T22:24:24Z
7FtMcxGc8HQhiQreK,BfoutwegktFYtaKF3,uBrwQfjsJ32taCjd5,Z543w8SGe4hbfN9pE,6w3xMe8Sxid7QQYjy,2021-11-12T22:24:24Z
YLCMTdyqECPBYBHcu,BfoutwegktFYtaKF3,b7yQYd9yFDjGvqD5x,QjSYdEsZJ33tLpfWt,6w3xMe8Sxid7QQYjy,2021-11-12T22:24:24Z
j82Fxv4qhixk8vFBt,BfoutwegktFYtaKF3,uBrwQfjsJ32taCjd5,QjSYdEsZJ33tLpfWt,6w3xMe8Sxid7QQYjy,2021-11-12T22:24:24Z
oWN5j9PGzvDzuTY8Z,BfoutwegktFYtaKF3,b7yQYd9yFDjGvqD5x,toLA8DR4wgkYR9EJj,6w3xMe8Sxid7QQYjy,2021-11-12T22:24:24Z
hCvdRbhH5Dnxu2Qhf,BfoutwegktFYtaKF3,uBrwQfjsJ32taCjd5,toLA8DR4wgkYR9EJj,6w3xMe8Sxid7QQYjy,2021-11-12T22:24:24Z
RjQbDin7qm7KCFjpN,BfoutwegktFYtaKF3,b7yQYd9yFDjGvqD5x,znQeT4Cso8G27dcuC,6w3xMe8Sxid7QQYjy,2021-11-12T22:24:24Z
nvG6mC62bXLXAq8br,BfoutwegktFYtaKF3,uBrwQfjsJ32taCjd5,znQeT4Cso8G27dcuC,6w3xMe8Sxid7QQYjy,2021-11-12T22:24:24Z
gwnaosFLMJoXSG2pZ,BfoutwegktFYtaKF3,b7yQYd9yFDjGvqD5x,rxHhN4cSmz3A9Yhzz,6w3xMe8Sxid7QQYjy,2021-11-12T22:24:24Z
iu4qT3DA8E2QkZsWX,BfoutwegktFYtaKF3,uBrwQfjsJ32taCjd5,rxHhN4cSmz3A9Yhzz,6w3xMe8Sxid7QQYjy,2021-11-12T22:24:24Z
d69bgcEtGfeTJ5tpr,BfoutwegktFYtaKF3,b7yQYd9yFDjGvqD5x,X8TopRLshBJRyEwbL,6w3xMe8Sxid7QQYjy,2021-11-12T22:24:24Z
vYrL84iRu8XJongEJ,BfoutwegktFYtaKF3,uBrwQfjsJ32taCjd5,X8TopRLshBJRyEwbL,6w3xMe8Sxid7QQYjy,2021-11-12T22:24:24Z
9S92qxLQaLCKyKbk5,BfoutwegktFYtaKF3,b7yQYd9yFDjGvqD5x,ug6KvbopNPSEpKDd7,6w3xMe8Sxid7QQYjy,2021-11-12T22:24:24Z
WGr3hrFFWPKcne6m5,BfoutwegktFYtaKF3,uBrwQfjsJ32taCjd5,ug6KvbopNPSEpKDd7,6w3xMe8Sxid7QQYjy,2021-11-12T22:24:24Z
XyPB2wEdF6BJwf6EQ,BfoutwegktFYtaKF3,b7yQYd9yFDjGvqD5x,GYQEhMi8icuFZJevi,6w3xMe8Sxid7QQYjy,2021-11-12T22:24:24Z
p2viXGoeiY9aWjLpG,BfoutwegktFYtaKF3,uBrwQfjsJ32taCjd5,GYQEhMi8icuFZJevi,6w3xMe8Sxid7QQYjy,2021-11-12T22:24:24Z
g2Y6Thb7CHrGReqom,BfoutwegktFYtaKF3,b7yQYd9yFDjGvqD5x,FHcb2BK2Ne9YZxpep,6w3xMe8Sxid7QQYjy,2021-11-12T22:24:24Z
7KXYnDFJ8zdHZqZtN,BfoutwegktFYtaKF3,uBrwQfjsJ32taCjd5,FHcb2BK2Ne9YZxpep,6w3xMe8Sxid7QQYjy,2021-11-12T22:24:24Z
x4sQ5CDJ4KkdMdR7W,BfoutwegktFYtaKF3,b7yQYd9yFDjGvqD5x,bPh9WQbrhvaRAvgB9,6w3xMe8Sxid7QQYjy,2021-11-12T22:24:24Z
HAtRj3qxeq2CYHZ3d,BfoutwegktFYtaKF3,uBrwQfjsJ32taCjd5,bPh9WQbrhvaRAvgB9,6w3xMe8Sxid7QQYjy,2021-11-12T22:24:24Z
nrGRTNXBvis64r2Dq,BfoutwegktFYtaKF3,b7yQYd9yFDjGvqD5x,8Tp5pKa4ReLGERhZM,6w3xMe8Sxid7QQYjy,2021-11-12T22:24:24Z
tEi9kqzKomwYwvvBt,BfoutwegktFYtaKF3,uBrwQfjsJ32taCjd5,8Tp5pKa4ReLGERhZM,6w3xMe8Sxid7QQYjy,2021-11-12T22:24:24Z
xYw9CqDZ4DHfGqYFr,BfoutwegktFYtaKF3,b7yQYd9yFDjGvqD5x,tnNEgNwkzcywMeQWd,6w3xMe8Sxid7QQYjy,2021-11-12T22:24:24Z
DHZbFkcetpQPwGQBG,BfoutwegktFYtaKF3,uBrwQfjsJ32taCjd5,tnNEgNwkzcywMeQWd,6w3xMe8Sxid7QQYjy,2021-11-12T22:24:24Z
ujNNibuJCYs9EtXiX,BfoutwegktFYtaKF3,b7yQYd9yFDjGvqD5x,5bwQcvRmTLCqAptcL,6w3xMe8Sxid7QQYjy,2021-11-12T22:24:24Z
JLajuBMczaTJDYdZA,BfoutwegktFYtaKF3,uBrwQfjsJ32taCjd5,5bwQcvRmTLCqAptcL,6w3xMe8Sxid7QQYjy,2021-11-12T22:24:24Z
rbbSeqXPgLqbZM8pe,BfoutwegktFYtaKF3,b7yQYd9yFDjGvqD5x,jzRXcNz82ayC6N2JQ,6w3xMe8Sxid7QQYjy,2021-11-12T22:24:24Z
vafeDgNMcjcF3WCqn,BfoutwegktFYtaKF3,uBrwQfjsJ32taCjd5,jzRXcNz82ayC6N2JQ,6w3xMe8Sxid7QQYjy,2021-11-12T22:24:24Z
d286e4YqMPJGzdzDL,BfoutwegktFYtaKF3,b7yQYd9yFDjGvqD5x,H3BxviF2eRc2qDesv,6w3xMe8Sxid7QQYjy,2021-11-12T22:24:24Z
X2vTCQ594TmDvzba6,BfoutwegktFYtaKF3,uBrwQfjsJ32taCjd5,H3BxviF2eRc2qDesv,6w3xMe8Sxid7QQYjy,2021-11-12T22:24:24Z
sPqGihx2qdMoZHHfs,BfoutwegktFYtaKF3,b7yQYd9yFDjGvqD5x,RHKEKhKwqe9RABjeX,6w3xMe8Sxid7QQYjy,2021-11-12T22:24:24Z
A9RMe42ZbCLWPhmJD,BfoutwegktFYtaKF3,uBrwQfjsJ32taCjd5,RHKEKhKwqe9RABjeX,6w3xMe8Sxid7QQYjy,2021-11-12T22:24:24Z
Rb8bqGY6KccbuXBay,BfoutwegktFYtaKF3,b7yQYd9yFDjGvqD5x,RGGe6Yn2k8xgeJefA,6w3xMe8Sxid7QQYjy,2021-11-12T22:24:24Z
FJ4nL35NrSAbH6fme,BfoutwegktFYtaKF3,uBrwQfjsJ32taCjd5,RGGe6Yn2k8xgeJefA,6w3xMe8Sxid7QQYjy,2021-11-12T22:24:24Z
hBPz2kxm9m2sv9f2P,BfoutwegktFYtaKF3,b7yQYd9yFDjGvqD5x,GpsyHcdYcfxmAp6Dz,6w3xMe8Sxid7QQYjy,2021-11-12T22:24:24Z
tqowsYF8naCGr7WuC,BfoutwegktFYtaKF3,uBrwQfjsJ32taCjd5,GpsyHcdYcfxmAp6Dz,6w3xMe8Sxid7QQYjy,2021-11-12T22:24:24Z
G6uZKmaQG94KNFK32,BfoutwegktFYtaKF3,b7yQYd9yFDjGvqD5x,LpQ3P52pEuemHpMp6,6w3xMe8Sxid7QQYjy,2021-11-12T22:24:24Z
Kugkotm4b5PCM8wW7,BfoutwegktFYtaKF3,uBrwQfjsJ32taCjd5,LpQ3P52pEuemHpMp6,6w3xMe8Sxid7QQYjy,2021-11-12T22:24:24Z
N2W9LZsqygarTygeT,JqaZA65fnYavYMhMR,HyAYoQc6SaAsPLRMG,Z72M5GtQcBunfPFaJ,uR4Zjdwby8j5kxxBM,2021-11-12T22:25:02Z
QTAiGv2TQbXnBptfA,JqaZA65fnYavYMhMR,o9BQEnwK9mPZ7jK46,Z72M5GtQcBunfPFaJ,uR4Zjdwby8j5kxxBM,2021-11-12T22:25:02Z
r5grSAQn6Btdbm5Yu,JqaZA65fnYavYMhMR,HyAYoQc6SaAsPLRMG,Bgj374b5maWc99WMz,uR4Zjdwby8j5kxxBM,2021-11-12T22:25:02Z
Pmv2xrX3So2z6dYjR,JqaZA65fnYavYMhMR,o9BQEnwK9mPZ7jK46,Bgj374b5maWc99WMz,uR4Zjdwby8j5kxxBM,2021-11-12T22:25:02Z
Mi9cHpBBHDLLxJRG6,JqaZA65fnYavYMhMR,HyAYoQc6SaAsPLRMG,DjabMosLcYkGAtBQY,uR4Zjdwby8j5kxxBM,2021-11-12T22:25:02Z
uyWKjeiToa6D65t4Z,JqaZA65fnYavYMhMR,o9BQEnwK9mPZ7jK46,DjabMosLcYkGAtBQY,uR4Zjdwby8j5kxxBM,2021-11-12T22:25:02Z
r2Kf3KZfzzPfGA3Ma,JqaZA65fnYavYMhMR,HyAYoQc6SaAsPLRMG,B56s8zEhzgnGZDzN9,uR4Zjdwby8j5kxxBM,2021-11-12T22:25:02Z
iMxCJ7ooPMszBhuFP,JqaZA65fnYavYMhMR,o9BQEnwK9mPZ7jK46,B56s8zEhzgnGZDzN9,uR4Zjdwby8j5kxxBM,2021-11-12T22:25:02Z
MnYvMyMWzPfXQbfxh,JqaZA65fnYavYMhMR,HyAYoQc6SaAsPLRMG,P7poSkDHvg5u9NqMC,uR4Zjdwby8j5kxxBM,2021-11-12T22:25:02Z
aTsX9Z7emgxmjz8XX,JqaZA65fnYavYMhMR,o9BQEnwK9mPZ7jK46,P7poSkDHvg5u9NqMC,uR4Zjdwby8j5kxxBM,2021-11-12T22:25:02Z
KPmEjBp9u7JJSTpbR,JqaZA65fnYavYMhMR,HyAYoQc6SaAsPLRMG,36ES2omsYce47oaTA,uR4Zjdwby8j5kxxBM,2021-11-12T22:25:02Z
knQGKqHfC8ACmb36k,JqaZA65fnYavYMhMR,o9BQEnwK9mPZ7jK46,36ES2omsYce47oaTA,uR4Zjdwby8j5kxxBM,2021-11-12T22:25:02Z
onbYaPBk3cLGkiEFj,JqaZA65fnYavYMhMR,HyAYoQc6SaAsPLRMG,t9X5w97rR3TSaWmvb,uR4Zjdwby8j5kxxBM,2021-11-12T22:25:02Z
damAqbWpyqWKDPDw6,JqaZA65fnYavYMhMR,o9BQEnwK9mPZ7jK46,t9X5w97rR3TSaWmvb,uR4Zjdwby8j5kxxBM,2021-11-12T22:25:02Z
nHwic5iPanEk8AL2h,JqaZA65fnYavYMhMR,HyAYoQc6SaAsPLRMG,AjXiuCdKLSowjWBig,uR4Zjdwby8j5kxxBM,2021-11-12T22:25:02Z
cG3zAL3E2edhcFJtW,JqaZA65fnYavYMhMR,o9BQEnwK9mPZ7jK46,AjXiuCdKLSowjWBig,uR4Zjdwby8j5kxxBM,2021-11-12T22:25:02Z
TbnB6QatA6a9chcAT,JqaZA65fnYavYMhMR,HyAYoQc6SaAsPLRMG,d2b2J3RmZpQKge5Ti,uR4Zjdwby8j5kxxBM,2021-11-12T22:25:02Z
j36vL8K9HvgJbJWhY,JqaZA65fnYavYMhMR,o9BQEnwK9mPZ7jK46,d2b2J3RmZpQKge5Ti,uR4Zjdwby8j5kxxBM,2021-11-12T22:25:02Z
y4xeBfdpoRdWWftkc,JqaZA65fnYavYMhMR,HyAYoQc6SaAsPLRMG,QpW4SaCg5vvL4e7tj,uR4Zjdwby8j5kxxBM,2021-11-12T22:25:02Z
5wk9Z3HDBBcxMK9av,JqaZA65fnYavYMhMR,o9BQEnwK9mPZ7jK46,QpW4SaCg5vvL4e7tj,uR4Zjdwby8j5kxxBM,2021-11-12T22:25:02Z
iJLvDSrd3RR2NeExm,JqaZA65fnYavYMhMR,HyAYoQc6SaAsPLRMG,T5T2kkGQg2tJEgkb8,uR4Zjdwby8j5kxxBM,2021-11-12T22:25:02Z
Bkvz3kJzD7JoJDTxg,JqaZA65fnYavYMhMR,o9BQEnwK9mPZ7jK46,T5T2kkGQg2tJEgkb8,uR4Zjdwby8j5kxxBM,2021-11-12T22:25:02Z
JMkeeMjrgGWheQ2bR,JqaZA65fnYavYMhMR,HyAYoQc6SaAsPLRMG,BsMg7Hq4SPJMJRp7M,uR4Zjdwby8j5kxxBM,2021-11-12T22:25:02Z
whZJo9pktSuccQKGQ,JqaZA65fnYavYMhMR,o9BQEnwK9mPZ7jK46,BsMg7Hq4SPJMJRp7M,uR4Zjdwby8j5kxxBM,2021-11-12T22:25:02Z
R7HGDTurazPKCzaRo,JqaZA65fnYavYMhMR,HyAYoQc6SaAsPLRMG,nxqrEy7CWPveFiYLF,uR4Zjdwby8j5kxxBM,2021-11-12T22:25:02Z
Da362KCiKe7p9TJKn,JqaZA65fnYavYMhMR,o9BQEnwK9mPZ7jK46,nxqrEy7CWPveFiYLF,uR4Zjdwby8j5kxxBM,2021-11-12T22:25:02Z
WKit9iZZWf8uJwEmy,JqaZA65fnYavYMhMR,HyAYoQc6SaAsPLRMG,usP7evD2DbSy7yRnx,uR4Zjdwby8j5kxxBM,2021-11-12T22:25:02Z
ogWwRFHKB6rMTEX7i,JqaZA65fnYavYMhMR,o9BQEnwK9mPZ7jK46,usP7evD2DbSy7yRnx,uR4Zjdwby8j5kxxBM,2021-11-12T22:25:02Z
qDw2LrbJdkRcJR7z8,JqaZA65fnYavYMhMR,HyAYoQc6SaAsPLRMG,xZysd2BGxMR6QtMCX,uR4Zjdwby8j5kxxBM,2021-11-12T22:25:02Z
PRxacyBkpxfh8fenA,JqaZA65fnYavYMhMR,o9BQEnwK9mPZ7jK46,xZysd2BGxMR6QtMCX,uR4Zjdwby8j5kxxBM,2021-11-12T22:25:02Z
miB5N8i4wMpo28aYb,JqaZA65fnYavYMhMR,HyAYoQc6SaAsPLRMG,PGn2JovHZW4P9RHfJ,uR4Zjdwby8j5kxxBM,2021-11-12T22:25:02Z
8Jp3ED6eDGPwdCjFc,JqaZA65fnYavYMhMR,o9BQEnwK9mPZ7jK46,PGn2JovHZW4P9RHfJ,uR4Zjdwby8j5kxxBM,2021-11-12T22:25:02Z
aPhKWCQ5nGNHr4ixX,JqaZA65fnYavYMhMR,HyAYoQc6SaAsPLRMG,rszpqHHDLLRC9FCYT,uR4Zjdwby8j5kxxBM,2021-11-12T22:25:02Z
zmrzCoKthd75ZbESY,JqaZA65fnYavYMhMR,o9BQEnwK9mPZ7jK46,rszpqHHDLLRC9FCYT,uR4Zjdwby8j5kxxBM,2021-11-12T22:25:02Z
xmn5vCruDEaZYM86u,JqaZA65fnYavYMhMR,HyAYoQc6SaAsPLRMG,msoh7A3DhEQPyRzAJ,uR4Zjdwby8j5kxxBM,2021-11-12T22:25:02Z
5mSXTvnXjXacvyqxL,JqaZA65fnYavYMhMR,o9BQEnwK9mPZ7jK46,msoh7A3DhEQPyRzAJ,uR4Zjdwby8j5kxxBM,2021-11-12T22:25:02Z
8yshW6NkcCTn6w6cC,JqaZA65fnYavYMhMR,HyAYoQc6SaAsPLRMG,GZ65vDwHdrbgycxmL,uR4Zjdwby8j5kxxBM,2021-11-12T22:25:02Z
PS7MWK6rit8pb5dRf,JqaZA65fnYavYMhMR,o9BQEnwK9mPZ7jK46,GZ65vDwHdrbgycxmL,uR4Zjdwby8j5kxxBM,2021-11-12T22:25:02Z
x5Xqbac8fJrYy5aah,JqaZA65fnYavYMhMR,HyAYoQc6SaAsPLRMG,sA33JwYCLQffFhtPv,uR4Zjdwby8j5kxxBM,2021-11-12T22:25:02Z
HstptTxQ6GppeYyC5,JqaZA65fnYavYMhMR,o9BQEnwK9mPZ7jK46,sA33JwYCLQffFhtPv,uR4Zjdwby8j5kxxBM,2021-11-12T22:25:02Z
h63QCxMQAXiFAKj4P,JqaZA65fnYavYMhMR,HyAYoQc6SaAsPLRMG,esLLsmA2K2yA9Cwkz,uR4Zjdwby8j5kxxBM,2021-11-12T22:25:02Z
aih4gJWWkJXaKpeBP,JqaZA65fnYavYMhMR,o9BQEnwK9mPZ7jK46,esLLsmA2K2yA9Cwkz,uR4Zjdwby8j5kxxBM,2021-11-12T22:25:02Z
SRgSsAdzQM5XoZpyE,JqaZA65fnYavYMhMR,HyAYoQc6SaAsPLRMG,Nc6Kq57b9a33czxQK,uR4Zjdwby8j5kxxBM,2021-11-12T22:25:02Z
6o4L98BZ7Aoh3NQTi,JqaZA65fnYavYMhMR,o9BQEnwK9mPZ7jK46,Nc6Kq57b9a33czxQK,uR4Zjdwby8j5kxxBM,2021-11-12T22:25:02Z
NAj72ctveQ2fHn9qE,JqaZA65fnYavYMhMR,HyAYoQc6SaAsPLRMG,v5fgXmRk4SPrvktAz,uR4Zjdwby8j5kxxBM,2021-11-12T22:25:02Z
rCb3XE7Pk936CzAiE,JqaZA65fnYavYMhMR,o9BQEnwK9mPZ7jK46,v5fgXmRk4SPrvktAz,uR4Zjdwby8j5kxxBM,2021-11-12T22:25:02Z
2a9Gy8Da9FR5sJgT6,JqaZA65fnYavYMhMR,HyAYoQc6SaAsPLRMG,ziyrcafzyASMnGbf5,uR4Zjdwby8j5kxxBM,2021-11-12T22:25:02Z
y2k22NuNem2XkamtH,JqaZA65fnYavYMhMR,o9BQEnwK9mPZ7jK46,ziyrcafzyASMnGbf5,uR4Zjdwby8j5kxxBM,2021-11-12T22:25:02Z
KAhoPKnpzjQzxX2kG,JqaZA65fnYavYMhMR,HyAYoQc6SaAsPLRMG,kwWq9PiaQ8CS4Z85m,uR4Zjdwby8j5kxxBM,2021-11-12T22:25:02Z
btq3EQYQFXRCY99vA,JqaZA65fnYavYMhMR,o9BQEnwK9mPZ7jK46,kwWq9PiaQ8CS4Z85m,uR4Zjdwby8j5kxxBM,2021-11-12T22:25:02Z
ZBmxFK7vbcxkeYwsw,JqaZA65fnYavYMhMR,HyAYoQc6SaAsPLRMG,KZ7Es3TFnGRXJ6548,uR4Zjdwby8j5kxxBM,2021-11-12T22:25:02Z
SqRhMC59wTipafydy,JqaZA65fnYavYMhMR,o9BQEnwK9mPZ7jK46,KZ7Es3TFnGRXJ6548,uR4Zjdwby8j5kxxBM,2021-11-12T22:25:02Z
mFkov6SAPF5JMWovv,JqaZA65fnYavYMhMR,HyAYoQc6SaAsPLRMG,GDwnbnZuamxsmgAGX,uR4Zjdwby8j5kxxBM,2021-11-12T22:25:02Z
ofaRD2w2fXoxwE7Jp,JqaZA65fnYavYMhMR,o9BQEnwK9mPZ7jK46,GDwnbnZuamxsmgAGX,uR4Zjdwby8j5kxxBM,2021-11-12T22:25:02Z
ZtbhiJxfJXA98NAxT,JqaZA65fnYavYMhMR,HyAYoQc6SaAsPLRMG,9ikJ5rB3xMH5qLaD3,uR4Zjdwby8j5kxxBM,2021-11-12T22:25:02Z
BBbqwkD4knhFTt9Po,JqaZA65fnYavYMhMR,o9BQEnwK9mPZ7jK46,9ikJ5rB3xMH5qLaD3,uR4Zjdwby8j5kxxBM,2021-11-12T22:25:02Z
YWM5kDyebCz3LGE3f,JqaZA65fnYavYMhMR,HyAYoQc6SaAsPLRMG,a4oBh8GudrGbvE7xP,uR4Zjdwby8j5kxxBM,2021-11-12T22:25:02Z
Nof9Mx8tPnJXBoJfB,JqaZA65fnYavYMhMR,o9BQEnwK9mPZ7jK46,a4oBh8GudrGbvE7xP,uR4Zjdwby8j5kxxBM,2021-11-12T22:25:02Z
vmJkrgYv8eo5wgcKm,JqaZA65fnYavYMhMR,HyAYoQc6SaAsPLRMG,ywJKKkKf7XeywfiPM,uR4Zjdwby8j5kxxBM,2021-11-12T22:25:02Z
GSYeGDuqKPtCotCnS,JqaZA65fnYavYMhMR,o9BQEnwK9mPZ7jK46,ywJKKkKf7XeywfiPM,uR4Zjdwby8j5kxxBM,2021-11-12T22:25:02Z
E6YwNEy2iNTjTsM5s,JqaZA65fnYavYMhMR,HyAYoQc6SaAsPLRMG,rdtBus3ioRmyi33pT,uR4Zjdwby8j5kxxBM,2021-11-12T22:25:02Z
3iu4pkm79ffmHMLoC,JqaZA65fnYavYMhMR,o9BQEnwK9mPZ7jK46,rdtBus3ioRmyi33pT,uR4Zjdwby8j5kxxBM,2021-11-12T22:25:02Z
ck27qrZkbBjv4Dfip,JqaZA65fnYavYMhMR,HyAYoQc6SaAsPLRMG,uzSAystaxsmZ4Kqya,uR4Zjdwby8j5kxxBM,2021-11-12T22:25:02Z
h6za9XtbaJAjohvMg,JqaZA65fnYavYMhMR,o9BQEnwK9mPZ7jK46,uzSAystaxsmZ4Kqya,uR4Zjdwby8j5kxxBM,2021-11-12T22:25:02Z
xZJFcTCu9bBYPPepw,JqaZA65fnYavYMhMR,HyAYoQc6SaAsPLRMG,Y4FdbuaY2wYLiGvyk,uR4Zjdwby8j5kxxBM,2021-11-12T22:25:02Z
wFXJEafvHjw2HCWB7,JqaZA65fnYavYMhMR,o9BQEnwK9mPZ7jK46,Y4FdbuaY2wYLiGvyk,uR4Zjdwby8j5kxxBM,2021-11-12T22:25:02Z
HpjMDRxmEXunXsyzK,JqaZA65fnYavYMhMR,HyAYoQc6SaAsPLRMG,J79qDQGtDTkYSLf2m,uR4Zjdwby8j5kxxBM,2021-11-12T22:25:02Z
pZJxr8reoZypv7uWP,JqaZA65fnYavYMhMR,o9BQEnwK9mPZ7jK46,J79qDQGtDTkYSLf2m,uR4Zjdwby8j5kxxBM,2021-11-12T22:25:02Z
7WxF3CZ8fqauTnpmv,JqaZA65fnYavYMhMR,HyAYoQc6SaAsPLRMG,mxppi4uRb6rr8eSGg,uR4Zjdwby8j5kxxBM,2021-11-12T22:25:02Z
cjK7iTxfdnWNfhZpo,JqaZA65fnYavYMhMR,o9BQEnwK9mPZ7jK46,mxppi4uRb6rr8eSGg,uR4Zjdwby8j5kxxBM,2021-11-12T22:25:02Z
6qHMEkuSPmun43JtX,JqaZA65fnYavYMhMR,HyAYoQc6SaAsPLRMG,PgJ28Mx29gGoypMyn,uR4Zjdwby8j5kxxBM,2021-11-12T22:25:02Z
C2z2YF8EyBmGPpSKW,JqaZA65fnYavYMhMR,o9BQEnwK9mPZ7jK46,PgJ28Mx29gGoypMyn,uR4Zjdwby8j5kxxBM,2021-11-12T22:25:02Z
dwKsJqyLtC7ERMccE,JqaZA65fnYavYMhMR,HyAYoQc6SaAsPLRMG,kikJYA9y8hD9AtSbM,uR4Zjdwby8j5kxxBM,2021-11-12T22:25:02Z
s3EuiaRuFQ4Mr9coE,JqaZA65fnYavYMhMR,o9BQEnwK9mPZ7jK46,kikJYA9y8hD9AtSbM,uR4Zjdwby8j5kxxBM,2021-11-12T22:25:02Z
DzyuQSJWy4ineG7RX,JqaZA65fnYavYMhMR,HyAYoQc6SaAsPLRMG,ACNA2nZB53RMFARnc,uR4Zjdwby8j5kxxBM,2021-11-12T22:25:02Z
LgmRq9649dc97q6qJ,JqaZA65fnYavYMhMR,o9BQEnwK9mPZ7jK46,ACNA2nZB53RMFARnc,uR4Zjdwby8j5kxxBM,2021-11-12T22:25:02Z
xmJDLfHyxRSfTmfxr,JqaZA65fnYavYMhMR,HyAYoQc6SaAsPLRMG,2uXk8YNiLQ5fupmim,uR4Zjdwby8j5kxxBM,2021-11-12T22:25:02Z
43DsqYeou3EoTSPnm,JqaZA65fnYavYMhMR,o9BQEnwK9mPZ7jK46,2uXk8YNiLQ5fupmim,uR4Zjdwby8j5kxxBM,2021-11-12T22:25:02Z
hmmtDHaTtQWMR4X2w,JqaZA65fnYavYMhMR,HyAYoQc6SaAsPLRMG,duzvmuopyy8RjgrZb,uR4Zjdwby8j5kxxBM,2021-11-12T22:25:02Z
35nQxoysvwcgNkN4w,JqaZA65fnYavYMhMR,o9BQEnwK9mPZ7jK46,duzvmuopyy8RjgrZb,uR4Zjdwby8j5kxxBM,2021-11-12T22:25:02Z
CzCq8Mocct93CfYR2,XonJWQhR97Hi63YhH,9KzxEKjPduYiBoEvK,LbrEWcW5YFpBDepeW,5F2moNvN32P2kGoa9,2021-11-12T22:26:53Z
WxFSWNY24PLW9BRdn,XonJWQhR97Hi63YhH,AnLPrjGHwQcnJAJx6,LbrEWcW5YFpBDepeW,5F2moNvN32P2kGoa9,2021-11-12T22:26:53Z
XkADbQJjQg2u2n7cf,XonJWQhR97Hi63YhH,9KzxEKjPduYiBoEvK,GjmSdLrq9ZDhHoeWH,5F2moNvN32P2kGoa9,2021-11-12T22:26:53Z
XnnS2XiAgYQm7cmDH,XonJWQhR97Hi63YhH,AnLPrjGHwQcnJAJx6,GjmSdLrq9ZDhHoeWH,5F2moNvN32P2kGoa9,2021-11-12T22:26:53Z
gy9WZcHHCoeSvJCsX,XonJWQhR97Hi63YhH,9KzxEKjPduYiBoEvK,jEPHEESoQ4n5S4W6K,5F2moNvN32P2kGoa9,2021-11-12T22:26:53Z
wMH4ZwSxMGZAbjY2i,XonJWQhR97Hi63YhH,AnLPrjGHwQcnJAJx6,jEPHEESoQ4n5S4W6K,5F2moNvN32P2kGoa9,2021-11-12T22:26:53Z
GLt9hyMrMkfXcfg3D,XonJWQhR97Hi63YhH,9KzxEKjPduYiBoEvK,oyppAKfQ9bJueHSfu,5F2moNvN32P2kGoa9,2021-11-12T22:26:53Z
xhdch9ngdhQJMbCWn,XonJWQhR97Hi63YhH,AnLPrjGHwQcnJAJx6,oyppAKfQ9bJueHSfu,5F2moNvN32P2kGoa9,2021-11-12T22:26:53Z
6cTztkzWR7YFaeHKL,XonJWQhR97Hi63YhH,9KzxEKjPduYiBoEvK,8XgxPbCfpxnx73xuB,5F2moNvN32P2kGoa9,2021-11-12T22:26:53Z
z673cnurzHTgACL4M,XonJWQhR97Hi63YhH,AnLPrjGHwQcnJAJx6,8XgxPbCfpxnx73xuB,5F2moNvN32P2kGoa9,2021-11-12T22:26:53Z
m3uyeZ9X8gC62GmcA,XonJWQhR97Hi63YhH,9KzxEKjPduYiBoEvK,PLeHdkaZ3dzurcDy8,5F2moNvN32P2kGoa9,2021-11-12T22:26:53Z
p84Qjko6ukuEpewio,XonJWQhR97Hi63YhH,AnLPrjGHwQcnJAJx6,PLeHdkaZ3dzurcDy8,5F2moNvN32P2kGoa9,2021-11-12T22:26:53Z
p2ZzAksNdsRDvQcrB,XonJWQhR97Hi63YhH,9KzxEKjPduYiBoEvK,hAiupWccqKK6T74KW,5F2moNvN32P2kGoa9,2021-11-12T22:26:53Z
sAxZDGQvsPBubtwWb,XonJWQhR97Hi63YhH,AnLPrjGHwQcnJAJx6,hAiupWccqKK6T74KW,5F2moNvN32P2kGoa9,2021-11-12T22:26:53Z
tcqayJbKo8mM5XFZT,XonJWQhR97Hi63YhH,9KzxEKjPduYiBoEvK,uMDvozXm3Sbprir4L,5F2moNvN32P2kGoa9,2021-11-12T22:26:53Z
NJEDe95SETtQe2Fpk,XonJWQhR97Hi63YhH,AnLPrjGHwQcnJAJx6,uMDvozXm3Sbprir4L,5F2moNvN32P2kGoa9,2021-11-12T22:26:53Z
ypPA3WygnWQpB8Xsu,XonJWQhR97Hi63YhH,9KzxEKjPduYiBoEvK,LEuYyHhxPdt3uAoeh,5F2moNvN32P2kGoa9,2021-11-12T22:26:53Z
wiwyC76knM7sFQsFh,XonJWQhR97Hi63YhH,AnLPrjGHwQcnJAJx6,LEuYyHhxPdt3uAoeh,5F2moNvN32P2kGoa9,2021-11-12T22:26:53Z
K7XxCKMiX6v6btCjy,XonJWQhR97Hi63YhH,9KzxEKjPduYiBoEvK,C4fvbpuKAoAv3hWnr,5F2moNvN32P2kGoa9,2021-11-12T22:26:53Z
44TPcfnrYcfXfpWo4,XonJWQhR97Hi63YhH,AnLPrjGHwQcnJAJx6,C4fvbpuKAoAv3hWnr,5F2moNvN32P2kGoa9,2021-11-12T22:26:53Z
eKFJZMXMMqsFpbaJA,XonJWQhR97Hi63YhH,9KzxEKjPduYiBoEvK,9DXgb7aFGKpnfKzNK,5F2moNvN32P2kGoa9,2021-11-12T22:26:53Z
5vsh6Xm6cexyNqvqh,XonJWQhR97Hi63YhH,AnLPrjGHwQcnJAJx6,9DXgb7aFGKpnfKzNK,5F2moNvN32P2kGoa9,2021-11-12T22:26:53Z
eAELhygQ8jRLAAyq6,XonJWQhR97Hi63YhH,9KzxEKjPduYiBoEvK,HtEpQsumsXefHMWHY,5F2moNvN32P2kGoa9,2021-11-12T22:26:53Z
5wMCAf6jcTHi89Zpk,XonJWQhR97Hi63YhH,AnLPrjGHwQcnJAJx6,HtEpQsumsXefHMWHY,5F2moNvN32P2kGoa9,2021-11-12T22:26:53Z
FpazsmTStRGSDs6My,XonJWQhR97Hi63YhH,9KzxEKjPduYiBoEvK,Y9tzHH2ADqMEpXTWm,5F2moNvN32P2kGoa9,2021-11-12T22:26:53Z
HksuQ3mK57Bq42oSW,XonJWQhR97Hi63YhH,AnLPrjGHwQcnJAJx6,Y9tzHH2ADqMEpXTWm,5F2moNvN32P2kGoa9,2021-11-12T22:26:53Z
Npg9YZeJogRPNJDZm,XonJWQhR97Hi63YhH,9KzxEKjPduYiBoEvK,p7fNmmSbzFc6tx2ho,5F2moNvN32P2kGoa9,2021-11-12T22:26:53Z
nK9QXTDTwbox8SeTR,XonJWQhR97Hi63YhH,AnLPrjGHwQcnJAJx6,p7fNmmSbzFc6tx2ho,5F2moNvN32P2kGoa9,2021-11-12T22:26:53Z
FtsA7cxJjLgwbyQBz,XonJWQhR97Hi63YhH,9KzxEKjPduYiBoEvK,kLekM7AP9yxFdMnhi,5F2moNvN32P2kGoa9,2021-11-12T22:26:53Z
byFiQJDEKNbguF7eX,XonJWQhR97Hi63YhH,AnLPrjGHwQcnJAJx6,kLekM7AP9yxFdMnhi,5F2moNvN32P2kGoa9,2021-11-12T22:26:53Z
6dddwAFGA3fJH7KyJ,XonJWQhR97Hi63YhH,9KzxEKjPduYiBoEvK,FWgsDBfZYvjpJE6H8,5F2moNvN32P2kGoa9,2021-11-12T22:26:53Z
kPQxbb9int2rW282C,XonJWQhR97Hi63YhH,AnLPrjGHwQcnJAJx6,FWgsDBfZYvjpJE6H8,5F2moNvN32P2kGoa9,2021-11-12T22:26:53Z
Sgb8AjR5sacXhgDZ9,XonJWQhR97Hi63YhH,9KzxEKjPduYiBoEvK,hc7MWXnY6nEZjhP5w,5F2moNvN32P2kGoa9,2021-11-12T22:26:53Z
pQ7BQbFuuLxSWEvz2,XonJWQhR97Hi63YhH,AnLPrjGHwQcnJAJx6,hc7MWXnY6nEZjhP5w,5F2moNvN32P2kGoa9,2021-11-12T22:26:53Z
6wS8XWr3kgEv2qPEG,XonJWQhR97Hi63YhH,9KzxEKjPduYiBoEvK,6AGjLhiaE7gacBKKB,5F2moNvN32P2kGoa9,2021-11-12T22:26:53Z
nnhYvxEYmjq74eHde,XonJWQhR97Hi63YhH,AnLPrjGHwQcnJAJx6,6AGjLhiaE7gacBKKB,5F2moNvN32P2kGoa9,2021-11-12T22:26:53Z
SWaAJtLnPFFQjWehf,XonJWQhR97Hi63YhH,9KzxEKjPduYiBoEvK,t982R6EooCNWuN6Ls,5F2moNvN32P2kGoa9,2021-11-12T22:26:53Z
cHXcAqqA6um8Sh9rX,XonJWQhR97Hi63YhH,AnLPrjGHwQcnJAJx6,t982R6EooCNWuN6Ls,5F2moNvN32P2kGoa9,2021-11-12T22:26:53Z
pBvukPFz7F8gQj339,XonJWQhR97Hi63YhH,9KzxEKjPduYiBoEvK,GCxfdtkCzjnbhtxRD,5F2moNvN32P2kGoa9,2021-11-12T22:26:53Z
WGb2jhk6ckt76Zsa5,XonJWQhR97Hi63YhH,AnLPrjGHwQcnJAJx6,GCxfdtkCzjnbhtxRD,5F2moNvN32P2kGoa9,2021-11-12T22:26:53Z
bcxSoDWhFzZTcePLh,XonJWQhR97Hi63YhH,9KzxEKjPduYiBoEvK,LnnamGzNBi2xQokYw,5F2moNvN32P2kGoa9,2021-11-12T22:26:53Z
Fbzi4eLg7Ath7rmcj,XonJWQhR97Hi63YhH,AnLPrjGHwQcnJAJx6,LnnamGzNBi2xQokYw,5F2moNvN32P2kGoa9,2021-11-12T22:26:53Z
HvvdbnuCmtXMurdM8,XonJWQhR97Hi63YhH,9KzxEKjPduYiBoEvK,PSMoNpNF6za6ykv6d,5F2moNvN32P2kGoa9,2021-11-12T22:26:53Z
SzWQeEmagsXAsDR6G,XonJWQhR97Hi63YhH,AnLPrjGHwQcnJAJx6,PSMoNpNF6za6ykv6d,5F2moNvN32P2kGoa9,2021-11-12T22:26:53Z
TacDGmbk9NCpDCa8P,XonJWQhR97Hi63YhH,9KzxEKjPduYiBoEvK,hfcNWYdNXaj9i46Eu,5F2moNvN32P2kGoa9,2021-11-12T22:26:53Z
D6tpjZjL8yrjdvNFx,XonJWQhR97Hi63YhH,AnLPrjGHwQcnJAJx6,hfcNWYdNXaj9i46Eu,5F2moNvN32P2kGoa9,2021-11-12T22:26:53Z
YRJKyrkRZSK9eJaBo,XonJWQhR97Hi63YhH,9KzxEKjPduYiBoEvK,vv3v5zLJ8DDqpqeZW,5F2moNvN32P2kGoa9,2021-11-12T22:26:53Z
apg26PJqzq66YmHab,XonJWQhR97Hi63YhH,AnLPrjGHwQcnJAJx6,vv3v5zLJ8DDqpqeZW,5F2moNvN32P2kGoa9,2021-11-12T22:26:53Z
xnsYFGPppvXmR5AAe,XonJWQhR97Hi63YhH,9KzxEKjPduYiBoEvK,jnredoYsrpACKD3N6,5F2moNvN32P2kGoa9,2021-11-12T22:26:53Z
PRdsL5Xw8BHZdix7J,XonJWQhR97Hi63YhH,AnLPrjGHwQcnJAJx6,jnredoYsrpACKD3N6,5F2moNvN32P2kGoa9,2021-11-12T22:26:53Z
ptfgFLFkyCokejH9N,XonJWQhR97Hi63YhH,9KzxEKjPduYiBoEvK,nkwa75eJWsBxZghTr,5F2moNvN32P2kGoa9,2021-11-12T22:26:53Z
jBEiPGNzXLqDAYCXr,XonJWQhR97Hi63YhH,AnLPrjGHwQcnJAJx6,nkwa75eJWsBxZghTr,5F2moNvN32P2kGoa9,2021-11-12T22:26:53Z
GHA3LTgDWQPDsBem2,XonJWQhR97Hi63YhH,9KzxEKjPduYiBoEvK,MkbJtxb3XLTyTqfmM,5F2moNvN32P2kGoa9,2021-11-12T22:26:53Z
jKrD5xd3dudE2Hx7f,XonJWQhR97Hi63YhH,AnLPrjGHwQcnJAJx6,MkbJtxb3XLTyTqfmM,5F2moNvN32P2kGoa9,2021-11-12T22:26:53Z
pX8CuewRGMov4ZjJz,XonJWQhR97Hi63YhH,9KzxEKjPduYiBoEvK,vdfgdtXfkmTfoqh7F,5F2moNvN32P2kGoa9,2021-11-12T22:26:53Z
tAtsCmNh8Ket5SCdN,XonJWQhR97Hi63YhH,AnLPrjGHwQcnJAJx6,vdfgdtXfkmTfoqh7F,5F2moNvN32P2kGoa9,2021-11-12T22:26:53Z
FEErCahGT8ndN2ot9,XonJWQhR97Hi63YhH,9KzxEKjPduYiBoEvK,Q4CaoihAbbehvSCH8,5F2moNvN32P2kGoa9,2021-11-12T22:26:53Z
5Zn9cpEQhcv32SRXp,XonJWQhR97Hi63YhH,AnLPrjGHwQcnJAJx6,Q4CaoihAbbehvSCH8,5F2moNvN32P2kGoa9,2021-11-12T22:26:53Z
fs24Zcpu7LgNyjmZJ,XonJWQhR97Hi63YhH,9KzxEKjPduYiBoEvK,pYwfsgPKhB9TBn2v7,5F2moNvN32P2kGoa9,2021-11-12T22:26:53Z
beppqNpYy53L8dQpB,XonJWQhR97Hi63YhH,AnLPrjGHwQcnJAJx6,pYwfsgPKhB9TBn2v7,5F2moNvN32P2kGoa9,2021-11-12T22:26:53Z
Q2ramQpSKt72ZaZLX,XonJWQhR97Hi63YhH,9KzxEKjPduYiBoEvK,meguttnWZtCPnEx6A,5F2moNvN32P2kGoa9,2021-11-12T22:26:53Z
KeyNzzy36qXcsfkNR,XonJWQhR97Hi63YhH,AnLPrjGHwQcnJAJx6,meguttnWZtCPnEx6A,5F2moNvN32P2kGoa9,2021-11-12T22:26:53Z
DSv587jo5tLGEhkQ4,XonJWQhR97Hi63YhH,9KzxEKjPduYiBoEvK,fwnaWgJpxnyfGgQsB,5F2moNvN32P2kGoa9,2021-11-12T22:26:53Z
wfbbLRP8L5M5MB67C,XonJWQhR97Hi63YhH,AnLPrjGHwQcnJAJx6,fwnaWgJpxnyfGgQsB,5F2moNvN32P2kGoa9,2021-11-12T22:26:53Z
uy2Gm9QCt4f2NyEct,XonJWQhR97Hi63YhH,9KzxEKjPduYiBoEvK,9D3sL5ccwttLJJEJT,5F2moNvN32P2kGoa9,2021-11-12T22:26:53Z
DQBuFCGhZvKzRiGHC,XonJWQhR97Hi63YhH,AnLPrjGHwQcnJAJx6,9D3sL5ccwttLJJEJT,5F2moNvN32P2kGoa9,2021-11-12T22:26:53Z
LEnm2gjevW4PemyGB,XonJWQhR97Hi63YhH,9KzxEKjPduYiBoEvK,BABSGuv42sMScoFaH,5F2moNvN32P2kGoa9,2021-11-12T22:26:53Z
eJizwLjxXj2GqmMiK,XonJWQhR97Hi63YhH,AnLPrjGHwQcnJAJx6,BABSGuv42sMScoFaH,5F2moNvN32P2kGoa9,2021-11-12T22:26:53Z
5psGL5SiHosb9ELDX,XonJWQhR97Hi63YhH,9KzxEKjPduYiBoEvK,JC8yQf2wwbmN4WB2W,5F2moNvN32P2kGoa9,2021-11-12T22:26:53Z
w8atKXhRxkAZFBKQp,XonJWQhR97Hi63YhH,AnLPrjGHwQcnJAJx6,JC8yQf2wwbmN4WB2W,5F2moNvN32P2kGoa9,2021-11-12T22:26:53Z
KHK4HYKcYLFXRNRPn,XonJWQhR97Hi63YhH,9KzxEKjPduYiBoEvK,bBLtvKsQDBcrQcYTt,5F2moNvN32P2kGoa9,2021-11-12T22:26:53Z
fiQgDrcnQ7GzPkeRS,XonJWQhR97Hi63YhH,AnLPrjGHwQcnJAJx6,bBLtvKsQDBcrQcYTt,5F2moNvN32P2kGoa9,2021-11-12T22:26:53Z
gdFFGLo4fEwK7BAJw,XonJWQhR97Hi63YhH,9KzxEKjPduYiBoEvK,nujkTQiSycx4KMYrk,5F2moNvN32P2kGoa9,2021-11-12T22:26:53Z
fNCRFCEGXZaiTq5YH,XonJWQhR97Hi63YhH,AnLPrjGHwQcnJAJx6,nujkTQiSycx4KMYrk,5F2moNvN32P2kGoa9,2021-11-12T22:26:53Z
Bked9LWfcZCn5mgrJ,XonJWQhR97Hi63YhH,9KzxEKjPduYiBoEvK,wTkoSRidgpmvxyjAP,5F2moNvN32P2kGoa9,2021-11-12T22:26:53Z
9NLsRJW9sqJRQ6jDS,XonJWQhR97Hi63YhH,AnLPrjGHwQcnJAJx6,wTkoSRidgpmvxyjAP,5F2moNvN32P2kGoa9,2021-11-12T22:26:53Z
rCricnkaTZTwrd29n,XonJWQhR97Hi63YhH,9KzxEKjPduYiBoEvK,tDakbCC2ha3nkjtzM,5F2moNvN32P2kGoa9,2021-11-12T22:26:53Z
cieecXaWTWiWJ7WMw,XonJWQhR97Hi63YhH,AnLPrjGHwQcnJAJx6,tDakbCC2ha3nkjtzM,5F2moNvN32P2kGoa9,2021-11-12T22:26:53Z
RADHnT5HNptPAgatb,XonJWQhR97Hi63YhH,9KzxEKjPduYiBoEvK,n6HnF6TYnwrkoWmJt,5F2moNvN32P2kGoa9,2021-11-12T22:26:53Z
qRcNTZ8Zd2sxQ8t5Y,XonJWQhR97Hi63YhH,AnLPrjGHwQcnJAJx6,n6HnF6TYnwrkoWmJt,5F2moNvN32P2kGoa9,2021-11-12T22:26:53Z
xpNRPChQqYZPmYaQM,m8hxxg8h9JKLRTBPD,TTWhjiteFtwN9552j,bkwXndiCq5SWrzQ6C,HyGtCYGnkTLGJhndS,2021-11-12T22:30:10Z
CXNeJAHfpjP5GeKEB,m8hxxg8h9JKLRTBPD,XhqREEJtcdPQkLHMZ,bkwXndiCq5SWrzQ6C,HyGtCYGnkTLGJhndS,2021-11-12T22:30:10Z
9CigRoXYYNmCb3HAQ,m8hxxg8h9JKLRTBPD,TTWhjiteFtwN9552j,Mnu88nTyJeJYHpRor,HyGtCYGnkTLGJhndS,2021-11-12T22:30:10Z
zBwTwfmzvqGGzhM3e,m8hxxg8h9JKLRTBPD,XhqREEJtcdPQkLHMZ,Mnu88nTyJeJYHpRor,HyGtCYGnkTLGJhndS,2021-11-12T22:30:10Z
bafQmY6Adb6MZwKXi,m8hxxg8h9JKLRTBPD,TTWhjiteFtwN9552j,D43qhisnQnAn9C543,HyGtCYGnkTLGJhndS,2021-11-12T22:30:10Z
tdDhZ2tjF8phv3byi,m8hxxg8h9JKLRTBPD,XhqREEJtcdPQkLHMZ,D43qhisnQnAn9C543,HyGtCYGnkTLGJhndS,2021-11-12T22:30:10Z
TaLYs433jDDsMxLqP,m8hxxg8h9JKLRTBPD,TTWhjiteFtwN9552j,tnAQXPn7DpGNocL3o,HyGtCYGnkTLGJhndS,2021-11-12T22:30:10Z
an4CemS5GTEwt9DAr,m8hxxg8h9JKLRTBPD,XhqREEJtcdPQkLHMZ,tnAQXPn7DpGNocL3o,HyGtCYGnkTLGJhndS,2021-11-12T22:30:10Z
rtjWgPXyyKzhCMCRi,m8hxxg8h9JKLRTBPD,TTWhjiteFtwN9552j,sMwudvh8vSsiK3aLi,HyGtCYGnkTLGJhndS,2021-11-12T22:30:10Z
t4RjAhhzhsRHhqCzF,m8hxxg8h9JKLRTBPD,XhqREEJtcdPQkLHMZ,sMwudvh8vSsiK3aLi,HyGtCYGnkTLGJhndS,2021-11-12T22:30:10Z
Sjq6arc3mmtYLveDh,m8hxxg8h9JKLRTBPD,TTWhjiteFtwN9552j,iaqsH5NChvgoYosdv,HyGtCYGnkTLGJhndS,2021-11-12T22:30:10Z
WybxG4ryg9Gcv8D2y,m8hxxg8h9JKLRTBPD,XhqREEJtcdPQkLHMZ,iaqsH5NChvgoYosdv,HyGtCYGnkTLGJhndS,2021-11-12T22:30:10Z
kjYE2NuJ5yXsXd5TP,m8hxxg8h9JKLRTBPD,TTWhjiteFtwN9552j,jrQFGSS7yxnAaTTxZ,HyGtCYGnkTLGJhndS,2021-11-12T22:30:10Z
QEEWgGhF8JaCLrBqQ,m8hxxg8h9JKLRTBPD,XhqREEJtcdPQkLHMZ,jrQFGSS7yxnAaTTxZ,HyGtCYGnkTLGJhndS,2021-11-12T22:30:10Z
BJ38A8nRtaa98JqaQ,m8hxxg8h9JKLRTBPD,TTWhjiteFtwN9552j,jmxr26JDqhiouNSH7,HyGtCYGnkTLGJhndS,2021-11-12T22:30:10Z
xJy98rj7h9L6znydP,m8hxxg8h9JKLRTBPD,XhqREEJtcdPQkLHMZ,jmxr26JDqhiouNSH7,HyGtCYGnkTLGJhndS,2021-11-12T22:30:10Z
LkBxbAPS3AQoSpjeQ,m8hxxg8h9JKLRTBPD,TTWhjiteFtwN9552j,qQjuSq2ud2umjX7vs,HyGtCYGnkTLGJhndS,2021-11-12T22:30:10Z
pKpsWNiY5uynXS59s,m8hxxg8h9JKLRTBPD,XhqREEJtcdPQkLHMZ,qQjuSq2ud2umjX7vs,HyGtCYGnkTLGJhndS,2021-11-12T22:30:10Z
xGxi6Q5hZnimW3HrB,m8hxxg8h9JKLRTBPD,TTWhjiteFtwN9552j,jCNPXNK4JPFANFvqY,HyGtCYGnkTLGJhndS,2021-11-12T22:30:10Z
4PtpPmvAFvrFZkHHw,m8hxxg8h9JKLRTBPD,XhqREEJtcdPQkLHMZ,jCNPXNK4JPFANFvqY,HyGtCYGnkTLGJhndS,2021-11-12T22:30:10Z
sk2FenXoF8ZxLKwN5,m8hxxg8h9JKLRTBPD,TTWhjiteFtwN9552j,8Fd22zr2uNLHbhiZ8,HyGtCYGnkTLGJhndS,2021-11-12T22:30:10Z
WpGdCCDEAa5dZMRab,m8hxxg8h9JKLRTBPD,XhqREEJtcdPQkLHMZ,8Fd22zr2uNLHbhiZ8,HyGtCYGnkTLGJhndS,2021-11-12T22:30:10Z
Swg58oBPDqCuLYwAd,m8hxxg8h9JKLRTBPD,TTWhjiteFtwN9552j,hvyxCJKNMBdr3JBqy,HyGtCYGnkTLGJhndS,2021-11-12T22:30:10Z
TaFYYWTAjuYXzd8kT,m8hxxg8h9JKLRTBPD,XhqREEJtcdPQkLHMZ,hvyxCJKNMBdr3JBqy,HyGtCYGnkTLGJhndS,2021-11-12T22:30:10Z
D7LRdaZkDfLabtQ4D,m8hxxg8h9JKLRTBPD,TTWhjiteFtwN9552j,YmDTL2Zr8HcTjCPYo,HyGtCYGnkTLGJhndS,2021-11-12T22:30:10Z
42cixXcMzbetefBHJ,m8hxxg8h9JKLRTBPD,XhqREEJtcdPQkLHMZ,YmDTL2Zr8HcTjCPYo,HyGtCYGnkTLGJhndS,2021-11-12T22:30:10Z
oNuXAaoDwNf76Svp8,m8hxxg8h9JKLRTBPD,TTWhjiteFtwN9552j,4YFSu7bRBMm7M4Bsm,HyGtCYGnkTLGJhndS,2021-11-12T22:30:10Z
RyvxEz4wzgrzHgnwc,m8hxxg8h9JKLRTBPD,XhqREEJtcdPQkLHMZ,4YFSu7bRBMm7M4Bsm,HyGtCYGnkTLGJhndS,2021-11-12T22:30:10Z
qzGSassPSEigpLJap,m8hxxg8h9JKLRTBPD,TTWhjiteFtwN9552j,oTYoZGCbLrYkBjms3,HyGtCYGnkTLGJhndS,2021-11-12T22:30:10Z
2QR4efhAvs7R5x5M7,m8hxxg8h9JKLRTBPD,XhqREEJtcdPQkLHMZ,oTYoZGCbLrYkBjms3,HyGtCYGnkTLGJhndS,2021-11-12T22:30:10Z
WygWYXx67p6W4eJ2b,m8hxxg8h9JKLRTBPD,TTWhjiteFtwN9552j,rThFg6RabvrLZxYcR,HyGtCYGnkTLGJhndS,2021-11-12T22:30:10Z
ppkPmWcLhbte33DTW,m8hxxg8h9JKLRTBPD,XhqREEJtcdPQkLHMZ,rThFg6RabvrLZxYcR,HyGtCYGnkTLGJhndS,2021-11-12T22:30:10Z
GL7uzXCYyqFTXixas,m8hxxg8h9JKLRTBPD,TTWhjiteFtwN9552j,Z2wQpWo4npTr6Y7JJ,HyGtCYGnkTLGJhndS,2021-11-12T22:30:10Z
3LdRSAn6dxi7GH42Q,m8hxxg8h9JKLRTBPD,XhqREEJtcdPQkLHMZ,Z2wQpWo4npTr6Y7JJ,HyGtCYGnkTLGJhndS,2021-11-12T22:30:10Z
RQB3nDkB6y4PA8bjn,m8hxxg8h9JKLRTBPD,TTWhjiteFtwN9552j,XuibseC4zaN65e6AS,HyGtCYGnkTLGJhndS,2021-11-12T22:30:10Z
5P5ajfHGHmqeCdocc,m8hxxg8h9JKLRTBPD,XhqREEJtcdPQkLHMZ,XuibseC4zaN65e6AS,HyGtCYGnkTLGJhndS,2021-11-12T22:30:10Z
88XiKLz56jxNCM22Y,m8hxxg8h9JKLRTBPD,TTWhjiteFtwN9552j,ZRAS9dJyKgbw3zoFB,HyGtCYGnkTLGJhndS,2021-11-12T22:30:10Z
aFef8Xa2FRDmyFmmQ,m8hxxg8h9JKLRTBPD,XhqREEJtcdPQkLHMZ,ZRAS9dJyKgbw3zoFB,HyGtCYGnkTLGJhndS,2021-11-12T22:30:10Z
jtifYkj8zpFK6pW6H,m8hxxg8h9JKLRTBPD,TTWhjiteFtwN9552j,au8DrmNGwuceYHvPS,HyGtCYGnkTLGJhndS,2021-11-12T22:30:10Z
RqN2hxpK7cndCk4rp,m8hxxg8h9JKLRTBPD,XhqREEJtcdPQkLHMZ,au8DrmNGwuceYHvPS,HyGtCYGnkTLGJhndS,2021-11-12T22:30:10Z
6mjvhpA7T7tCMnux2,m8hxxg8h9JKLRTBPD,TTWhjiteFtwN9552j,HrHc3SWStskQCbkfP,HyGtCYGnkTLGJhndS,2021-11-12T22:30:10Z
6JbxixcYhyDbfwdzt,m8hxxg8h9JKLRTBPD,XhqREEJtcdPQkLHMZ,HrHc3SWStskQCbkfP,HyGtCYGnkTLGJhndS,2021-11-12T22:30:10Z
5cykYMcNpJZESpytk,m8hxxg8h9JKLRTBPD,TTWhjiteFtwN9552j,ybaKr5HAnzJygmwXi,HyGtCYGnkTLGJhndS,2021-11-12T22:30:10Z
bWcbEtjS79YruxYAH,m8hxxg8h9JKLRTBPD,XhqREEJtcdPQkLHMZ,ybaKr5HAnzJygmwXi,HyGtCYGnkTLGJhndS,2021-11-12T22:30:10Z
nGLN4Nf9FPuW2YTgz,m8hxxg8h9JKLRTBPD,TTWhjiteFtwN9552j,dWhptdW4NqBpzAvwP,HyGtCYGnkTLGJhndS,2021-11-12T22:30:10Z
RCdpo4PQ6P5bkdkfx,m8hxxg8h9JKLRTBPD,XhqREEJtcdPQkLHMZ,dWhptdW4NqBpzAvwP,HyGtCYGnkTLGJhndS,2021-11-12T22:30:10Z
FPBKNwHiDj3izmsZK,m8hxxg8h9JKLRTBPD,TTWhjiteFtwN9552j,ybzn987aTZ6TEobZo,HyGtCYGnkTLGJhndS,2021-11-12T22:30:10Z
pKBgmYewNCT4zbmjL,m8hxxg8h9JKLRTBPD,XhqREEJtcdPQkLHMZ,ybzn987aTZ6TEobZo,HyGtCYGnkTLGJhndS,2021-11-12T22:30:10Z
CPi6v5yn9ttQqGaJQ,m8hxxg8h9JKLRTBPD,TTWhjiteFtwN9552j,RsyZE26FM9DbF953v,HyGtCYGnkTLGJhndS,2021-11-12T22:30:10Z
4NMMznXXFJDxkGQb4,m8hxxg8h9JKLRTBPD,XhqREEJtcdPQkLHMZ,RsyZE26FM9DbF953v,HyGtCYGnkTLGJhndS,2021-11-12T22:30:10Z
dmhbZd8dwTvSeffnT,m8hxxg8h9JKLRTBPD,TTWhjiteFtwN9552j,3rfxcotcM4nSMCh8J,HyGtCYGnkTLGJhndS,2021-11-12T22:30:10Z
RMozycW2R8KBwDb9A,m8hxxg8h9JKLRTBPD,XhqREEJtcdPQkLHMZ,3rfxcotcM4nSMCh8J,HyGtCYGnkTLGJhndS,2021-11-12T22:30:10Z
Cv8GTirnwPevJzy7t,m8hxxg8h9JKLRTBPD,TTWhjiteFtwN9552j,kXrQzjZGnZwcR6Mmn,HyGtCYGnkTLGJhndS,2021-11-12T22:30:10Z
qEPJTWJHvuhybnjoC,m8hxxg8h9JKLRTBPD,XhqREEJtcdPQkLHMZ,kXrQzjZGnZwcR6Mmn,HyGtCYGnkTLGJhndS,2021-11-12T22:30:10Z
8iFkWZiZNdmwYg8JY,m8hxxg8h9JKLRTBPD,TTWhjiteFtwN9552j,9pBuMhJRhchAsFMh2,HyGtCYGnkTLGJhndS,2021-11-12T22:30:10Z
KpXga7m9uEf8v3gjA,m8hxxg8h9JKLRTBPD,XhqREEJtcdPQkLHMZ,9pBuMhJRhchAsFMh2,HyGtCYGnkTLGJhndS,2021-11-12T22:30:10Z
wXW69xXKhLpAyXEmm,m8hxxg8h9JKLRTBPD,TTWhjiteFtwN9552j,bEA3iKty6q9LusnL6,HyGtCYGnkTLGJhndS,2021-11-12T22:30:10Z
giHsR24Kzp7YsTXyS,m8hxxg8h9JKLRTBPD,XhqREEJtcdPQkLHMZ,bEA3iKty6q9LusnL6,HyGtCYGnkTLGJhndS,2021-11-12T22:30:10Z
QkkmAckJbnYmjZE4n,m8hxxg8h9JKLRTBPD,TTWhjiteFtwN9552j,Tof7QtcPHm5Ynf74E,HyGtCYGnkTLGJhndS,2021-11-12T22:30:10Z
dNnZ8G3oKwYtRnx3P,m8hxxg8h9JKLRTBPD,XhqREEJtcdPQkLHMZ,Tof7QtcPHm5Ynf74E,HyGtCYGnkTLGJhndS,2021-11-12T22:30:10Z
eW2Ray7gqmCDddRzu,m8hxxg8h9JKLRTBPD,TTWhjiteFtwN9552j,CeiECxTBtaCWAxJs4,HyGtCYGnkTLGJhndS,2021-11-12T22:30:10Z
5Ej2bYSibczukjyAr,m8hxxg8h9JKLRTBPD,XhqREEJtcdPQkLHMZ,CeiECxTBtaCWAxJs4,HyGtCYGnkTLGJhndS,2021-11-12T22:30:10Z
jvkBSnrFhuHkXkXrh,m8hxxg8h9JKLRTBPD,TTWhjiteFtwN9552j,z9t9xEhutW7JDasS5,HyGtCYGnkTLGJhndS,2021-11-12T22:30:10Z
29GTuHYrHtwd6JEc4,m8hxxg8h9JKLRTBPD,XhqREEJtcdPQkLHMZ,z9t9xEhutW7JDasS5,HyGtCYGnkTLGJhndS,2021-11-12T22:30:10Z
SkMDqrwqMQayZHzPf,m8hxxg8h9JKLRTBPD,TTWhjiteFtwN9552j,MZKpc2he2eF3piDvg,HyGtCYGnkTLGJhndS,2021-11-12T22:30:10Z
BhF5D4LBJRWH4GBhz,m8hxxg8h9JKLRTBPD,XhqREEJtcdPQkLHMZ,MZKpc2he2eF3piDvg,HyGtCYGnkTLGJhndS,2021-11-12T22:30:10Z
DArD54nhvC7Nq9879,m8hxxg8h9JKLRTBPD,TTWhjiteFtwN9552j,qFuJaXo2ehfxLH8c5,HyGtCYGnkTLGJhndS,2021-11-12T22:30:10Z
NHDm69m5vyLKX6gwA,m8hxxg8h9JKLRTBPD,XhqREEJtcdPQkLHMZ,qFuJaXo2ehfxLH8c5,HyGtCYGnkTLGJhndS,2021-11-12T22:30:10Z
GbGe9qWwh4Kgf8rke,m8hxxg8h9JKLRTBPD,TTWhjiteFtwN9552j,mtCd9i8BK9FZ3ZGmJ,HyGtCYGnkTLGJhndS,2021-11-12T22:30:10Z
ANJnQBvoHpJbNXHcg,m8hxxg8h9JKLRTBPD,XhqREEJtcdPQkLHMZ,mtCd9i8BK9FZ3ZGmJ,HyGtCYGnkTLGJhndS,2021-11-12T22:30:10Z
vHRS3rHbNy94krNgi,m8hxxg8h9JKLRTBPD,TTWhjiteFtwN9552j,hqKaLQSJzcogRHiSW,HyGtCYGnkTLGJhndS,2021-11-12T22:30:10Z
Ji6GCAZaftxNWHYTB,m8hxxg8h9JKLRTBPD,XhqREEJtcdPQkLHMZ,hqKaLQSJzcogRHiSW,HyGtCYGnkTLGJhndS,2021-11-12T22:30:10Z
Z8BKApeuLMeFuYbab,m8hxxg8h9JKLRTBPD,TTWhjiteFtwN9552j,2jLF5yeZquDM5W7DE,HyGtCYGnkTLGJhndS,2021-11-12T22:30:10Z
ykbNQEDAtSKsMNHxh,m8hxxg8h9JKLRTBPD,XhqREEJtcdPQkLHMZ,2jLF5yeZquDM5W7DE,HyGtCYGnkTLGJhndS,2021-11-12T22:30:10Z
KcmrHXhYQjDij6G8z,m8hxxg8h9JKLRTBPD,TTWhjiteFtwN9552j,cm8QyxAhtEc4Z7qaL,HyGtCYGnkTLGJhndS,2021-11-12T22:30:10Z
KKNHjEb5SFzZmf2j5,m8hxxg8h9JKLRTBPD,XhqREEJtcdPQkLHMZ,cm8QyxAhtEc4Z7qaL,HyGtCYGnkTLGJhndS,2021-11-12T22:30:10Z
z2FY7Z9rLggPBQNoB,m8hxxg8h9JKLRTBPD,TTWhjiteFtwN9552j,XRmGTk8r2ra3aoJub,HyGtCYGnkTLGJhndS,2021-11-12T22:30:10Z
9c3WenHkcvgcHSsL3,m8hxxg8h9JKLRTBPD,XhqREEJtcdPQkLHMZ,XRmGTk8r2ra3aoJub,HyGtCYGnkTLGJhndS,2021-11-12T22:30:10Z
RmZRQDycGjaHPm4DN,m8hxxg8h9JKLRTBPD,TTWhjiteFtwN9552j,k6XekvWj6iF9KSwQQ,HyGtCYGnkTLGJhndS,2021-11-12T22:30:10Z
chDdRMN3eYzNjgvhs,m8hxxg8h9JKLRTBPD,XhqREEJtcdPQkLHMZ,k6XekvWj6iF9KSwQQ,HyGtCYGnkTLGJhndS,2021-11-12T22:30:10Z
