_id,gameId,AA.p1,AA.p2,AB.p1,AB.p2,BA.p1,BA.p2,BB.p1,BB.p2,repNum,playerId,payoff,response,role,time,box_A,box_B,AA,AB,BA,BB
ZtJ44Tkw4EEELTn34,oKZdwR7zw8Yvj25wT,7,6,0,0,0,0,6,7,0,BSeugNZYoKLcMPEym,6,A,p2,18.134,green-crate,orange-crate,6,0,0,7
cTAYqzzsPDzNBHqrh,oKZdwR7zw8Yvj25wT,8,2,0,0,0,0,2,8,1,BSeugNZYoKLcMPEym,0,A,p2,13.927,pink-crate,yellow-crate,2,0,0,8
XdY8sJg5XaGhDMYHs,oKZdwR7zw8Yvj25wT,7,4,0,0,0,0,4,7,2,BSeugNZYoKLcMPEym,7,B,p2,8.342,purple-crate,yellow-crate,4,0,0,7
4cFyM5eNsSsstL8jQ,oKZdwR7zw8Yvj25wT,9,8,0,0,0,0,8,9,3,BSeugNZYoKLcMPEym,8,A,p2,7.101,purple-crate,yellow-crate,8,0,0,9
FTxtzJ7rfwyTsT7hA,oKZdwR7zw8Yvj25wT,6,2,0,0,0,0,2,6,4,BSeugNZYoKLcMPEym,0,B,p2,6.149,green-crate,blue-crate,2,0,0,6
RSo2CFjBjBSRBoxkC,oKZdwR7zw8Yvj25wT,6,5,0,0,0,0,5,6,5,BSeugNZYoKLcMPEym,6,B,p2,4.069,blue-crate,purple-crate,5,0,0,6
bQPm8SNimhrCweKHj,oKZdwR7zw8Yvj25wT,9,4,0,0,0,0,4,9,6,BSeugNZYoKLcMPEym,9,B,p2,3.628,crate,pink-crate,4,0,0,9
Xw3NW7biCpRkZAphi,oKZdwR7zw8Yvj25wT,5,4,0,0,0,0,4,5,7,BSeugNZYoKLcMPEym,0,B,p2,3.456,yellow-crate,green-crate,4,0,0,5
nor4d5qbArWgbm69B,oKZdwR7zw8Yvj25wT,5,2,0,0,0,0,2,5,8,BSeugNZYoKLcMPEym,0,B,p2,3.475,aqua-crate,yellow-crate,2,0,0,5
ePFwR9bZ2Mbr3hbTJ,oKZdwR7zw8Yvj25wT,5,3,0,0,0,0,3,5,9,BSeugNZYoKLcMPEym,5,B,p2,3.95,green-crate,pink-crate,3,0,0,5
5zXSBEk6joF2qYwiZ,oKZdwR7zw8Yvj25wT,5,4,0,0,0,0,4,5,10,BSeugNZYoKLcMPEym,0,B,p2,3.679,blue-crate,orange-crate,4,0,0,5
iDMoTgCqfKbkSqLTb,oKZdwR7zw8Yvj25wT,9,6,0,0,0,0,6,9,11,BSeugNZYoKLcMPEym,0,B,p2,3.633,pink-crate,aqua-crate,6,0,0,9
smK7e9NxjBfbCdE2s,oKZdwR7zw8Yvj25wT,6,4,0,0,0,0,4,6,12,BSeugNZYoKLcMPEym,0,A,p2,3.51,blue-crate,yellow-crate,4,0,0,6
EjarsCoE6FPmmSbRJ,oKZdwR7zw8Yvj25wT,9,5,0,0,0,0,5,9,13,BSeugNZYoKLcMPEym,9,B,p2,3.731,crate,blue-crate,5,0,0,9
tNBaHeCxwEscsGAtw,oKZdwR7zw8Yvj25wT,6,5,0,0,0,0,5,6,14,BSeugNZYoKLcMPEym,0,B,p2,3.652,yellow-crate,aqua-crate,5,0,0,6
KB2u9hcuskDMQK3jk,oKZdwR7zw8Yvj25wT,7,4,0,0,0,0,4,7,15,BSeugNZYoKLcMPEym,0,A,p2,3.387,orange-crate,crate,4,0,0,7
if4axdNpw4NBGEagH,oKZdwR7zw8Yvj25wT,3,2,0,0,0,0,2,3,16,BSeugNZYoKLcMPEym,2,A,p2,3.466,aqua-crate,blue-crate,2,0,0,3
EohMnCcnaJksTMoGi,oKZdwR7zw8Yvj25wT,9,8,0,0,0,0,8,9,17,BSeugNZYoKLcMPEym,8,A,p2,4.297,yellow-crate,green-crate,8,0,0,9
LPWXtYnAtydfz8TgT,oKZdwR7zw8Yvj25wT,5,3,0,0,0,0,3,5,18,BSeugNZYoKLcMPEym,5,B,p2,3.927,orange-crate,pink-crate,3,0,0,5
wfdxBWkiifBFgYKWE,oKZdwR7zw8Yvj25wT,6,5,0,0,0,0,5,6,19,BSeugNZYoKLcMPEym,0,A,p2,3.829,crate,purple-crate,5,0,0,6
r6AHPXwBuPdGAvtgE,oKZdwR7zw8Yvj25wT,8,4,0,0,0,0,4,8,20,BSeugNZYoKLcMPEym,0,A,p2,4.147,crate,pink-crate,4,0,0,8
4w4DEj8LowNCSTZYn,oKZdwR7zw8Yvj25wT,7,3,0,0,0,0,3,7,21,BSeugNZYoKLcMPEym,3,A,p2,3.384,green-crate,blue-crate,3,0,0,7
CJE7qwKGb6J96Pow3,oKZdwR7zw8Yvj25wT,7,2,0,0,0,0,2,7,22,BSeugNZYoKLcMPEym,0,B,p2,4.907,crate,green-crate,2,0,0,7
pGcxXZriJnCy3Rmje,oKZdwR7zw8Yvj25wT,6,4,0,0,0,0,4,6,23,BSeugNZYoKLcMPEym,0,B,p2,5.429,yellow-crate,blue-crate,4,0,0,6
Zw4PEYZewu3yyK7eo,oKZdwR7zw8Yvj25wT,6,5,0,0,0,0,5,6,24,BSeugNZYoKLcMPEym,0,A,p2,4.468,yellow-crate,aqua-crate,5,0,0,6
XitQQ2Xd5oqRPA6Wh,oKZdwR7zw8Yvj25wT,9,2,0,0,0,0,2,9,25,BSeugNZYoKLcMPEym,0,A,p2,3.101,pink-crate,aqua-crate,2,0,0,9
bfLBLW9DpTMMwo7Sp,oKZdwR7zw8Yvj25wT,9,4,0,0,0,0,4,9,26,BSeugNZYoKLcMPEym,0,B,p2,3.678,orange-crate,blue-crate,4,0,0,9
opGeWsYmpRFFdk3yh,oKZdwR7zw8Yvj25wT,9,8,0,0,0,0,8,9,27,BSeugNZYoKLcMPEym,8,A,p2,3.468,yellow-crate,pink-crate,8,0,0,9
rcXKYtjoJNtq4cRYQ,oKZdwR7zw8Yvj25wT,9,7,0,0,0,0,7,9,28,BSeugNZYoKLcMPEym,9,B,p2,3.649,crate,blue-crate,7,0,0,9
t5sL9yhyz34H5B6zX,oKZdwR7zw8Yvj25wT,5,2,0,0,0,0,2,5,29,BSeugNZYoKLcMPEym,5,B,p2,3.399,crate,orange-crate,2,0,0,5
z8ZpHysZMBtCE3aLQ,oKZdwR7zw8Yvj25wT,4,2,0,0,0,0,2,4,30,BSeugNZYoKLcMPEym,2,A,p2,3.374,yellow-crate,pink-crate,2,0,0,4
9tykeCqGJXTyTotq4,oKZdwR7zw8Yvj25wT,5,4,0,0,0,0,4,5,31,BSeugNZYoKLcMPEym,4,A,p2,3.704,blue-crate,crate,4,0,0,5
MLSwEhHbZHTsc7AJH,oKZdwR7zw8Yvj25wT,8,7,0,0,0,0,7,8,32,BSeugNZYoKLcMPEym,0,B,p2,3.917,purple-crate,green-crate,7,0,0,8
8pPJ2ijGttYtaLELR,oKZdwR7zw8Yvj25wT,9,4,0,0,0,0,4,9,33,BSeugNZYoKLcMPEym,0,A,p2,3.464,orange-crate,aqua-crate,4,0,0,9
7ioPb9JwGjJmXDiPz,oKZdwR7zw8Yvj25wT,8,3,0,0,0,0,3,8,34,BSeugNZYoKLcMPEym,0,B,p2,3.564,green-crate,crate,3,0,0,8
mr9r9o6TmjRkDL2um,oKZdwR7zw8Yvj25wT,8,7,0,0,0,0,7,8,35,BSeugNZYoKLcMPEym,7,A,p2,3.436,crate,purple-crate,7,0,0,8
ui2g9i6FLtbDf2Gb5,oKZdwR7zw8Yvj25wT,6,2,0,0,0,0,2,6,36,BSeugNZYoKLcMPEym,6,B,p2,3.517,orange-crate,aqua-crate,2,0,0,6
TiJu4zQepFfCZtZdT,oKZdwR7zw8Yvj25wT,9,8,0,0,0,0,8,9,37,BSeugNZYoKLcMPEym,0,A,p2,3.566,orange-crate,green-crate,8,0,0,9
GynLxyckQ5uwMHxa2,oKZdwR7zw8Yvj25wT,6,3,0,0,0,0,3,6,38,BSeugNZYoKLcMPEym,0,A,p2,3.645,green-crate,purple-crate,3,0,0,6
C5YTn8utcKJfANeiq,oKZdwR7zw8Yvj25wT,7,3,0,0,0,0,3,7,39,BSeugNZYoKLcMPEym,0,B,p2,3.602,yellow-crate,green-crate,3,0,0,7
ZtJ44Tkw4EEELTn34,oKZdwR7zw8Yvj25wT,7,6,0,0,0,0,6,7,0,Dd3H5DvYdDQJGCaXP,7,A,p1,17.039,green-crate,orange-crate,7,0,0,6
cTAYqzzsPDzNBHqrh,oKZdwR7zw8Yvj25wT,8,2,0,0,0,0,2,8,1,Dd3H5DvYdDQJGCaXP,0,B,p1,12.019,pink-crate,yellow-crate,8,0,0,2
XdY8sJg5XaGhDMYHs,oKZdwR7zw8Yvj25wT,7,4,0,0,0,0,4,7,2,Dd3H5DvYdDQJGCaXP,4,B,p1,6.339,purple-crate,yellow-crate,7,0,0,4
4cFyM5eNsSsstL8jQ,oKZdwR7zw8Yvj25wT,9,8,0,0,0,0,8,9,3,Dd3H5DvYdDQJGCaXP,9,A,p1,5.032,purple-crate,yellow-crate,9,0,0,8
FTxtzJ7rfwyTsT7hA,oKZdwR7zw8Yvj25wT,6,2,0,0,0,0,2,6,4,Dd3H5DvYdDQJGCaXP,0,A,p1,5.911,green-crate,blue-crate,6,0,0,2
RSo2CFjBjBSRBoxkC,oKZdwR7zw8Yvj25wT,6,5,0,0,0,0,5,6,5,Dd3H5DvYdDQJGCaXP,5,B,p1,4.609,blue-crate,purple-crate,6,0,0,5
bQPm8SNimhrCweKHj,oKZdwR7zw8Yvj25wT,9,4,0,0,0,0,4,9,6,Dd3H5DvYdDQJGCaXP,4,B,p1,4.561,crate,pink-crate,9,0,0,4
Xw3NW7biCpRkZAphi,oKZdwR7zw8Yvj25wT,5,4,0,0,0,0,4,5,7,Dd3H5DvYdDQJGCaXP,0,A,p1,2.617,yellow-crate,green-crate,5,0,0,4
nor4d5qbArWgbm69B,oKZdwR7zw8Yvj25wT,5,2,0,0,0,0,2,5,8,Dd3H5DvYdDQJGCaXP,0,A,p1,2.248,aqua-crate,yellow-crate,5,0,0,2
ePFwR9bZ2Mbr3hbTJ,oKZdwR7zw8Yvj25wT,5,3,0,0,0,0,3,5,9,Dd3H5DvYdDQJGCaXP,3,B,p1,2.536,green-crate,pink-crate,5,0,0,3
5zXSBEk6joF2qYwiZ,oKZdwR7zw8Yvj25wT,5,4,0,0,0,0,4,5,10,Dd3H5DvYdDQJGCaXP,0,A,p1,2.591,blue-crate,orange-crate,5,0,0,4
iDMoTgCqfKbkSqLTb,oKZdwR7zw8Yvj25wT,9,6,0,0,0,0,6,9,11,Dd3H5DvYdDQJGCaXP,0,A,p1,2.333,pink-crate,aqua-crate,9,0,0,6
smK7e9NxjBfbCdE2s,oKZdwR7zw8Yvj25wT,6,4,0,0,0,0,4,6,12,Dd3H5DvYdDQJGCaXP,0,B,p1,2.636,blue-crate,yellow-crate,6,0,0,4
EjarsCoE6FPmmSbRJ,oKZdwR7zw8Yvj25wT,9,5,0,0,0,0,5,9,13,Dd3H5DvYdDQJGCaXP,5,B,p1,2.48,crate,blue-crate,9,0,0,5
tNBaHeCxwEscsGAtw,oKZdwR7zw8Yvj25wT,6,5,0,0,0,0,5,6,14,Dd3H5DvYdDQJGCaXP,0,A,p1,2.625,yellow-crate,aqua-crate,6,0,0,5
KB2u9hcuskDMQK3jk,oKZdwR7zw8Yvj25wT,7,4,0,0,0,0,4,7,15,Dd3H5DvYdDQJGCaXP,0,B,p1,3.482,orange-crate,crate,7,0,0,4
if4axdNpw4NBGEagH,oKZdwR7zw8Yvj25wT,3,2,0,0,0,0,2,3,16,Dd3H5DvYdDQJGCaXP,3,A,p1,4.464,aqua-crate,blue-crate,3,0,0,2
EohMnCcnaJksTMoGi,oKZdwR7zw8Yvj25wT,9,8,0,0,0,0,8,9,17,Dd3H5DvYdDQJGCaXP,9,A,p1,4.676,yellow-crate,green-crate,9,0,0,8
LPWXtYnAtydfz8TgT,oKZdwR7zw8Yvj25wT,5,3,0,0,0,0,3,5,18,Dd3H5DvYdDQJGCaXP,3,B,p1,5.16,orange-crate,pink-crate,5,0,0,3
wfdxBWkiifBFgYKWE,oKZdwR7zw8Yvj25wT,6,5,0,0,0,0,5,6,19,Dd3H5DvYdDQJGCaXP,0,B,p1,5.456,crate,purple-crate,6,0,0,5
r6AHPXwBuPdGAvtgE,oKZdwR7zw8Yvj25wT,8,4,0,0,0,0,4,8,20,Dd3H5DvYdDQJGCaXP,0,B,p1,2.833,crate,pink-crate,8,0,0,4
4w4DEj8LowNCSTZYn,oKZdwR7zw8Yvj25wT,7,3,0,0,0,0,3,7,21,Dd3H5DvYdDQJGCaXP,7,A,p1,3.921,green-crate,blue-crate,7,0,0,3
CJE7qwKGb6J96Pow3,oKZdwR7zw8Yvj25wT,7,2,0,0,0,0,2,7,22,Dd3H5DvYdDQJGCaXP,0,A,p1,2.63,crate,green-crate,7,0,0,2
pGcxXZriJnCy3Rmje,oKZdwR7zw8Yvj25wT,6,4,0,0,0,0,4,6,23,Dd3H5DvYdDQJGCaXP,0,A,p1,3.949,yellow-crate,blue-crate,6,0,0,4
Zw4PEYZewu3yyK7eo,oKZdwR7zw8Yvj25wT,6,5,0,0,0,0,5,6,24,Dd3H5DvYdDQJGCaXP,0,B,p1,4.27,yellow-crate,aqua-crate,6,0,0,5
XitQQ2Xd5oqRPA6Wh,oKZdwR7zw8Yvj25wT,9,2,0,0,0,0,2,9,25,Dd3H5DvYdDQJGCaXP,0,B,p1,5.315,pink-crate,aqua-crate,9,0,0,2
bfLBLW9DpTMMwo7Sp,oKZdwR7zw8Yvj25wT,9,4,0,0,0,0,4,9,26,Dd3H5DvYdDQJGCaXP,0,A,p1,2.646,orange-crate,blue-crate,9,0,0,4
opGeWsYmpRFFdk3yh,oKZdwR7zw8Yvj25wT,9,8,0,0,0,0,8,9,27,Dd3H5DvYdDQJGCaXP,9,A,p1,2.916,yellow-crate,pink-crate,9,0,0,8
rcXKYtjoJNtq4cRYQ,oKZdwR7zw8Yvj25wT,9,7,0,0,0,0,7,9,28,Dd3H5DvYdDQJGCaXP,7,B,p1,3.203,crate,blue-crate,9,0,0,7
t5sL9yhyz34H5B6zX,oKZdwR7zw8Yvj25wT,5,2,0,0,0,0,2,5,29,Dd3H5DvYdDQJGCaXP,2,B,p1,2.361,crate,orange-crate,5,0,0,2
z8ZpHysZMBtCE3aLQ,oKZdwR7zw8Yvj25wT,4,2,0,0,0,0,2,4,30,Dd3H5DvYdDQJGCaXP,4,A,p1,2.393,yellow-crate,pink-crate,4,0,0,2
9tykeCqGJXTyTotq4,oKZdwR7zw8Yvj25wT,5,4,0,0,0,0,4,5,31,Dd3H5DvYdDQJGCaXP,5,A,p1,2.668,blue-crate,crate,5,0,0,4
MLSwEhHbZHTsc7AJH,oKZdwR7zw8Yvj25wT,8,7,0,0,0,0,7,8,32,Dd3H5DvYdDQJGCaXP,0,A,p1,2.257,purple-crate,green-crate,8,0,0,7
8pPJ2ijGttYtaLELR,oKZdwR7zw8Yvj25wT,9,4,0,0,0,0,4,9,33,Dd3H5DvYdDQJGCaXP,0,B,p1,3.332,orange-crate,aqua-crate,9,0,0,4
7ioPb9JwGjJmXDiPz,oKZdwR7zw8Yvj25wT,8,3,0,0,0,0,3,8,34,Dd3H5DvYdDQJGCaXP,0,A,p1,2.931,green-crate,crate,8,0,0,3
mr9r9o6TmjRkDL2um,oKZdwR7zw8Yvj25wT,8,7,0,0,0,0,7,8,35,Dd3H5DvYdDQJGCaXP,8,A,p1,2.482,crate,purple-crate,8,0,0,7
ui2g9i6FLtbDf2Gb5,oKZdwR7zw8Yvj25wT,6,2,0,0,0,0,2,6,36,Dd3H5DvYdDQJGCaXP,2,B,p1,2.39,orange-crate,aqua-crate,6,0,0,2
TiJu4zQepFfCZtZdT,oKZdwR7zw8Yvj25wT,9,8,0,0,0,0,8,9,37,Dd3H5DvYdDQJGCaXP,0,B,p1,2.482,orange-crate,green-crate,9,0,0,8
GynLxyckQ5uwMHxa2,oKZdwR7zw8Yvj25wT,6,3,0,0,0,0,3,6,38,Dd3H5DvYdDQJGCaXP,0,B,p1,2.701,green-crate,purple-crate,6,0,0,3
C5YTn8utcKJfANeiq,oKZdwR7zw8Yvj25wT,7,3,0,0,0,0,3,7,39,Dd3H5DvYdDQJGCaXP,0,A,p1,2.56,yellow-crate,green-crate,7,0,0,3
TRP8Fc6pW7WPct42e,6w3xMe8Sxid7QQYjy,8,4,0,0,0,0,4,8,0,b7yQYd9yFDjGvqD5x,4,B,p1,7.506,aqua-crate,purple-crate,8,0,0,4
qpnJp6nHeaXbg7Xin,6w3xMe8Sxid7QQYjy,4,3,0,0,0,0,3,4,1,b7yQYd9yFDjGvqD5x,0,A,p1,7.418,yellow-crate,purple-crate,4,0,0,3
NNG3vMwsZanqyTj3j,6w3xMe8Sxid7QQYjy,9,2,0,0,0,0,2,9,2,b7yQYd9yFDjGvqD5x,2,B,p1,10.178,purple-crate,crate,9,0,0,2
x5ea8woP35iAXjQt4,6w3xMe8Sxid7QQYjy,5,3,0,0,0,0,3,5,3,b7yQYd9yFDjGvqD5x,5,A,p1,2.612,orange-crate,crate,5,0,0,3
TGzmf4EBMoWfzcaKj,6w3xMe8Sxid7QQYjy,4,2,0,0,0,0,2,4,4,b7yQYd9yFDjGvqD5x,2,B,p1,3.064,crate,yellow-crate,4,0,0,2
gqkx39HurcMCEeX9f,6w3xMe8Sxid7QQYjy,9,5,0,0,0,0,5,9,5,b7yQYd9yFDjGvqD5x,0,A,p1,4.521,green-crate,crate,9,0,0,5
pJMP5KJj4cipy78Q2,6w3xMe8Sxid7QQYjy,7,3,0,0,0,0,3,7,6,b7yQYd9yFDjGvqD5x,3,B,p1,2.869,purple-crate,aqua-crate,7,0,0,3
Jm3bkpZANxaE66L3z,6w3xMe8Sxid7QQYjy,5,2,0,0,0,0,2,5,7,b7yQYd9yFDjGvqD5x,2,B,p1,3.303,green-crate,blue-crate,5,0,0,2
5xa3aPkgSAizgnE4A,6w3xMe8Sxid7QQYjy,7,2,0,0,0,0,2,7,8,b7yQYd9yFDjGvqD5x,0,A,p1,3.262,green-crate,aqua-crate,7,0,0,2
brWCwMuWFtu2KsMKj,6w3xMe8Sxid7QQYjy,9,7,0,0,0,0,7,9,9,b7yQYd9yFDjGvqD5x,0,A,p1,4.088,yellow-crate,aqua-crate,9,0,0,7
WHHNQz4LdTpyW2rCL,6w3xMe8Sxid7QQYjy,7,3,0,0,0,0,3,7,10,b7yQYd9yFDjGvqD5x,0,A,p1,2.389,purple-crate,yellow-crate,7,0,0,3
5ee3AEboqaymcWmhR,6w3xMe8Sxid7QQYjy,3,2,0,0,0,0,2,3,11,b7yQYd9yFDjGvqD5x,2,B,p1,1.762,pink-crate,purple-crate,3,0,0,2
zz3p3GMJ8sGKDhHh3,6w3xMe8Sxid7QQYjy,8,7,0,0,0,0,7,8,12,b7yQYd9yFDjGvqD5x,0,A,p1,3.227,orange-crate,aqua-crate,8,0,0,7
DaRbjjXLwYZSDnGFw,6w3xMe8Sxid7QQYjy,5,3,0,0,0,0,3,5,13,b7yQYd9yFDjGvqD5x,0,A,p1,1.988,yellow-crate,purple-crate,5,0,0,3
wBuXWCPuG7rkEdCBD,6w3xMe8Sxid7QQYjy,7,6,0,0,0,0,6,7,14,b7yQYd9yFDjGvqD5x,6,B,p1,2.526,purple-crate,yellow-crate,7,0,0,6
cveEasofFtLNgnLsF,6w3xMe8Sxid7QQYjy,7,4,0,0,0,0,4,7,15,b7yQYd9yFDjGvqD5x,0,A,p1,2.054,yellow-crate,aqua-crate,7,0,0,4
cTKgdBdanPXcX74tM,6w3xMe8Sxid7QQYjy,8,2,0,0,0,0,2,8,16,b7yQYd9yFDjGvqD5x,8,A,p1,2.84,purple-crate,aqua-crate,8,0,0,2
ZJhLjxmRrp4nHLu84,6w3xMe8Sxid7QQYjy,6,5,0,0,0,0,5,6,17,b7yQYd9yFDjGvqD5x,0,B,p1,1.612,aqua-crate,blue-crate,6,0,0,5
F2T73SvkunSFJSjXM,6w3xMe8Sxid7QQYjy,8,4,0,0,0,0,4,8,18,b7yQYd9yFDjGvqD5x,0,A,p1,2.84,purple-crate,orange-crate,8,0,0,4
bAFpf4ju7oaKFdQAc,6w3xMe8Sxid7QQYjy,9,7,0,0,0,0,7,9,19,b7yQYd9yFDjGvqD5x,7,B,p1,1.255,orange-crate,yellow-crate,9,0,0,7
wfqaxuCsALWSK3eqN,6w3xMe8Sxid7QQYjy,7,5,0,0,0,0,5,7,20,b7yQYd9yFDjGvqD5x,5,B,p1,1.308,green-crate,yellow-crate,7,0,0,5
Z543w8SGe4hbfN9pE,6w3xMe8Sxid7QQYjy,7,2,0,0,0,0,2,7,21,b7yQYd9yFDjGvqD5x,0,A,p1,2.577,yellow-crate,orange-crate,7,0,0,2
QjSYdEsZJ33tLpfWt,6w3xMe8Sxid7QQYjy,5,3,0,0,0,0,3,5,22,b7yQYd9yFDjGvqD5x,0,A,p1,2.642,blue-crate,yellow-crate,5,0,0,3
toLA8DR4wgkYR9EJj,6w3xMe8Sxid7QQYjy,9,4,0,0,0,0,4,9,23,b7yQYd9yFDjGvqD5x,0,A,p1,2.067,purple-crate,blue-crate,9,0,0,4
znQeT4Cso8G27dcuC,6w3xMe8Sxid7QQYjy,6,3,0,0,0,0,3,6,24,b7yQYd9yFDjGvqD5x,3,B,p1,2.46,aqua-crate,yellow-crate,6,0,0,3
rxHhN4cSmz3A9Yhzz,6w3xMe8Sxid7QQYjy,8,4,0,0,0,0,4,8,25,b7yQYd9yFDjGvqD5x,4,B,p1,1.483,crate,blue-crate,8,0,0,4
X8TopRLshBJRyEwbL,6w3xMe8Sxid7QQYjy,7,6,0,0,0,0,6,7,26,b7yQYd9yFDjGvqD5x,6,B,p1,3.415,blue-crate,green-crate,7,0,0,6
ug6KvbopNPSEpKDd7,6w3xMe8Sxid7QQYjy,8,4,0,0,0,0,4,8,27,b7yQYd9yFDjGvqD5x,0,A,p1,2.553,aqua-crate,yellow-crate,8,0,0,4
GYQEhMi8icuFZJevi,6w3xMe8Sxid7QQYjy,8,4,0,0,0,0,4,8,28,b7yQYd9yFDjGvqD5x,4,B,p1,1.479,crate,blue-crate,8,0,0,4
FHcb2BK2Ne9YZxpep,6w3xMe8Sxid7QQYjy,8,6,0,0,0,0,6,8,29,b7yQYd9yFDjGvqD5x,0,A,p1,2.111,crate,pink-crate,8,0,0,6
bPh9WQbrhvaRAvgB9,6w3xMe8Sxid7QQYjy,8,6,0,0,0,0,6,8,30,b7yQYd9yFDjGvqD5x,6,B,p1,2.962,orange-crate,yellow-crate,8,0,0,6
8Tp5pKa4ReLGERhZM,6w3xMe8Sxid7QQYjy,9,3,0,0,0,0,3,9,31,b7yQYd9yFDjGvqD5x,0,A,p1,1.862,crate,orange-crate,9,0,0,3
tnNEgNwkzcywMeQWd,6w3xMe8Sxid7QQYjy,3,2,0,0,0,0,2,3,32,b7yQYd9yFDjGvqD5x,0,B,p1,2.56,blue-crate,yellow-crate,3,0,0,2
5bwQcvRmTLCqAptcL,6w3xMe8Sxid7QQYjy,8,5,0,0,0,0,5,8,33,b7yQYd9yFDjGvqD5x,0,B,p1,1.884,crate,aqua-crate,8,0,0,5
jzRXcNz82ayC6N2JQ,6w3xMe8Sxid7QQYjy,9,6,0,0,0,0,6,9,34,b7yQYd9yFDjGvqD5x,0,A,p1,1.409,blue-crate,pink-crate,9,0,0,6
H3BxviF2eRc2qDesv,6w3xMe8Sxid7QQYjy,6,3,0,0,0,0,3,6,35,b7yQYd9yFDjGvqD5x,3,B,p1,2.476,yellow-crate,blue-crate,6,0,0,3
RHKEKhKwqe9RABjeX,6w3xMe8Sxid7QQYjy,9,7,0,0,0,0,7,9,36,b7yQYd9yFDjGvqD5x,7,B,p1,1.541,crate,green-crate,9,0,0,7
RGGe6Yn2k8xgeJefA,6w3xMe8Sxid7QQYjy,4,3,0,0,0,0,3,4,37,b7yQYd9yFDjGvqD5x,3,B,p1,1.455,yellow-crate,purple-crate,4,0,0,3
GpsyHcdYcfxmAp6Dz,6w3xMe8Sxid7QQYjy,5,4,0,0,0,0,4,5,38,b7yQYd9yFDjGvqD5x,4,B,p1,2.035,aqua-crate,crate,5,0,0,4
LpQ3P52pEuemHpMp6,6w3xMe8Sxid7QQYjy,9,5,0,0,0,0,5,9,39,b7yQYd9yFDjGvqD5x,5,B,p1,1.711,green-crate,yellow-crate,9,0,0,5
TRP8Fc6pW7WPct42e,6w3xMe8Sxid7QQYjy,8,4,0,0,0,0,4,8,0,uBrwQfjsJ32taCjd5,8,B,p2,16.668,aqua-crate,purple-crate,4,0,0,8
qpnJp6nHeaXbg7Xin,6w3xMe8Sxid7QQYjy,4,3,0,0,0,0,3,4,1,uBrwQfjsJ32taCjd5,0,B,p2,14.648,yellow-crate,purple-crate,3,0,0,4
NNG3vMwsZanqyTj3j,6w3xMe8Sxid7QQYjy,9,2,0,0,0,0,2,9,2,uBrwQfjsJ32taCjd5,9,B,p2,6.28,purple-crate,crate,2,0,0,9
x5ea8woP35iAXjQt4,6w3xMe8Sxid7QQYjy,5,3,0,0,0,0,3,5,3,uBrwQfjsJ32taCjd5,3,A,p2,5.573,orange-crate,crate,3,0,0,5
TGzmf4EBMoWfzcaKj,6w3xMe8Sxid7QQYjy,4,2,0,0,0,0,2,4,4,uBrwQfjsJ32taCjd5,4,B,p2,5.696,crate,yellow-crate,2,0,0,4
gqkx39HurcMCEeX9f,6w3xMe8Sxid7QQYjy,9,5,0,0,0,0,5,9,5,uBrwQfjsJ32taCjd5,0,B,p2,6.263,green-crate,crate,5,0,0,9
pJMP5KJj4cipy78Q2,6w3xMe8Sxid7QQYjy,7,3,0,0,0,0,3,7,6,uBrwQfjsJ32taCjd5,7,B,p2,7.183,purple-crate,aqua-crate,3,0,0,7
Jm3bkpZANxaE66L3z,6w3xMe8Sxid7QQYjy,5,2,0,0,0,0,2,5,7,uBrwQfjsJ32taCjd5,5,B,p2,5.676,green-crate,blue-crate,2,0,0,5
5xa3aPkgSAizgnE4A,6w3xMe8Sxid7QQYjy,7,2,0,0,0,0,2,7,8,uBrwQfjsJ32taCjd5,0,B,p2,5.314,green-crate,aqua-crate,2,0,0,7
brWCwMuWFtu2KsMKj,6w3xMe8Sxid7QQYjy,9,7,0,0,0,0,7,9,9,uBrwQfjsJ32taCjd5,0,B,p2,6.394,yellow-crate,aqua-crate,7,0,0,9
WHHNQz4LdTpyW2rCL,6w3xMe8Sxid7QQYjy,7,3,0,0,0,0,3,7,10,uBrwQfjsJ32taCjd5,0,B,p2,5.733,purple-crate,yellow-crate,3,0,0,7
5ee3AEboqaymcWmhR,6w3xMe8Sxid7QQYjy,3,2,0,0,0,0,2,3,11,uBrwQfjsJ32taCjd5,3,B,p2,4.895,pink-crate,purple-crate,2,0,0,3
zz3p3GMJ8sGKDhHh3,6w3xMe8Sxid7QQYjy,8,7,0,0,0,0,7,8,12,uBrwQfjsJ32taCjd5,0,B,p2,6.497,orange-crate,aqua-crate,7,0,0,8
DaRbjjXLwYZSDnGFw,6w3xMe8Sxid7QQYjy,5,3,0,0,0,0,3,5,13,uBrwQfjsJ32taCjd5,0,B,p2,5.184,yellow-crate,purple-crate,3,0,0,5
wBuXWCPuG7rkEdCBD,6w3xMe8Sxid7QQYjy,7,6,0,0,0,0,6,7,14,uBrwQfjsJ32taCjd5,7,B,p2,5.691,purple-crate,yellow-crate,6,0,0,7
cveEasofFtLNgnLsF,6w3xMe8Sxid7QQYjy,7,4,0,0,0,0,4,7,15,uBrwQfjsJ32taCjd5,0,B,p2,5.823,yellow-crate,aqua-crate,4,0,0,7
cTKgdBdanPXcX74tM,6w3xMe8Sxid7QQYjy,8,2,0,0,0,0,2,8,16,uBrwQfjsJ32taCjd5,2,A,p2,5.128,purple-crate,aqua-crate,2,0,0,8
ZJhLjxmRrp4nHLu84,6w3xMe8Sxid7QQYjy,6,5,0,0,0,0,5,6,17,uBrwQfjsJ32taCjd5,0,A,p2,6.361,aqua-crate,blue-crate,5,0,0,6
F2T73SvkunSFJSjXM,6w3xMe8Sxid7QQYjy,8,4,0,0,0,0,4,8,18,uBrwQfjsJ32taCjd5,0,B,p2,5.793,purple-crate,orange-crate,4,0,0,8
bAFpf4ju7oaKFdQAc,6w3xMe8Sxid7QQYjy,9,7,0,0,0,0,7,9,19,uBrwQfjsJ32taCjd5,9,B,p2,5.226,orange-crate,yellow-crate,7,0,0,9
wfqaxuCsALWSK3eqN,6w3xMe8Sxid7QQYjy,7,5,0,0,0,0,5,7,20,uBrwQfjsJ32taCjd5,7,B,p2,5.564,green-crate,yellow-crate,5,0,0,7
Z543w8SGe4hbfN9pE,6w3xMe8Sxid7QQYjy,7,2,0,0,0,0,2,7,21,uBrwQfjsJ32taCjd5,0,B,p2,5.21,yellow-crate,orange-crate,2,0,0,7
QjSYdEsZJ33tLpfWt,6w3xMe8Sxid7QQYjy,5,3,0,0,0,0,3,5,22,uBrwQfjsJ32taCjd5,0,B,p2,5.45,blue-crate,yellow-crate,3,0,0,5
toLA8DR4wgkYR9EJj,6w3xMe8Sxid7QQYjy,9,4,0,0,0,0,4,9,23,uBrwQfjsJ32taCjd5,0,B,p2,5.54,purple-crate,blue-crate,4,0,0,9
znQeT4Cso8G27dcuC,6w3xMe8Sxid7QQYjy,6,3,0,0,0,0,3,6,24,uBrwQfjsJ32taCjd5,6,B,p2,5.708,aqua-crate,yellow-crate,3,0,0,6
rxHhN4cSmz3A9Yhzz,6w3xMe8Sxid7QQYjy,8,4,0,0,0,0,4,8,25,uBrwQfjsJ32taCjd5,8,B,p2,5.586,crate,blue-crate,4,0,0,8
X8TopRLshBJRyEwbL,6w3xMe8Sxid7QQYjy,7,6,0,0,0,0,6,7,26,uBrwQfjsJ32taCjd5,7,B,p2,5.433,blue-crate,green-crate,6,0,0,7
ug6KvbopNPSEpKDd7,6w3xMe8Sxid7QQYjy,8,4,0,0,0,0,4,8,27,uBrwQfjsJ32taCjd5,0,B,p2,4.792,aqua-crate,yellow-crate,4,0,0,8
GYQEhMi8icuFZJevi,6w3xMe8Sxid7QQYjy,8,4,0,0,0,0,4,8,28,uBrwQfjsJ32taCjd5,8,B,p2,5.098,crate,blue-crate,4,0,0,8
FHcb2BK2Ne9YZxpep,6w3xMe8Sxid7QQYjy,8,6,0,0,0,0,6,8,29,uBrwQfjsJ32taCjd5,0,B,p2,5.233,crate,pink-crate,6,0,0,8
bPh9WQbrhvaRAvgB9,6w3xMe8Sxid7QQYjy,8,6,0,0,0,0,6,8,30,uBrwQfjsJ32taCjd5,8,B,p2,4.619,orange-crate,yellow-crate,6,0,0,8
8Tp5pKa4ReLGERhZM,6w3xMe8Sxid7QQYjy,9,3,0,0,0,0,3,9,31,uBrwQfjsJ32taCjd5,0,B,p2,17.381,crate,orange-crate,3,0,0,9
tnNEgNwkzcywMeQWd,6w3xMe8Sxid7QQYjy,3,2,0,0,0,0,2,3,32,uBrwQfjsJ32taCjd5,0,A,p2,4.917,blue-crate,yellow-crate,2,0,0,3
5bwQcvRmTLCqAptcL,6w3xMe8Sxid7QQYjy,8,5,0,0,0,0,5,8,33,uBrwQfjsJ32taCjd5,0,A,p2,6.871,crate,aqua-crate,5,0,0,8
jzRXcNz82ayC6N2JQ,6w3xMe8Sxid7QQYjy,9,6,0,0,0,0,6,9,34,uBrwQfjsJ32taCjd5,0,B,p2,5.465,blue-crate,pink-crate,6,0,0,9
H3BxviF2eRc2qDesv,6w3xMe8Sxid7QQYjy,6,3,0,0,0,0,3,6,35,uBrwQfjsJ32taCjd5,6,B,p2,4.94,yellow-crate,blue-crate,3,0,0,6
RHKEKhKwqe9RABjeX,6w3xMe8Sxid7QQYjy,9,7,0,0,0,0,7,9,36,uBrwQfjsJ32taCjd5,9,B,p2,5.15,crate,green-crate,7,0,0,9
RGGe6Yn2k8xgeJefA,6w3xMe8Sxid7QQYjy,4,3,0,0,0,0,3,4,37,uBrwQfjsJ32taCjd5,4,B,p2,5.417,yellow-crate,purple-crate,3,0,0,4
GpsyHcdYcfxmAp6Dz,6w3xMe8Sxid7QQYjy,5,4,0,0,0,0,4,5,38,uBrwQfjsJ32taCjd5,5,B,p2,5.133,aqua-crate,crate,4,0,0,5
LpQ3P52pEuemHpMp6,6w3xMe8Sxid7QQYjy,9,5,0,0,0,0,5,9,39,uBrwQfjsJ32taCjd5,9,B,p2,4.867,green-crate,yellow-crate,5,0,0,9
Z72M5GtQcBunfPFaJ,uR4Zjdwby8j5kxxBM,5,3,0,0,0,0,3,5,0,HyAYoQc6SaAsPLRMG,0,A,p2,16.249,purple-crate,crate,3,0,0,5
Bgj374b5maWc99WMz,uR4Zjdwby8j5kxxBM,6,5,0,0,0,0,5,6,1,HyAYoQc6SaAsPLRMG,5,A,p2,16.624,orange-crate,green-crate,5,0,0,6
DjabMosLcYkGAtBQY,uR4Zjdwby8j5kxxBM,3,2,0,0,0,0,2,3,2,HyAYoQc6SaAsPLRMG,0,B,p2,3.065,crate,pink-crate,2,0,0,3
B56s8zEhzgnGZDzN9,uR4Zjdwby8j5kxxBM,5,4,0,0,0,0,4,5,3,HyAYoQc6SaAsPLRMG,0,B,p2,4.717,blue-crate,aqua-crate,4,0,0,5
P7poSkDHvg5u9NqMC,uR4Zjdwby8j5kxxBM,8,3,0,0,0,0,3,8,4,HyAYoQc6SaAsPLRMG,3,A,p2,4.478,pink-crate,crate,3,0,0,8
36ES2omsYce47oaTA,uR4Zjdwby8j5kxxBM,8,5,0,0,0,0,5,8,5,HyAYoQc6SaAsPLRMG,8,B,p2,6.143,blue-crate,yellow-crate,5,0,0,8
t9X5w97rR3TSaWmvb,uR4Zjdwby8j5kxxBM,3,2,0,0,0,0,2,3,6,HyAYoQc6SaAsPLRMG,2,A,p2,11.592,purple-crate,pink-crate,2,0,0,3
AjXiuCdKLSowjWBig,uR4Zjdwby8j5kxxBM,4,2,0,0,0,0,2,4,7,HyAYoQc6SaAsPLRMG,4,B,p2,8.668,yellow-crate,purple-crate,2,0,0,4
d2b2J3RmZpQKge5Ti,uR4Zjdwby8j5kxxBM,9,7,0,0,0,0,7,9,8,HyAYoQc6SaAsPLRMG,9,B,p2,8.947,pink-crate,yellow-crate,7,0,0,9
QpW4SaCg5vvL4e7tj,uR4Zjdwby8j5kxxBM,8,6,0,0,0,0,6,8,9,HyAYoQc6SaAsPLRMG,6,A,p2,10.042,yellow-crate,crate,6,0,0,8
T5T2kkGQg2tJEgkb8,uR4Zjdwby8j5kxxBM,5,4,0,0,0,0,4,5,10,HyAYoQc6SaAsPLRMG,0,A,p2,10.415,blue-crate,purple-crate,4,0,0,5
BsMg7Hq4SPJMJRp7M,uR4Zjdwby8j5kxxBM,8,4,0,0,0,0,4,8,11,HyAYoQc6SaAsPLRMG,4,A,p2,7.118,purple-crate,yellow-crate,4,0,0,8
nxqrEy7CWPveFiYLF,uR4Zjdwby8j5kxxBM,7,3,0,0,0,0,3,7,12,HyAYoQc6SaAsPLRMG,7,B,p2,4.505,orange-crate,green-crate,3,0,0,7
usP7evD2DbSy7yRnx,uR4Zjdwby8j5kxxBM,9,3,0,0,0,0,3,9,13,HyAYoQc6SaAsPLRMG,9,B,p2,9.491,yellow-crate,crate,3,0,0,9
xZysd2BGxMR6QtMCX,uR4Zjdwby8j5kxxBM,9,6,0,0,0,0,6,9,14,HyAYoQc6SaAsPLRMG,6,A,p2,7.206,green-crate,yellow-crate,6,0,0,9
PGn2JovHZW4P9RHfJ,uR4Zjdwby8j5kxxBM,9,7,0,0,0,0,7,9,15,HyAYoQc6SaAsPLRMG,9,B,p2,10.038,crate,green-crate,7,0,0,9
rszpqHHDLLRC9FCYT,uR4Zjdwby8j5kxxBM,8,7,0,0,0,0,7,8,16,HyAYoQc6SaAsPLRMG,7,A,p2,7.655,yellow-crate,blue-crate,7,0,0,8
msoh7A3DhEQPyRzAJ,uR4Zjdwby8j5kxxBM,8,6,0,0,0,0,6,8,17,HyAYoQc6SaAsPLRMG,0,A,p2,8.385,orange-crate,purple-crate,6,0,0,8
GZ65vDwHdrbgycxmL,uR4Zjdwby8j5kxxBM,7,3,0,0,0,0,3,7,18,HyAYoQc6SaAsPLRMG,7,B,p2,6.552,crate,orange-crate,3,0,0,7
sA33JwYCLQffFhtPv,uR4Zjdwby8j5kxxBM,8,6,0,0,0,0,6,8,19,HyAYoQc6SaAsPLRMG,8,B,p2,11.412,green-crate,purple-crate,6,0,0,8
esLLsmA2K2yA9Cwkz,uR4Zjdwby8j5kxxBM,8,3,0,0,0,0,3,8,20,HyAYoQc6SaAsPLRMG,3,A,p2,6.518,aqua-crate,purple-crate,3,0,0,8
Nc6Kq57b9a33czxQK,uR4Zjdwby8j5kxxBM,9,5,0,0,0,0,5,9,21,HyAYoQc6SaAsPLRMG,5,A,p2,7.631,crate,pink-crate,5,0,0,9
v5fgXmRk4SPrvktAz,uR4Zjdwby8j5kxxBM,8,5,0,0,0,0,5,8,22,HyAYoQc6SaAsPLRMG,8,B,p2,4.479,yellow-crate,green-crate,5,0,0,8
ziyrcafzyASMnGbf5,uR4Zjdwby8j5kxxBM,8,7,0,0,0,0,7,8,23,HyAYoQc6SaAsPLRMG,7,A,p2,6.54,orange-crate,purple-crate,7,0,0,8
kwWq9PiaQ8CS4Z85m,uR4Zjdwby8j5kxxBM,8,5,0,0,0,0,5,8,24,HyAYoQc6SaAsPLRMG,8,B,p2,6.832,aqua-crate,blue-crate,5,0,0,8
KZ7Es3TFnGRXJ6548,uR4Zjdwby8j5kxxBM,7,5,0,0,0,0,5,7,25,HyAYoQc6SaAsPLRMG,5,A,p2,5.133,aqua-crate,purple-crate,5,0,0,7
GDwnbnZuamxsmgAGX,uR4Zjdwby8j5kxxBM,7,3,0,0,0,0,3,7,26,HyAYoQc6SaAsPLRMG,7,B,p2,7.906,purple-crate,crate,3,0,0,7
9ikJ5rB3xMH5qLaD3,uR4Zjdwby8j5kxxBM,5,3,0,0,0,0,3,5,27,HyAYoQc6SaAsPLRMG,3,A,p2,6.074,purple-crate,orange-crate,3,0,0,5
a4oBh8GudrGbvE7xP,uR4Zjdwby8j5kxxBM,9,7,0,0,0,0,7,9,28,HyAYoQc6SaAsPLRMG,9,B,p2,6.077,orange-crate,crate,7,0,0,9
ywJKKkKf7XeywfiPM,uR4Zjdwby8j5kxxBM,8,5,0,0,0,0,5,8,29,HyAYoQc6SaAsPLRMG,5,A,p2,5.266,blue-crate,yellow-crate,5,0,0,8
rdtBus3ioRmyi33pT,uR4Zjdwby8j5kxxBM,8,2,0,0,0,0,2,8,30,HyAYoQc6SaAsPLRMG,8,B,p2,2.149,blue-crate,aqua-crate,2,0,0,8
uzSAystaxsmZ4Kqya,uR4Zjdwby8j5kxxBM,7,2,0,0,0,0,2,7,31,HyAYoQc6SaAsPLRMG,2,A,p2,4.254,crate,aqua-crate,2,0,0,7
Y4FdbuaY2wYLiGvyk,uR4Zjdwby8j5kxxBM,8,2,0,0,0,0,2,8,32,HyAYoQc6SaAsPLRMG,8,B,p2,5.681,orange-crate,aqua-crate,2,0,0,8
J79qDQGtDTkYSLf2m,uR4Zjdwby8j5kxxBM,3,2,0,0,0,0,2,3,33,HyAYoQc6SaAsPLRMG,2,A,p2,5.653,yellow-crate,pink-crate,2,0,0,3
mxppi4uRb6rr8eSGg,uR4Zjdwby8j5kxxBM,9,8,0,0,0,0,8,9,34,HyAYoQc6SaAsPLRMG,9,B,p2,5.588,yellow-crate,aqua-crate,8,0,0,9
PgJ28Mx29gGoypMyn,uR4Zjdwby8j5kxxBM,4,2,0,0,0,0,2,4,35,HyAYoQc6SaAsPLRMG,2,A,p2,6.1,crate,purple-crate,2,0,0,4
kikJYA9y8hD9AtSbM,uR4Zjdwby8j5kxxBM,4,3,0,0,0,0,3,4,36,HyAYoQc6SaAsPLRMG,3,A,p2,4.829,green-crate,purple-crate,3,0,0,4
ACNA2nZB53RMFARnc,uR4Zjdwby8j5kxxBM,6,2,0,0,0,0,2,6,37,HyAYoQc6SaAsPLRMG,2,A,p2,6.092,aqua-crate,blue-crate,2,0,0,6
2uXk8YNiLQ5fupmim,uR4Zjdwby8j5kxxBM,6,2,0,0,0,0,2,6,38,HyAYoQc6SaAsPLRMG,6,B,p2,7.276,crate,pink-crate,2,0,0,6
duzvmuopyy8RjgrZb,uR4Zjdwby8j5kxxBM,7,4,0,0,0,0,4,7,39,HyAYoQc6SaAsPLRMG,4,A,p2,5.32,crate,aqua-crate,4,0,0,7
Z72M5GtQcBunfPFaJ,uR4Zjdwby8j5kxxBM,5,3,0,0,0,0,3,5,0,o9BQEnwK9mPZ7jK46,0,B,p1,28.118,purple-crate,crate,5,0,0,3
Bgj374b5maWc99WMz,uR4Zjdwby8j5kxxBM,6,5,0,0,0,0,5,6,1,o9BQEnwK9mPZ7jK46,6,A,p1,9.201,orange-crate,green-crate,6,0,0,5
DjabMosLcYkGAtBQY,uR4Zjdwby8j5kxxBM,3,2,0,0,0,0,2,3,2,o9BQEnwK9mPZ7jK46,0,A,p1,5.593,crate,pink-crate,3,0,0,2
B56s8zEhzgnGZDzN9,uR4Zjdwby8j5kxxBM,5,4,0,0,0,0,4,5,3,o9BQEnwK9mPZ7jK46,0,A,p1,8.819,blue-crate,aqua-crate,5,0,0,4
P7poSkDHvg5u9NqMC,uR4Zjdwby8j5kxxBM,8,3,0,0,0,0,3,8,4,o9BQEnwK9mPZ7jK46,8,A,p1,14.389,pink-crate,crate,8,0,0,3
36ES2omsYce47oaTA,uR4Zjdwby8j5kxxBM,8,5,0,0,0,0,5,8,5,o9BQEnwK9mPZ7jK46,5,B,p1,8.786,blue-crate,yellow-crate,8,0,0,5
t9X5w97rR3TSaWmvb,uR4Zjdwby8j5kxxBM,3,2,0,0,0,0,2,3,6,o9BQEnwK9mPZ7jK46,3,A,p1,13.778,purple-crate,pink-crate,3,0,0,2
AjXiuCdKLSowjWBig,uR4Zjdwby8j5kxxBM,4,2,0,0,0,0,2,4,7,o9BQEnwK9mPZ7jK46,2,B,p1,9.876,yellow-crate,purple-crate,4,0,0,2
d2b2J3RmZpQKge5Ti,uR4Zjdwby8j5kxxBM,9,7,0,0,0,0,7,9,8,o9BQEnwK9mPZ7jK46,7,B,p1,12.264,pink-crate,yellow-crate,9,0,0,7
QpW4SaCg5vvL4e7tj,uR4Zjdwby8j5kxxBM,8,6,0,0,0,0,6,8,9,o9BQEnwK9mPZ7jK46,8,A,p1,11.433,yellow-crate,crate,8,0,0,6
T5T2kkGQg2tJEgkb8,uR4Zjdwby8j5kxxBM,5,4,0,0,0,0,4,5,10,o9BQEnwK9mPZ7jK46,0,B,p1,10.377,blue-crate,purple-crate,5,0,0,4
BsMg7Hq4SPJMJRp7M,uR4Zjdwby8j5kxxBM,8,4,0,0,0,0,4,8,11,o9BQEnwK9mPZ7jK46,8,A,p1,8.702,purple-crate,yellow-crate,8,0,0,4
nxqrEy7CWPveFiYLF,uR4Zjdwby8j5kxxBM,7,3,0,0,0,0,3,7,12,o9BQEnwK9mPZ7jK46,3,B,p1,7.597,orange-crate,green-crate,7,0,0,3
usP7evD2DbSy7yRnx,uR4Zjdwby8j5kxxBM,9,3,0,0,0,0,3,9,13,o9BQEnwK9mPZ7jK46,3,B,p1,10.531,yellow-crate,crate,9,0,0,3
xZysd2BGxMR6QtMCX,uR4Zjdwby8j5kxxBM,9,6,0,0,0,0,6,9,14,o9BQEnwK9mPZ7jK46,9,A,p1,7.15,green-crate,yellow-crate,9,0,0,6
PGn2JovHZW4P9RHfJ,uR4Zjdwby8j5kxxBM,9,7,0,0,0,0,7,9,15,o9BQEnwK9mPZ7jK46,7,B,p1,10.155,crate,green-crate,9,0,0,7
rszpqHHDLLRC9FCYT,uR4Zjdwby8j5kxxBM,8,7,0,0,0,0,7,8,16,o9BQEnwK9mPZ7jK46,8,A,p1,8.516,yellow-crate,blue-crate,8,0,0,7
msoh7A3DhEQPyRzAJ,uR4Zjdwby8j5kxxBM,8,6,0,0,0,0,6,8,17,o9BQEnwK9mPZ7jK46,0,B,p1,12.223,orange-crate,purple-crate,8,0,0,6
GZ65vDwHdrbgycxmL,uR4Zjdwby8j5kxxBM,7,3,0,0,0,0,3,7,18,o9BQEnwK9mPZ7jK46,3,B,p1,9.156,crate,orange-crate,7,0,0,3
sA33JwYCLQffFhtPv,uR4Zjdwby8j5kxxBM,8,6,0,0,0,0,6,8,19,o9BQEnwK9mPZ7jK46,6,B,p1,14.603,green-crate,purple-crate,8,0,0,6
esLLsmA2K2yA9Cwkz,uR4Zjdwby8j5kxxBM,8,3,0,0,0,0,3,8,20,o9BQEnwK9mPZ7jK46,8,A,p1,10.418,aqua-crate,purple-crate,8,0,0,3
Nc6Kq57b9a33czxQK,uR4Zjdwby8j5kxxBM,9,5,0,0,0,0,5,9,21,o9BQEnwK9mPZ7jK46,9,A,p1,11.578,crate,pink-crate,9,0,0,5
v5fgXmRk4SPrvktAz,uR4Zjdwby8j5kxxBM,8,5,0,0,0,0,5,8,22,o9BQEnwK9mPZ7jK46,5,B,p1,6.771,yellow-crate,green-crate,8,0,0,5
ziyrcafzyASMnGbf5,uR4Zjdwby8j5kxxBM,8,7,0,0,0,0,7,8,23,o9BQEnwK9mPZ7jK46,8,A,p1,9.04,orange-crate,purple-crate,8,0,0,7
kwWq9PiaQ8CS4Z85m,uR4Zjdwby8j5kxxBM,8,5,0,0,0,0,5,8,24,o9BQEnwK9mPZ7jK46,5,B,p1,7.773,aqua-crate,blue-crate,8,0,0,5
KZ7Es3TFnGRXJ6548,uR4Zjdwby8j5kxxBM,7,5,0,0,0,0,5,7,25,o9BQEnwK9mPZ7jK46,7,A,p1,8.296,aqua-crate,purple-crate,7,0,0,5
GDwnbnZuamxsmgAGX,uR4Zjdwby8j5kxxBM,7,3,0,0,0,0,3,7,26,o9BQEnwK9mPZ7jK46,3,B,p1,7.211,purple-crate,crate,7,0,0,3
9ikJ5rB3xMH5qLaD3,uR4Zjdwby8j5kxxBM,5,3,0,0,0,0,3,5,27,o9BQEnwK9mPZ7jK46,5,A,p1,5.889,purple-crate,orange-crate,5,0,0,3
a4oBh8GudrGbvE7xP,uR4Zjdwby8j5kxxBM,9,7,0,0,0,0,7,9,28,o9BQEnwK9mPZ7jK46,7,B,p1,6.326,orange-crate,crate,9,0,0,7
ywJKKkKf7XeywfiPM,uR4Zjdwby8j5kxxBM,8,5,0,0,0,0,5,8,29,o9BQEnwK9mPZ7jK46,8,A,p1,4.209,blue-crate,yellow-crate,8,0,0,5
rdtBus3ioRmyi33pT,uR4Zjdwby8j5kxxBM,8,2,0,0,0,0,2,8,30,o9BQEnwK9mPZ7jK46,2,B,p1,6.213,blue-crate,aqua-crate,8,0,0,2
uzSAystaxsmZ4Kqya,uR4Zjdwby8j5kxxBM,7,2,0,0,0,0,2,7,31,o9BQEnwK9mPZ7jK46,7,A,p1,5.501,crate,aqua-crate,7,0,0,2
Y4FdbuaY2wYLiGvyk,uR4Zjdwby8j5kxxBM,8,2,0,0,0,0,2,8,32,o9BQEnwK9mPZ7jK46,2,B,p1,5.618,orange-crate,aqua-crate,8,0,0,2
J79qDQGtDTkYSLf2m,uR4Zjdwby8j5kxxBM,3,2,0,0,0,0,2,3,33,o9BQEnwK9mPZ7jK46,3,A,p1,5.872,yellow-crate,pink-crate,3,0,0,2
mxppi4uRb6rr8eSGg,uR4Zjdwby8j5kxxBM,9,8,0,0,0,0,8,9,34,o9BQEnwK9mPZ7jK46,8,B,p1,6.767,yellow-crate,aqua-crate,9,0,0,8
PgJ28Mx29gGoypMyn,uR4Zjdwby8j5kxxBM,4,2,0,0,0,0,2,4,35,o9BQEnwK9mPZ7jK46,4,A,p1,7.898,crate,purple-crate,4,0,0,2
kikJYA9y8hD9AtSbM,uR4Zjdwby8j5kxxBM,4,3,0,0,0,0,3,4,36,o9BQEnwK9mPZ7jK46,4,A,p1,5.906,green-crate,purple-crate,4,0,0,3
ACNA2nZB53RMFARnc,uR4Zjdwby8j5kxxBM,6,2,0,0,0,0,2,6,37,o9BQEnwK9mPZ7jK46,6,A,p1,7.38,aqua-crate,blue-crate,6,0,0,2
2uXk8YNiLQ5fupmim,uR4Zjdwby8j5kxxBM,6,2,0,0,0,0,2,6,38,o9BQEnwK9mPZ7jK46,2,B,p1,9.508,crate,pink-crate,6,0,0,2
duzvmuopyy8RjgrZb,uR4Zjdwby8j5kxxBM,7,4,0,0,0,0,4,7,39,o9BQEnwK9mPZ7jK46,7,A,p1,7.1,crate,aqua-crate,7,0,0,4
LbrEWcW5YFpBDepeW,5F2moNvN32P2kGoa9,6,3,0,0,0,0,3,6,0,9KzxEKjPduYiBoEvK,3,A,p2,33.796,green-crate,orange-crate,3,0,0,6
GjmSdLrq9ZDhHoeWH,5F2moNvN32P2kGoa9,5,2,0,0,0,0,2,5,1,9KzxEKjPduYiBoEvK,5,B,p2,21.298,purple-crate,yellow-crate,2,0,0,5
jEPHEESoQ4n5S4W6K,5F2moNvN32P2kGoa9,5,2,0,0,0,0,2,5,2,9KzxEKjPduYiBoEvK,2,A,p2,13.058,green-crate,purple-crate,2,0,0,5
oyppAKfQ9bJueHSfu,5F2moNvN32P2kGoa9,9,6,0,0,0,0,6,9,3,9KzxEKjPduYiBoEvK,9,B,p2,10.931,blue-crate,pink-crate,6,0,0,9
8XgxPbCfpxnx73xuB,5F2moNvN32P2kGoa9,6,2,0,0,0,0,2,6,4,9KzxEKjPduYiBoEvK,6,B,p2,26.381,purple-crate,yellow-crate,2,0,0,6
PLeHdkaZ3dzurcDy8,5F2moNvN32P2kGoa9,6,4,0,0,0,0,4,6,5,9KzxEKjPduYiBoEvK,4,A,p2,9.619,crate,purple-crate,4,0,0,6
hAiupWccqKK6T74KW,5F2moNvN32P2kGoa9,6,2,0,0,0,0,2,6,6,9KzxEKjPduYiBoEvK,6,B,p2,8.417,purple-crate,pink-crate,2,0,0,6
uMDvozXm3Sbprir4L,5F2moNvN32P2kGoa9,9,6,0,0,0,0,6,9,7,9KzxEKjPduYiBoEvK,6,A,p2,14.387,crate,aqua-crate,6,0,0,9
LEuYyHhxPdt3uAoeh,5F2moNvN32P2kGoa9,8,7,0,0,0,0,7,8,8,9KzxEKjPduYiBoEvK,7,A,p2,12.556,crate,yellow-crate,7,0,0,8
C4fvbpuKAoAv3hWnr,5F2moNvN32P2kGoa9,9,4,0,0,0,0,4,9,9,9KzxEKjPduYiBoEvK,4,A,p2,12.013,purple-crate,blue-crate,4,0,0,9
9DXgb7aFGKpnfKzNK,5F2moNvN32P2kGoa9,7,2,0,0,0,0,2,7,10,9KzxEKjPduYiBoEvK,7,B,p2,37.12,blue-crate,purple-crate,2,0,0,7
HtEpQsumsXefHMWHY,5F2moNvN32P2kGoa9,8,7,0,0,0,0,7,8,11,9KzxEKjPduYiBoEvK,7,A,p2,8.243,pink-crate,blue-crate,7,0,0,8
Y9tzHH2ADqMEpXTWm,5F2moNvN32P2kGoa9,4,3,0,0,0,0,3,4,12,9KzxEKjPduYiBoEvK,3,A,p2,7.841,green-crate,yellow-crate,3,0,0,4
p7fNmmSbzFc6tx2ho,5F2moNvN32P2kGoa9,9,2,0,0,0,0,2,9,13,9KzxEKjPduYiBoEvK,9,B,p2,14.822,orange-crate,green-crate,2,0,0,9
kLekM7AP9yxFdMnhi,5F2moNvN32P2kGoa9,5,3,0,0,0,0,3,5,14,9KzxEKjPduYiBoEvK,5,B,p2,16.042,blue-crate,aqua-crate,3,0,0,5
FWgsDBfZYvjpJE6H8,5F2moNvN32P2kGoa9,8,3,0,0,0,0,3,8,15,9KzxEKjPduYiBoEvK,3,A,p2,10.685,pink-crate,aqua-crate,3,0,0,8
hc7MWXnY6nEZjhP5w,5F2moNvN32P2kGoa9,4,3,0,0,0,0,3,4,16,9KzxEKjPduYiBoEvK,3,A,p2,13.845,crate,blue-crate,3,0,0,4
6AGjLhiaE7gacBKKB,5F2moNvN32P2kGoa9,6,3,0,0,0,0,3,6,17,9KzxEKjPduYiBoEvK,3,A,p2,13.13,green-crate,blue-crate,3,0,0,6
t982R6EooCNWuN6Ls,5F2moNvN32P2kGoa9,8,6,0,0,0,0,6,8,18,9KzxEKjPduYiBoEvK,6,A,p2,9.711,crate,aqua-crate,6,0,0,8
GCxfdtkCzjnbhtxRD,5F2moNvN32P2kGoa9,4,2,0,0,0,0,2,4,19,9KzxEKjPduYiBoEvK,4,B,p2,7.309,yellow-crate,aqua-crate,2,0,0,4
LnnamGzNBi2xQokYw,5F2moNvN32P2kGoa9,8,3,0,0,0,0,3,8,20,9KzxEKjPduYiBoEvK,3,A,p2,9.238,blue-crate,pink-crate,3,0,0,8
PSMoNpNF6za6ykv6d,5F2moNvN32P2kGoa9,7,2,0,0,0,0,2,7,21,9KzxEKjPduYiBoEvK,7,B,p2,4.745,blue-crate,pink-crate,2,0,0,7
hfcNWYdNXaj9i46Eu,5F2moNvN32P2kGoa9,9,7,0,0,0,0,7,9,22,9KzxEKjPduYiBoEvK,7,A,p2,7.914,yellow-crate,aqua-crate,7,0,0,9
vv3v5zLJ8DDqpqeZW,5F2moNvN32P2kGoa9,9,7,0,0,0,0,7,9,23,9KzxEKjPduYiBoEvK,9,B,p2,4.407,blue-crate,aqua-crate,7,0,0,9
jnredoYsrpACKD3N6,5F2moNvN32P2kGoa9,9,4,0,0,0,0,4,9,24,9KzxEKjPduYiBoEvK,4,A,p2,9.913,yellow-crate,crate,4,0,0,9
nkwa75eJWsBxZghTr,5F2moNvN32P2kGoa9,8,3,0,0,0,0,3,8,25,9KzxEKjPduYiBoEvK,8,B,p2,6.133,pink-crate,purple-crate,3,0,0,8
MkbJtxb3XLTyTqfmM,5F2moNvN32P2kGoa9,5,4,0,0,0,0,4,5,26,9KzxEKjPduYiBoEvK,4,A,p2,9.521,aqua-crate,orange-crate,4,0,0,5
vdfgdtXfkmTfoqh7F,5F2moNvN32P2kGoa9,4,3,0,0,0,0,3,4,27,9KzxEKjPduYiBoEvK,4,B,p2,4.616,purple-crate,crate,3,0,0,4
Q4CaoihAbbehvSCH8,5F2moNvN32P2kGoa9,5,3,0,0,0,0,3,5,28,9KzxEKjPduYiBoEvK,3,A,p2,9.533,orange-crate,pink-crate,3,0,0,5
pYwfsgPKhB9TBn2v7,5F2moNvN32P2kGoa9,8,7,0,0,0,0,7,8,29,9KzxEKjPduYiBoEvK,8,B,p2,4.653,orange-crate,pink-crate,7,0,0,8
meguttnWZtCPnEx6A,5F2moNvN32P2kGoa9,5,3,0,0,0,0,3,5,30,9KzxEKjPduYiBoEvK,3,A,p2,8.581,orange-crate,blue-crate,3,0,0,5
fwnaWgJpxnyfGgQsB,5F2moNvN32P2kGoa9,3,2,0,0,0,0,2,3,31,9KzxEKjPduYiBoEvK,3,B,p2,4.213,crate,blue-crate,2,0,0,3
9D3sL5ccwttLJJEJT,5F2moNvN32P2kGoa9,8,6,0,0,0,0,6,8,32,9KzxEKjPduYiBoEvK,8,B,p2,4.769,crate,orange-crate,6,0,0,8
BABSGuv42sMScoFaH,5F2moNvN32P2kGoa9,6,3,0,0,0,0,3,6,33,9KzxEKjPduYiBoEvK,0,A,p2,14.144,aqua-crate,green-crate,3,0,0,6
JC8yQf2wwbmN4WB2W,5F2moNvN32P2kGoa9,6,4,0,0,0,0,4,6,34,9KzxEKjPduYiBoEvK,6,B,p2,19.499,purple-crate,crate,4,0,0,6
bBLtvKsQDBcrQcYTt,5F2moNvN32P2kGoa9,6,2,0,0,0,0,2,6,35,9KzxEKjPduYiBoEvK,2,A,p2,5.318,orange-crate,aqua-crate,2,0,0,6
nujkTQiSycx4KMYrk,5F2moNvN32P2kGoa9,6,3,0,0,0,0,3,6,36,9KzxEKjPduYiBoEvK,6,B,p2,6.436,crate,aqua-crate,3,0,0,6
wTkoSRidgpmvxyjAP,5F2moNvN32P2kGoa9,9,7,0,0,0,0,7,9,37,9KzxEKjPduYiBoEvK,7,A,p2,9.387,yellow-crate,crate,7,0,0,9
tDakbCC2ha3nkjtzM,5F2moNvN32P2kGoa9,9,6,0,0,0,0,6,9,38,9KzxEKjPduYiBoEvK,6,A,p2,21.427,pink-crate,aqua-crate,6,0,0,9
n6HnF6TYnwrkoWmJt,5F2moNvN32P2kGoa9,8,6,0,0,0,0,6,8,39,9KzxEKjPduYiBoEvK,8,B,p2,3.702,pink-crate,purple-crate,6,0,0,8
LbrEWcW5YFpBDepeW,5F2moNvN32P2kGoa9,6,3,0,0,0,0,3,6,0,AnLPrjGHwQcnJAJx6,6,A,p1,46.345,green-crate,orange-crate,6,0,0,3
GjmSdLrq9ZDhHoeWH,5F2moNvN32P2kGoa9,5,2,0,0,0,0,2,5,1,AnLPrjGHwQcnJAJx6,2,B,p1,22.456,purple-crate,yellow-crate,5,0,0,2
jEPHEESoQ4n5S4W6K,5F2moNvN32P2kGoa9,5,2,0,0,0,0,2,5,2,AnLPrjGHwQcnJAJx6,5,A,p1,18.982,green-crate,purple-crate,5,0,0,2
oyppAKfQ9bJueHSfu,5F2moNvN32P2kGoa9,9,6,0,0,0,0,6,9,3,AnLPrjGHwQcnJAJx6,6,B,p1,12.135,blue-crate,pink-crate,9,0,0,6
8XgxPbCfpxnx73xuB,5F2moNvN32P2kGoa9,6,2,0,0,0,0,2,6,4,AnLPrjGHwQcnJAJx6,2,B,p1,19.641,purple-crate,yellow-crate,6,0,0,2
PLeHdkaZ3dzurcDy8,5F2moNvN32P2kGoa9,6,4,0,0,0,0,4,6,5,AnLPrjGHwQcnJAJx6,6,A,p1,12.465,crate,purple-crate,6,0,0,4
hAiupWccqKK6T74KW,5F2moNvN32P2kGoa9,6,2,0,0,0,0,2,6,6,AnLPrjGHwQcnJAJx6,2,B,p1,13.206,purple-crate,pink-crate,6,0,0,2
uMDvozXm3Sbprir4L,5F2moNvN32P2kGoa9,9,6,0,0,0,0,6,9,7,AnLPrjGHwQcnJAJx6,9,A,p1,17.831,crate,aqua-crate,9,0,0,6
LEuYyHhxPdt3uAoeh,5F2moNvN32P2kGoa9,8,7,0,0,0,0,7,8,8,AnLPrjGHwQcnJAJx6,8,A,p1,14.97,crate,yellow-crate,8,0,0,7
C4fvbpuKAoAv3hWnr,5F2moNvN32P2kGoa9,9,4,0,0,0,0,4,9,9,AnLPrjGHwQcnJAJx6,9,A,p1,18.793,purple-crate,blue-crate,9,0,0,4
9DXgb7aFGKpnfKzNK,5F2moNvN32P2kGoa9,7,2,0,0,0,0,2,7,10,AnLPrjGHwQcnJAJx6,2,B,p1,40.854,blue-crate,purple-crate,7,0,0,2
HtEpQsumsXefHMWHY,5F2moNvN32P2kGoa9,8,7,0,0,0,0,7,8,11,AnLPrjGHwQcnJAJx6,8,A,p1,11.907,pink-crate,blue-crate,8,0,0,7
Y9tzHH2ADqMEpXTWm,5F2moNvN32P2kGoa9,4,3,0,0,0,0,3,4,12,AnLPrjGHwQcnJAJx6,4,A,p1,9.951,green-crate,yellow-crate,4,0,0,3
p7fNmmSbzFc6tx2ho,5F2moNvN32P2kGoa9,9,2,0,0,0,0,2,9,13,AnLPrjGHwQcnJAJx6,2,B,p1,13.824,orange-crate,green-crate,9,0,0,2
kLekM7AP9yxFdMnhi,5F2moNvN32P2kGoa9,5,3,0,0,0,0,3,5,14,AnLPrjGHwQcnJAJx6,3,B,p1,20.981,blue-crate,aqua-crate,5,0,0,3
FWgsDBfZYvjpJE6H8,5F2moNvN32P2kGoa9,8,3,0,0,0,0,3,8,15,AnLPrjGHwQcnJAJx6,8,A,p1,12.75,pink-crate,aqua-crate,8,0,0,3
hc7MWXnY6nEZjhP5w,5F2moNvN32P2kGoa9,4,3,0,0,0,0,3,4,16,AnLPrjGHwQcnJAJx6,4,A,p1,13.364,crate,blue-crate,4,0,0,3
6AGjLhiaE7gacBKKB,5F2moNvN32P2kGoa9,6,3,0,0,0,0,3,6,17,AnLPrjGHwQcnJAJx6,6,A,p1,13.642,green-crate,blue-crate,6,0,0,3
t982R6EooCNWuN6Ls,5F2moNvN32P2kGoa9,8,6,0,0,0,0,6,8,18,AnLPrjGHwQcnJAJx6,8,A,p1,12.343,crate,aqua-crate,8,0,0,6
GCxfdtkCzjnbhtxRD,5F2moNvN32P2kGoa9,4,2,0,0,0,0,2,4,19,AnLPrjGHwQcnJAJx6,2,B,p1,11.96,yellow-crate,aqua-crate,4,0,0,2
LnnamGzNBi2xQokYw,5F2moNvN32P2kGoa9,8,3,0,0,0,0,3,8,20,AnLPrjGHwQcnJAJx6,8,A,p1,13.204,blue-crate,pink-crate,8,0,0,3
PSMoNpNF6za6ykv6d,5F2moNvN32P2kGoa9,7,2,0,0,0,0,2,7,21,AnLPrjGHwQcnJAJx6,2,B,p1,9.655,blue-crate,pink-crate,7,0,0,2
hfcNWYdNXaj9i46Eu,5F2moNvN32P2kGoa9,9,7,0,0,0,0,7,9,22,AnLPrjGHwQcnJAJx6,9,A,p1,12.644,yellow-crate,aqua-crate,9,0,0,7
vv3v5zLJ8DDqpqeZW,5F2moNvN32P2kGoa9,9,7,0,0,0,0,7,9,23,AnLPrjGHwQcnJAJx6,7,B,p1,8.77,blue-crate,aqua-crate,9,0,0,7
jnredoYsrpACKD3N6,5F2moNvN32P2kGoa9,9,4,0,0,0,0,4,9,24,AnLPrjGHwQcnJAJx6,9,A,p1,11.518,yellow-crate,crate,9,0,0,4
nkwa75eJWsBxZghTr,5F2moNvN32P2kGoa9,8,3,0,0,0,0,3,8,25,AnLPrjGHwQcnJAJx6,3,B,p1,11.057,pink-crate,purple-crate,8,0,0,3
MkbJtxb3XLTyTqfmM,5F2moNvN32P2kGoa9,5,4,0,0,0,0,4,5,26,AnLPrjGHwQcnJAJx6,5,A,p1,12.734,aqua-crate,orange-crate,5,0,0,4
vdfgdtXfkmTfoqh7F,5F2moNvN32P2kGoa9,4,3,0,0,0,0,3,4,27,AnLPrjGHwQcnJAJx6,3,B,p1,9.887,purple-crate,crate,4,0,0,3
Q4CaoihAbbehvSCH8,5F2moNvN32P2kGoa9,5,3,0,0,0,0,3,5,28,AnLPrjGHwQcnJAJx6,5,A,p1,11.823,orange-crate,pink-crate,5,0,0,3
pYwfsgPKhB9TBn2v7,5F2moNvN32P2kGoa9,8,7,0,0,0,0,7,8,29,AnLPrjGHwQcnJAJx6,7,B,p1,9.329,orange-crate,pink-crate,8,0,0,7
meguttnWZtCPnEx6A,5F2moNvN32P2kGoa9,5,3,0,0,0,0,3,5,30,AnLPrjGHwQcnJAJx6,5,A,p1,14.382,orange-crate,blue-crate,5,0,0,3
fwnaWgJpxnyfGgQsB,5F2moNvN32P2kGoa9,3,2,0,0,0,0,2,3,31,AnLPrjGHwQcnJAJx6,2,B,p1,8.714,crate,blue-crate,3,0,0,2
9D3sL5ccwttLJJEJT,5F2moNvN32P2kGoa9,8,6,0,0,0,0,6,8,32,AnLPrjGHwQcnJAJx6,6,B,p1,9.713,crate,orange-crate,8,0,0,6
BABSGuv42sMScoFaH,5F2moNvN32P2kGoa9,6,3,0,0,0,0,3,6,33,AnLPrjGHwQcnJAJx6,0,B,p1,18.804,aqua-crate,green-crate,6,0,0,3
JC8yQf2wwbmN4WB2W,5F2moNvN32P2kGoa9,6,4,0,0,0,0,4,6,34,AnLPrjGHwQcnJAJx6,4,B,p1,23.928,purple-crate,crate,6,0,0,4
bBLtvKsQDBcrQcYTt,5F2moNvN32P2kGoa9,6,2,0,0,0,0,2,6,35,AnLPrjGHwQcnJAJx6,6,A,p1,9.927,orange-crate,aqua-crate,6,0,0,2
nujkTQiSycx4KMYrk,5F2moNvN32P2kGoa9,6,3,0,0,0,0,3,6,36,AnLPrjGHwQcnJAJx6,3,B,p1,11.175,crate,aqua-crate,6,0,0,3
wTkoSRidgpmvxyjAP,5F2moNvN32P2kGoa9,9,7,0,0,0,0,7,9,37,AnLPrjGHwQcnJAJx6,9,A,p1,10.511,yellow-crate,crate,9,0,0,7
tDakbCC2ha3nkjtzM,5F2moNvN32P2kGoa9,9,6,0,0,0,0,6,9,38,AnLPrjGHwQcnJAJx6,9,A,p1,25.41,pink-crate,aqua-crate,9,0,0,6
n6HnF6TYnwrkoWmJt,5F2moNvN32P2kGoa9,8,6,0,0,0,0,6,8,39,AnLPrjGHwQcnJAJx6,6,B,p1,8.667,pink-crate,purple-crate,8,0,0,6
bkwXndiCq5SWrzQ6C,HyGtCYGnkTLGJhndS,9,5,0,0,0,0,5,9,0,TTWhjiteFtwN9552j,9,A,p1,307.726,orange-crate,blue-crate,9,0,0,5
Mnu88nTyJeJYHpRor,HyGtCYGnkTLGJhndS,8,6,0,0,0,0,6,8,1,TTWhjiteFtwN9552j,6,B,p1,288.325,orange-crate,purple-crate,8,0,0,6
D43qhisnQnAn9C543,HyGtCYGnkTLGJhndS,7,5,0,0,0,0,5,7,2,TTWhjiteFtwN9552j,0,A,p1,287.232,crate,purple-crate,7,0,0,5
tnAQXPn7DpGNocL3o,HyGtCYGnkTLGJhndS,3,2,0,0,0,0,2,3,3,TTWhjiteFtwN9552j,0,B,p1,288.531,green-crate,crate,3,0,0,2
sMwudvh8vSsiK3aLi,HyGtCYGnkTLGJhndS,6,2,0,0,0,0,2,6,4,TTWhjiteFtwN9552j,0,B,p1,285.736,aqua-crate,blue-crate,6,0,0,2
iaqsH5NChvgoYosdv,HyGtCYGnkTLGJhndS,8,6,0,0,0,0,6,8,5,TTWhjiteFtwN9552j,0,A,p1,285.214,blue-crate,orange-crate,8,0,0,6
jrQFGSS7yxnAaTTxZ,HyGtCYGnkTLGJhndS,8,5,0,0,0,0,5,8,6,TTWhjiteFtwN9552j,0,A,p1,282.94,pink-crate,aqua-crate,8,0,0,5
jmxr26JDqhiouNSH7,HyGtCYGnkTLGJhndS,9,5,0,0,0,0,5,9,7,TTWhjiteFtwN9552j,9,A,p1,283.222,purple-crate,orange-crate,9,0,0,5
qQjuSq2ud2umjX7vs,HyGtCYGnkTLGJhndS,5,4,0,0,0,0,4,5,8,TTWhjiteFtwN9552j,5,A,p1,283.403,purple-crate,yellow-crate,5,0,0,4
jCNPXNK4JPFANFvqY,HyGtCYGnkTLGJhndS,9,4,0,0,0,0,4,9,9,TTWhjiteFtwN9552j,0,A,p1,282.763,aqua-crate,pink-crate,9,0,0,4
8Fd22zr2uNLHbhiZ8,HyGtCYGnkTLGJhndS,5,2,0,0,0,0,2,5,10,TTWhjiteFtwN9552j,0,A,p1,282.441,crate,pink-crate,5,0,0,2
hvyxCJKNMBdr3JBqy,HyGtCYGnkTLGJhndS,6,4,0,0,0,0,4,6,11,TTWhjiteFtwN9552j,0,A,p1,282.567,orange-crate,yellow-crate,6,0,0,4
YmDTL2Zr8HcTjCPYo,HyGtCYGnkTLGJhndS,8,5,0,0,0,0,5,8,12,TTWhjiteFtwN9552j,8,A,p1,282.274,blue-crate,orange-crate,8,0,0,5
4YFSu7bRBMm7M4Bsm,HyGtCYGnkTLGJhndS,5,2,0,0,0,0,2,5,13,TTWhjiteFtwN9552j,5,A,p1,284.069,yellow-crate,purple-crate,5,0,0,2
oTYoZGCbLrYkBjms3,HyGtCYGnkTLGJhndS,5,3,0,0,0,0,3,5,14,TTWhjiteFtwN9552j,0,B,p1,285.388,blue-crate,pink-crate,5,0,0,3
rThFg6RabvrLZxYcR,HyGtCYGnkTLGJhndS,9,8,0,0,0,0,8,9,15,TTWhjiteFtwN9552j,8,B,p1,294.158,yellow-crate,aqua-crate,9,0,0,8
Z2wQpWo4npTr6Y7JJ,HyGtCYGnkTLGJhndS,9,3,0,0,0,0,3,9,16,TTWhjiteFtwN9552j,3,B,p1,287.587,pink-crate,yellow-crate,9,0,0,3
XuibseC4zaN65e6AS,HyGtCYGnkTLGJhndS,9,5,0,0,0,0,5,9,17,TTWhjiteFtwN9552j,5,B,p1,288.659,yellow-crate,purple-crate,9,0,0,5
ZRAS9dJyKgbw3zoFB,HyGtCYGnkTLGJhndS,9,7,0,0,0,0,7,9,18,TTWhjiteFtwN9552j,9,A,p1,292.864,pink-crate,crate,9,0,0,7
au8DrmNGwuceYHvPS,HyGtCYGnkTLGJhndS,8,2,0,0,0,0,2,8,19,TTWhjiteFtwN9552j,2,B,p1,290.95,blue-crate,aqua-crate,8,0,0,2
HrHc3SWStskQCbkfP,HyGtCYGnkTLGJhndS,9,5,0,0,0,0,5,9,20,TTWhjiteFtwN9552j,5,B,p1,295.932,blue-crate,green-crate,9,0,0,5
ybaKr5HAnzJygmwXi,HyGtCYGnkTLGJhndS,8,3,0,0,0,0,3,8,21,TTWhjiteFtwN9552j,8,A,p1,287.223,crate,blue-crate,8,0,0,3
dWhptdW4NqBpzAvwP,HyGtCYGnkTLGJhndS,8,2,0,0,0,0,2,8,22,TTWhjiteFtwN9552j,2,B,p1,311.935,orange-crate,yellow-crate,8,0,0,2
ybzn987aTZ6TEobZo,HyGtCYGnkTLGJhndS,6,5,0,0,0,0,5,6,23,TTWhjiteFtwN9552j,6,A,p1,288.648,orange-crate,green-crate,6,0,0,5
RsyZE26FM9DbF953v,HyGtCYGnkTLGJhndS,9,2,0,0,0,0,2,9,24,TTWhjiteFtwN9552j,9,A,p1,289.008,green-crate,purple-crate,9,0,0,2
3rfxcotcM4nSMCh8J,HyGtCYGnkTLGJhndS,9,6,0,0,0,0,6,9,25,TTWhjiteFtwN9552j,6,B,p1,291.594,yellow-crate,pink-crate,9,0,0,6
kXrQzjZGnZwcR6Mmn,HyGtCYGnkTLGJhndS,6,4,0,0,0,0,4,6,26,TTWhjiteFtwN9552j,6,A,p1,286.451,aqua-crate,pink-crate,6,0,0,4
9pBuMhJRhchAsFMh2,HyGtCYGnkTLGJhndS,9,3,0,0,0,0,3,9,27,TTWhjiteFtwN9552j,9,A,p1,296.784,purple-crate,blue-crate,9,0,0,3
bEA3iKty6q9LusnL6,HyGtCYGnkTLGJhndS,9,3,0,0,0,0,3,9,28,TTWhjiteFtwN9552j,3,B,p1,290.734,orange-crate,purple-crate,9,0,0,3
Tof7QtcPHm5Ynf74E,HyGtCYGnkTLGJhndS,6,2,0,0,0,0,2,6,29,TTWhjiteFtwN9552j,2,B,p1,292.88,crate,pink-crate,6,0,0,2
CeiECxTBtaCWAxJs4,HyGtCYGnkTLGJhndS,5,2,0,0,0,0,2,5,30,TTWhjiteFtwN9552j,5,A,p1,296.638,crate,blue-crate,5,0,0,2
z9t9xEhutW7JDasS5,HyGtCYGnkTLGJhndS,9,3,0,0,0,0,3,9,31,TTWhjiteFtwN9552j,3,B,p1,292.037,blue-crate,orange-crate,9,0,0,3
MZKpc2he2eF3piDvg,HyGtCYGnkTLGJhndS,9,4,0,0,0,0,4,9,32,TTWhjiteFtwN9552j,9,A,p1,292.737,blue-crate,aqua-crate,9,0,0,4
qFuJaXo2ehfxLH8c5,HyGtCYGnkTLGJhndS,6,4,0,0,0,0,4,6,33,TTWhjiteFtwN9552j,6,A,p1,289.63,yellow-crate,crate,6,0,0,4
mtCd9i8BK9FZ3ZGmJ,HyGtCYGnkTLGJhndS,7,4,0,0,0,0,4,7,34,TTWhjiteFtwN9552j,7,A,p1,291.227,yellow-crate,crate,7,0,0,4
hqKaLQSJzcogRHiSW,HyGtCYGnkTLGJhndS,9,3,0,0,0,0,3,9,35,TTWhjiteFtwN9552j,3,B,p1,287.234,pink-crate,green-crate,9,0,0,3
2jLF5yeZquDM5W7DE,HyGtCYGnkTLGJhndS,8,3,0,0,0,0,3,8,36,TTWhjiteFtwN9552j,8,A,p1,291.108,aqua-crate,yellow-crate,8,0,0,3
cm8QyxAhtEc4Z7qaL,HyGtCYGnkTLGJhndS,8,5,0,0,0,0,5,8,37,TTWhjiteFtwN9552j,5,B,p1,289.971,pink-crate,purple-crate,8,0,0,5
XRmGTk8r2ra3aoJub,HyGtCYGnkTLGJhndS,8,6,0,0,0,0,6,8,38,TTWhjiteFtwN9552j,8,A,p1,291.87,orange-crate,yellow-crate,8,0,0,6
k6XekvWj6iF9KSwQQ,HyGtCYGnkTLGJhndS,6,3,0,0,0,0,3,6,39,TTWhjiteFtwN9552j,3,B,p1,289.485,orange-crate,crate,6,0,0,3
bkwXndiCq5SWrzQ6C,HyGtCYGnkTLGJhndS,9,5,0,0,0,0,5,9,0,XhqREEJtcdPQkLHMZ,5,A,p2,138.814,orange-crate,blue-crate,5,0,0,9
Mnu88nTyJeJYHpRor,HyGtCYGnkTLGJhndS,8,6,0,0,0,0,6,8,1,XhqREEJtcdPQkLHMZ,8,B,p2,125.882,orange-crate,purple-crate,6,0,0,8
D43qhisnQnAn9C543,HyGtCYGnkTLGJhndS,7,5,0,0,0,0,5,7,2,XhqREEJtcdPQkLHMZ,0,B,p2,125.188,crate,purple-crate,5,0,0,7
tnAQXPn7DpGNocL3o,HyGtCYGnkTLGJhndS,3,2,0,0,0,0,2,3,3,XhqREEJtcdPQkLHMZ,0,A,p2,118.839,green-crate,crate,2,0,0,3
sMwudvh8vSsiK3aLi,HyGtCYGnkTLGJhndS,6,2,0,0,0,0,2,6,4,XhqREEJtcdPQkLHMZ,0,A,p2,119.507,aqua-crate,blue-crate,2,0,0,6
iaqsH5NChvgoYosdv,HyGtCYGnkTLGJhndS,8,6,0,0,0,0,6,8,5,XhqREEJtcdPQkLHMZ,0,B,p2,118.894,blue-crate,orange-crate,6,0,0,8
jrQFGSS7yxnAaTTxZ,HyGtCYGnkTLGJhndS,8,5,0,0,0,0,5,8,6,XhqREEJtcdPQkLHMZ,0,B,p2,119.973,pink-crate,aqua-crate,5,0,0,8
jmxr26JDqhiouNSH7,HyGtCYGnkTLGJhndS,9,5,0,0,0,0,5,9,7,XhqREEJtcdPQkLHMZ,5,A,p2,120.455,purple-crate,orange-crate,5,0,0,9
qQjuSq2ud2umjX7vs,HyGtCYGnkTLGJhndS,5,4,0,0,0,0,4,5,8,XhqREEJtcdPQkLHMZ,4,A,p2,121.152,purple-crate,yellow-crate,4,0,0,5
jCNPXNK4JPFANFvqY,HyGtCYGnkTLGJhndS,9,4,0,0,0,0,4,9,9,XhqREEJtcdPQkLHMZ,0,B,p2,121.219,aqua-crate,pink-crate,4,0,0,9
8Fd22zr2uNLHbhiZ8,HyGtCYGnkTLGJhndS,5,2,0,0,0,0,2,5,10,XhqREEJtcdPQkLHMZ,0,B,p2,118.697,crate,pink-crate,2,0,0,5
hvyxCJKNMBdr3JBqy,HyGtCYGnkTLGJhndS,6,4,0,0,0,0,4,6,11,XhqREEJtcdPQkLHMZ,0,B,p2,117.388,orange-crate,yellow-crate,4,0,0,6
YmDTL2Zr8HcTjCPYo,HyGtCYGnkTLGJhndS,8,5,0,0,0,0,5,8,12,XhqREEJtcdPQkLHMZ,5,A,p2,119.283,blue-crate,orange-crate,5,0,0,8
4YFSu7bRBMm7M4Bsm,HyGtCYGnkTLGJhndS,5,2,0,0,0,0,2,5,13,XhqREEJtcdPQkLHMZ,2,A,p2,122.258,yellow-crate,purple-crate,2,0,0,5
oTYoZGCbLrYkBjms3,HyGtCYGnkTLGJhndS,5,3,0,0,0,0,3,5,14,XhqREEJtcdPQkLHMZ,0,A,p2,188.173,blue-crate,pink-crate,3,0,0,5
rThFg6RabvrLZxYcR,HyGtCYGnkTLGJhndS,9,8,0,0,0,0,8,9,15,XhqREEJtcdPQkLHMZ,9,B,p2,134.066,yellow-crate,aqua-crate,8,0,0,9
Z2wQpWo4npTr6Y7JJ,HyGtCYGnkTLGJhndS,9,3,0,0,0,0,3,9,16,XhqREEJtcdPQkLHMZ,9,B,p2,126.022,pink-crate,yellow-crate,3,0,0,9
XuibseC4zaN65e6AS,HyGtCYGnkTLGJhndS,9,5,0,0,0,0,5,9,17,XhqREEJtcdPQkLHMZ,9,B,p2,126.371,yellow-crate,purple-crate,5,0,0,9
ZRAS9dJyKgbw3zoFB,HyGtCYGnkTLGJhndS,9,7,0,0,0,0,7,9,18,XhqREEJtcdPQkLHMZ,7,A,p2,125.824,pink-crate,crate,7,0,0,9
au8DrmNGwuceYHvPS,HyGtCYGnkTLGJhndS,8,2,0,0,0,0,2,8,19,XhqREEJtcdPQkLHMZ,8,B,p2,124.604,blue-crate,aqua-crate,2,0,0,8
HrHc3SWStskQCbkfP,HyGtCYGnkTLGJhndS,9,5,0,0,0,0,5,9,20,XhqREEJtcdPQkLHMZ,9,B,p2,138.469,blue-crate,green-crate,5,0,0,9
ybaKr5HAnzJygmwXi,HyGtCYGnkTLGJhndS,8,3,0,0,0,0,3,8,21,XhqREEJtcdPQkLHMZ,3,A,p2,125.343,crate,blue-crate,3,0,0,8
dWhptdW4NqBpzAvwP,HyGtCYGnkTLGJhndS,8,2,0,0,0,0,2,8,22,XhqREEJtcdPQkLHMZ,8,B,p2,118.579,orange-crate,yellow-crate,2,0,0,8
ybzn987aTZ6TEobZo,HyGtCYGnkTLGJhndS,6,5,0,0,0,0,5,6,23,XhqREEJtcdPQkLHMZ,5,A,p2,131.489,orange-crate,green-crate,5,0,0,6
RsyZE26FM9DbF953v,HyGtCYGnkTLGJhndS,9,2,0,0,0,0,2,9,24,XhqREEJtcdPQkLHMZ,2,A,p2,125.994,green-crate,purple-crate,2,0,0,9
3rfxcotcM4nSMCh8J,HyGtCYGnkTLGJhndS,9,6,0,0,0,0,6,9,25,XhqREEJtcdPQkLHMZ,9,B,p2,123.99,yellow-crate,pink-crate,6,0,0,9
kXrQzjZGnZwcR6Mmn,HyGtCYGnkTLGJhndS,6,4,0,0,0,0,4,6,26,XhqREEJtcdPQkLHMZ,4,A,p2,122.516,aqua-crate,pink-crate,4,0,0,6
9pBuMhJRhchAsFMh2,HyGtCYGnkTLGJhndS,9,3,0,0,0,0,3,9,27,XhqREEJtcdPQkLHMZ,3,A,p2,129.455,purple-crate,blue-crate,3,0,0,9
bEA3iKty6q9LusnL6,HyGtCYGnkTLGJhndS,9,3,0,0,0,0,3,9,28,XhqREEJtcdPQkLHMZ,9,B,p2,128.608,orange-crate,purple-crate,3,0,0,9
Tof7QtcPHm5Ynf74E,HyGtCYGnkTLGJhndS,6,2,0,0,0,0,2,6,29,XhqREEJtcdPQkLHMZ,6,B,p2,127.414,crate,pink-crate,2,0,0,6
CeiECxTBtaCWAxJs4,HyGtCYGnkTLGJhndS,5,2,0,0,0,0,2,5,30,XhqREEJtcdPQkLHMZ,2,A,p2,129.009,crate,blue-crate,2,0,0,5
z9t9xEhutW7JDasS5,HyGtCYGnkTLGJhndS,9,3,0,0,0,0,3,9,31,XhqREEJtcdPQkLHMZ,9,B,p2,127.81,blue-crate,orange-crate,3,0,0,9
MZKpc2he2eF3piDvg,HyGtCYGnkTLGJhndS,9,4,0,0,0,0,4,9,32,XhqREEJtcdPQkLHMZ,4,A,p2,125.546,blue-crate,aqua-crate,4,0,0,9
qFuJaXo2ehfxLH8c5,HyGtCYGnkTLGJhndS,6,4,0,0,0,0,4,6,33,XhqREEJtcdPQkLHMZ,4,A,p2,125,yellow-crate,crate,4,0,0,6
mtCd9i8BK9FZ3ZGmJ,HyGtCYGnkTLGJhndS,7,4,0,0,0,0,4,7,34,XhqREEJtcdPQkLHMZ,4,A,p2,126.705,yellow-crate,crate,4,0,0,7
hqKaLQSJzcogRHiSW,HyGtCYGnkTLGJhndS,9,3,0,0,0,0,3,9,35,XhqREEJtcdPQkLHMZ,9,B,p2,121.211,pink-crate,green-crate,3,0,0,9
2jLF5yeZquDM5W7DE,HyGtCYGnkTLGJhndS,8,3,0,0,0,0,3,8,36,XhqREEJtcdPQkLHMZ,3,A,p2,124.008,aqua-crate,yellow-crate,3,0,0,8
cm8QyxAhtEc4Z7qaL,HyGtCYGnkTLGJhndS,8,5,0,0,0,0,5,8,37,XhqREEJtcdPQkLHMZ,8,B,p2,124.124,pink-crate,purple-crate,5,0,0,8
XRmGTk8r2ra3aoJub,HyGtCYGnkTLGJhndS,8,6,0,0,0,0,6,8,38,XhqREEJtcdPQkLHMZ,6,A,p2,123.698,orange-crate,yellow-crate,6,0,0,8
k6XekvWj6iF9KSwQQ,HyGtCYGnkTLGJhndS,6,3,0,0,0,0,3,6,39,XhqREEJtcdPQkLHMZ,6,B,p2,122.423,orange-crate,crate,3,0,0,6
