_id,playerId,gameId,createdAt,age,gender,language,raceWhite,raceBlack,raceAsian,raceNative,raceIslander,raceHispanic,education,correctness,human,workedWell,fair,chatUseful,feedback,time,playerIds,game_cond,chat_cond
Mo2MfSKnqfAeJJEwk,GEP2thqtKeEPqmAYh,Z5FZXHNfuyphj5PhR,2022-01-07T17:13:40Z,29,female,english,NA,TRUE,FALSE,NA,NA,NA,bachelor,yes,yes,agree,yes,yes,no,yes,"GEP2thqtKeEPqmAYh,m3yvm4LFxdtfHeBRw",BoS,chat
bLCq36yH7TuuEHk2j,m3yvm4LFxdtfHeBRw,Z5FZXHNfuyphj5PhR,2022-01-07T17:13:40Z,47,Female,English,TRUE,NA,NA,NA,NA,NA,master,yes,no,neutral,Yes,Yes,No,Yes,"GEP2thqtKeEPqmAYh,m3yvm4LFxdtfHeBRw",BoS,chat
SBC77mR664ytsmyFd,2Fsgr2KWbJdTo3ZZQ,FsfQ4y827izGotseF,2022-01-07T17:13:44Z,20,male,Greek,TRUE,NA,NA,NA,NA,NA,someCollege,yes,yes,stronglyAgree,"Not entirely, but mostly yes.",Yes.,N/A,Yes.,"2Fsgr2KWbJdTo3ZZQ,WNB3KubyGxLpMEYES",BoS,chat
Kqz8rJ9dAvbfEXCEu,WNB3KubyGxLpMEYES,FsfQ4y827izGotseF,2022-01-07T17:14:16Z,21,female,polish,TRUE,NA,NA,NA,NA,NA,highSchool,yes,yes,stronglyAgree,"pretty fair, however I feel bad cause they got less money",i hated that it reseted all the time,NA,yes,"2Fsgr2KWbJdTo3ZZQ,WNB3KubyGxLpMEYES",BoS,chat
Ya86JGSQmRgp9mPFK,Pi8bdBNhxNn44uNdJ,PTvBrGnhMF2yLncsp,2022-01-07T17:16:01Z,20,female,portuguese,TRUE,NA,NA,NA,NA,NA,someCollege,yes,no,disagree,Yes,yes,no,yes,"Pi8bdBNhxNn44uNdJ,ek5AGM5aGvZYuDRyH",BoS,chat
zEkwSWSZ9Jdbp78Ai,ek5AGM5aGvZYuDRyH,PTvBrGnhMF2yLncsp,2022-01-07T17:17:29Z,52,female,english,TRUE,NA,TRUE,NA,NA,NA,master,yes,yes,neutral,Yes. Though it felt like I had so little time to choose.,"Yes. Again, timing. We prob should have used it more during game.",At the beginning - instructions page - the page kept flashing & moving up and down. I would guess a fault. It took a while to read!,No.,"Pi8bdBNhxNn44uNdJ,ek5AGM5aGvZYuDRyH",BoS,chat
yq5GtZdNQfxGtiHb4,HajfrsTXaiKg3fBib,huMpijBxhzB7qgijL,2022-01-07T17:17:30Z,21,female,italian,TRUE,NA,NA,NA,NA,NA,highSchool,yes,yes,stronglyAgree,yes,yes,no,yes,"3pciS8RTgpzDnkyoK,HajfrsTXaiKg3fBib",BoS,chat
wupgvxC94g9PoEerM,3pciS8RTgpzDnkyoK,huMpijBxhzB7qgijL,2022-01-07T17:17:51Z,26,male,Portuguese,TRUE,NA,NA,NA,NA,NA,bachelor,yes,yes,agree,yea it was fair,"of course, i had to explain the easy strategie to my partner... and he could fail sometimes",i prefered if the chat had an history instead of refreshing,"we clicked every task in 5 seconds, you should put like 20 seconds to respond instead of 3 min.","3pciS8RTgpzDnkyoK,HajfrsTXaiKg3fBib",BoS,chat
jbtuyZmM6WKLu5xrG,mgvdRrSWCx3F22Q9m,qQjJutcTAnoidrRNk,2022-01-07T17:17:55Z,29,male,Portuguese,TRUE,NA,NA,NA,NA,NA,highSchool,yes,yes,stronglyAgree,Yes,Yes,No problems found.,Yes,"mgvdRrSWCx3F22Q9m,tMQaWYotFudCLtrcE",BoS,chat
ikjvjPHoqCwAMTF5H,4swErhnRANwAntH8y,vfnssDmogHKt69J8W,2022-01-07T17:18:05Z,19,Female,Polish,TRUE,NA,NA,NA,NA,NA,highSchool,yes,yes,stronglyAgree,Yes!,Extremely,"None, thanks!",Plenty of it,"4swErhnRANwAntH8y,WKGaEaWxkF89GASP5",BoS,chat
CnY8tHQjjmcXfFQh8,t6rzkw8iTRgxRFf3y,z8rC9dut5Ap2MqTuu,2022-01-07T17:18:10Z,29,male,english,TRUE,NA,NA,NA,NA,NA,someCollege,yes,yes,stronglyAgree,yes,yes,"no, it was good fun",yes,"HNDrt2xfdTWLDRvhx,t6rzkw8iTRgxRFf3y",BoS,chat
EeCz7aCeSuzgw7RJP,pZEm25w6mN3gL4Qx7,qATDEbixdfTFgEaX3,2022-01-07T17:18:10Z,21,male,english,TRUE,NA,NA,NA,NA,NA,highSchool,yes,yes,stronglyAgree,yes,yes,no,yes,"3NexhWeTuEWHuu6g5,pZEm25w6mN3gL4Qx7",BoS,chat
a9tRWWfGNGyf9WxT5,RSR5yWansLRSYwmS3,HPKNwkNt2QsoLh4Ni,2022-01-07T17:18:11Z,28,male,polish,TRUE,NA,NA,NA,NA,NA,bachelor,yes,yes,stronglyAgree,yes,yes,no,yes,"RSR5yWansLRSYwmS3,p92gQxei87LFJP55C",BoS,chat
uPKS88ab9t57b2NEP,tMQaWYotFudCLtrcE,qQjJutcTAnoidrRNk,2022-01-07T17:18:16Z,45,Female,British,TRUE,NA,NA,NA,NA,NA,bachelor,yes,yes,stronglyAgree,Yes.,Very easy,"No problems, it was a fun game.",Yes,"mgvdRrSWCx3F22Q9m,tMQaWYotFudCLtrcE",BoS,chat
FoWYuSNWvTKCGH5t3,WKGaEaWxkF89GASP5,vfnssDmogHKt69J8W,2022-01-07T17:18:17Z,30,male,german,TRUE,NA,NA,NA,NA,NA,master,yes,yes,stronglyAgree,it was fair,"yes, very easy","i notice nothing, sorry","yes, time was enough","4swErhnRANwAntH8y,WKGaEaWxkF89GASP5",BoS,chat
iH48FNXqz6Yo9CEJt,p92gQxei87LFJP55C,HPKNwkNt2QsoLh4Ni,2022-01-07T17:18:38Z,23,Female,English,NA,NA,TRUE,FALSE,NA,NA,bachelor,yes,yes,agree,Yes,Yes,No,Yes,"RSR5yWansLRSYwmS3,p92gQxei87LFJP55C",BoS,chat
YYan9ASNWWvjkpmAS,3NexhWeTuEWHuu6g5,qATDEbixdfTFgEaX3,2022-01-07T17:18:47Z,20,Male,NA,TRUE,NA,NA,NA,NA,NA,highSchool,yes,yes,stronglyAgree,For sure,Yes and pretty useful,Its very good,More than enought to be honest,"3NexhWeTuEWHuu6g5,pZEm25w6mN3gL4Qx7",BoS,chat
gorqfEzrSR74zrhBG,4EXNanqv6KXsbiN29,uZMYtQaaDrETsLgNo,2022-01-07T17:19:02Z,40,male,English,TRUE,NA,NA,NA,NA,NA,bachelor,yes,yes,neutral,Yes,Yes,N/A,Absolutely,"4EXNanqv6KXsbiN29,T55x3e4etyNEH9SkG",BoS,chat
hq4DArf9CYABgPgN9,W22TvgSDkAs7BwkDk,EApCFxzD7xBNjX3sd,2022-01-07T17:19:17Z,29,Female,English,TRUE,NA,NA,NA,NA,NA,someCollege,yes,yes,stronglyAgree,Yes very fair.,Extremely easy.,No problems.,yes!,"BF4JK2mnp3HZ9yEha,W22TvgSDkAs7BwkDk",BoS,chat
wMkRpZihyJzuCodgS,HNDrt2xfdTWLDRvhx,z8rC9dut5Ap2MqTuu,2022-01-07T17:19:29Z,21,Male,Polish,TRUE,NA,NA,NA,NA,NA,highSchool,yes,yes,stronglyAgree,Yes,Very easy,imo new message sound was a little too loud,yes,"HNDrt2xfdTWLDRvhx,t6rzkw8iTRgxRFf3y",BoS,chat
YNKoyXhQWPjANjr45,BF4JK2mnp3HZ9yEha,EApCFxzD7xBNjX3sd,2022-01-07T17:19:31Z,39,female,Czech,TRUE,NA,NA,NA,NA,NA,master,yes,yes,stronglyAgree,yes we made sure we were tied for the amounts,Yup!,The instructions screen reloaded several times which made it difficult to read,Yes the time for deliberation was enough to make strategic decisions,"BF4JK2mnp3HZ9yEha,W22TvgSDkAs7BwkDk",BoS,chat
XeND2JrctbPYNaaaZ,T55x3e4etyNEH9SkG,uZMYtQaaDrETsLgNo,2022-01-07T17:19:54Z,40,male,South Africa,NA,TRUE,NA,NA,NA,NA,someCollege,yes,yes,agree,yes,very easy,N/A,could have been 30 sec longer,"4EXNanqv6KXsbiN29,T55x3e4etyNEH9SkG",BoS,chat
ByPtCeLW8wQFz5M29,W2hQLgAjYbZKH6x5W,xaYY3p4YzND7tkitf,2022-01-07T17:21:00Z,24,male,polish,TRUE,NA,NA,NA,NA,NA,highSchool,yes,yes,stronglyAgree,"Yes, we tried to split it in half",Yes,Colors were sometimes hard to describe,"Yes, plenty","W2hQLgAjYbZKH6x5W,xWJADoRxt4sYfv9L8",BoS,chat
jbAGMkSu6dq4E5mRi,xWJADoRxt4sYfv9L8,xaYY3p4YzND7tkitf,2022-01-07T17:21:23Z,19,Male,Hungarian,TRUE,NA,NA,NA,NA,NA,highSchool,yes,yes,stronglyAgree,Yes It was fair!,It was easy to use.,"No, there was not any problem.",Yes.,"W2hQLgAjYbZKH6x5W,xWJADoRxt4sYfv9L8",BoS,chat
fxErrWNkKKKZ4hrNi,tb5FsQpyjmGB9z4rw,Th487YtpXtFskC9So,2022-01-07T17:22:08Z,24,Female,Portuguese,TRUE,NA,NA,NA,NA,NA,bachelor,yes,yes,disagree,Yes,Yes,Nope. Good luck!,No. I wanted to think more.,"TXbXC7Am26TT2GNeg,tb5FsQpyjmGB9z4rw",BoS,chat
CZ9X7CJXAFuxXQmqA,TXbXC7Am26TT2GNeg,Th487YtpXtFskC9So,2022-01-07T17:22:18Z,20,Male,English,TRUE,NA,NA,NA,NA,NA,highSchool,yes,yes,neutral,no,yes,no,yes,"TXbXC7Am26TT2GNeg,tb5FsQpyjmGB9z4rw",BoS,chat
viLu6EPGRdP6vbSLC,QAWkDWntmipuk7oRS,W3QWhzvvzxZZbn3mB,2022-01-07T17:22:38Z,22,Male,Portuguese,TRUE,NA,NA,NA,NA,NA,master,yes,yes,stronglyAgree,Yes we ended up with an even amount of payment,Yes,No,"Yes, a lot more than what it was needed","QAWkDWntmipuk7oRS,tpGrrWavY2bsca3xo",BoS,chat
RfrbNnYTmFzm6z8eu,CRvJuBh2iv4TYTCTZ,8cFhyCjqaMjkxpqzh,2022-01-07T17:23:14Z,30,female,english,TRUE,NA,NA,NA,NA,NA,highSchool,yes,yes,stronglyAgree,yes,very easy,no,yes we had lots of time,"CRvJuBh2iv4TYTCTZ,e2sqFhGiJJrYy5Sow",BoS,chat
MNqdcGkiu6xsvb5Ej,e2sqFhGiJJrYy5Sow,8cFhyCjqaMjkxpqzh,2022-01-07T17:23:22Z,24,male,hungarian,TRUE,NA,NA,NA,NA,NA,highSchool,yes,yes,stronglyAgree,yes,yes,no,yes,"CRvJuBh2iv4TYTCTZ,e2sqFhGiJJrYy5Sow",BoS,chat
bNEBJzPbmvF9cQo5F,njdfWPZcQMgSsZaZw,YFY6Y5GvKXmGH6h8y,2022-01-07T17:24:43Z,43,Male,English,TRUE,NA,NA,NA,NA,NA,master,yes,yes,stronglyAgree,Yes,Very easy,None,Yes,"6CwPgXuvh2hWpQ9Lh,njdfWPZcQMgSsZaZw",BoS,chat
FpMnmegsmw5W4wTNR,tpGrrWavY2bsca3xo,W3QWhzvvzxZZbn3mB,2022-01-07T17:24:46Z,27,male,polish,TRUE,NA,NA,NA,NA,NA,someCollege,yes,yes,stronglyAgree,"Yes, one time I selected for bigger prize for me, the other time for my partner. And in the end we had even payment :)","Yes, it was. Sadly it was refreshing every round but we had a lot of time to discuss. It was nice.","Rather nothing. On the first page with instructions (not consent form) when I was reading and scrolling page... refreshed few times. But game worked pretty nice. It was really interesting study.\n\nThank you and have a nice day,\nK.","Definitely, game was really easy to meet and chat with someone :)","QAWkDWntmipuk7oRS,tpGrrWavY2bsca3xo",BoS,chat
KMXu5bgJ7x63yw4C3,6CwPgXuvh2hWpQ9Lh,YFY6Y5GvKXmGH6h8y,2022-01-07T17:25:16Z,25,male,Greek,TRUE,NA,NA,NA,NA,NA,someCollege,yes,yes,stronglyAgree,Yes the pay was fair,Very easy,"No problems , really liked it! Invite me in more of these! Loved it!",More than enough,"6CwPgXuvh2hWpQ9Lh,njdfWPZcQMgSsZaZw",BoS,chat
KZPXJcm9sHo5Bdhmj,a8QmY4jecMp8NLFEi,hz6hL4GTW3WoPBXAq,2022-01-07T17:26:20Z,22,male,portuguese,TRUE,NA,NA,NA,NA,NA,bachelor,NA,yes,stronglyAgree,yes,yes,no,yes,"a8QmY4jecMp8NLFEi,jgpotgNmBQWjkRAek",BoS,chat
utxRX2rrfXJh8S5WE,hD2MkKW2PfKYPtYW8,sr8J9842CEWL5WLRn,2022-01-07T17:27:42Z,29,male,polish,TRUE,NA,NA,NA,NA,NA,master,yes,no,neutral,Yes,Yes,Nope,Yes,"A2xEsfcmHdB8JWkaM,hD2MkKW2PfKYPtYW8",BoS,chat
BnoDGLMQyQ29CLs5K,A2xEsfcmHdB8JWkaM,sr8J9842CEWL5WLRn,2022-01-07T17:27:54Z,31,Male,French,NA,NA,TRUE,NA,NA,NA,master,yes,no,neutral,Yes it was totally fair,"It was really easy to use. Maybe adding a ""typing"" functionnality would've made it even better",No comments!,Yes we totally had enough time on each round,"A2xEsfcmHdB8JWkaM,hD2MkKW2PfKYPtYW8",BoS,chat
7ovCGZk4GfhmSanNN,jgpotgNmBQWjkRAek,hz6hL4GTW3WoPBXAq,2022-01-07T17:28:54Z,21,Male,Polish,TRUE,NA,NA,NA,NA,NA,someCollege,yes,yes,stronglyAgree,"Yes, it was very fair",Yes,We encountered no problems,Yes,"a8QmY4jecMp8NLFEi,jgpotgNmBQWjkRAek",BoS,chat
C5RwaN8tsvaJoCrLQ,rR2L38qebA58DbaN3,LTEsjoFD9BfbHCWq2,2022-01-07T17:33:25Z,24,Male,Polish,TRUE,NA,NA,NA,NA,NA,bachelor,yes,yes,stronglyAgree,I think so,Yes,no,We made agreement so every 10 rounds change of the one who is earning more,"7nvaY2cZm5fSe5To5,rR2L38qebA58DbaN3",BoS,chat
YZpKmf5WvPWFK445j,7nvaY2cZm5fSe5To5,LTEsjoFD9BfbHCWq2,2022-01-07T17:33:50Z,24,Male,English,TRUE,NA,NA,NA,NA,NA,highSchool,yes,yes,stronglyAgree,Absolutly,Yes,Too much time,Too much,"7nvaY2cZm5fSe5To5,rR2L38qebA58DbaN3",BoS,chat
poberiC6K33jL3Cxs,Xx3JaZWPXbD5N6GpY,sBALstkTNra5hRJtK,2022-01-07T17:51:46Z,21,Female,German,TRUE,NA,NA,NA,NA,NA,highSchool,yes,no,disagree,Yes,Yes,No,Yes,"6LC7NqtTdMfTgnLeb,Xx3JaZWPXbD5N6GpY",PD,chat
HdkjFNFPwtwcFRM9z,BhBJAmneFTkSF7RPC,9Sra3aLmBzTD5SjZN,2022-01-07T17:51:46Z,23,female,Polish,TRUE,NA,NA,NA,NA,NA,someCollege,yes,yes,neutral,"yes, it's arbitrary but it's a game",yes,it was good,"not enough to chat, but didn't need that","9xt6wBs4sCM4dwScx,BhBJAmneFTkSF7RPC",PD,chat
gGFhZWvfbQfZNebcq,6LC7NqtTdMfTgnLeb,sBALstkTNra5hRJtK,2022-01-07T17:51:49Z,25,male,Portuguese,TRUE,NA,NA,NA,NA,NA,master,yes,yes,agree,"yes, a lot.",very useful.,no.,no.,"6LC7NqtTdMfTgnLeb,Xx3JaZWPXbD5N6GpY",PD,chat
FuhJM95yrogNaroXC,uKyFHYAF6JwQuzrfs,nX5cY4ZMqTnXSeqSd,2022-01-07T17:51:56Z,56,male,English,TRUE,NA,NA,NA,NA,NA,master,yes,yes,stronglyAgree,Very fair,"Didn't really use it, we just agreed to play fair at the start",none,Yes but really played instantly,"oFpiJPuv9N95khQvG,uKyFHYAF6JwQuzrfs",PD,chat
QFb8NvrRspPGBSvPu,28RxTbo7SSKZ4Du2G,P6qvQb3csLBaQ6YMK,2022-01-07T17:52:04Z,29,female,russian,TRUE,NA,NA,NA,NA,NA,bachelor,yes,yes,stronglyAgree,yes,yes,no,yes,"28RxTbo7SSKZ4Du2G,5g5WEywktqKxAtCwR",PD,chat
YHvknKJLfm2ccMwqJ,oFpiJPuv9N95khQvG,nX5cY4ZMqTnXSeqSd,2022-01-07T17:52:11Z,21,Male,Slovenian,TRUE,NA,NA,NA,NA,NA,bachelor,yes,yes,stronglyAgree,Yes,"Yes, it worked well","On the instructions page, the website was jumping back to the top of the page everytime i scrolled to the bottom, so i had to keep scrolling to read the instructions.",Yes,"oFpiJPuv9N95khQvG,uKyFHYAF6JwQuzrfs",PD,chat
H4yJnR2aPH65Hvpsr,9xt6wBs4sCM4dwScx,9Sra3aLmBzTD5SjZN,2022-01-07T17:52:13Z,69,NA,english,TRUE,NA,NA,NA,NA,NA,highSchool,yes,yes,stronglyAgree,yes,yes,Well presented and interesting survey. Well done,yes,"9xt6wBs4sCM4dwScx,BhBJAmneFTkSF7RPC",PD,chat
Crmb6EdoueC5EXd46,PaFgMgg27ijZDwKea,qnMPutBMhkoHiTkNv,2022-01-07T17:52:15Z,18,Female,English,TRUE,NA,NA,NA,NA,NA,someCollege,yes,yes,agree,Yep,Very easy,Nope,Yep,"FXX94LXCBAq7qSZhS,PaFgMgg27ijZDwKea",PD,chat
ymKK9EhdNBDtyTeLJ,qqg5HXTbXJN4dLnmF,nhRZcP3BNhPGSisz8,2022-01-07T17:52:24Z,25,Male,Polish,TRUE,NA,NA,NA,NA,NA,master,yes,yes,stronglyAgree,Yes,Very easy,Nope,Even too much time,"kPKYPw8bGA8irS5nM,qqg5HXTbXJN4dLnmF",PD,chat
o94mnh5SiABQb7zxh,FXX94LXCBAq7qSZhS,qnMPutBMhkoHiTkNv,2022-01-07T17:52:25Z,54,Female,English,TRUE,NA,NA,NA,NA,NA,bachelor,yes,no,neutral,Yes,Yes,No,Yes,"FXX94LXCBAq7qSZhS,PaFgMgg27ijZDwKea",PD,chat
RDWXfqJmpKZ7vyHAb,5g5WEywktqKxAtCwR,P6qvQb3csLBaQ6YMK,2022-01-07T17:53:10Z,29,Female,Dutch,TRUE,NA,NA,NA,NA,NA,bachelor,yes,yes,stronglyAgree,"Sometimes the payoff for working together was a lot lower in terms of individual payment, but in the long run I do think it pays off.","Very easy, went smoothly.",None.,"More than enough time, once I settled on working together the choices were easy to make.","28RxTbo7SSKZ4Du2G,5g5WEywktqKxAtCwR",PD,chat
cEHDkZ8NHqjMKJrN6,kPKYPw8bGA8irS5nM,nhRZcP3BNhPGSisz8,2022-01-07T17:53:26Z,28,female,english,TRUE,NA,NA,NA,NA,NA,bachelor,yes,yes,stronglyAgree,Yes,"Yes, during the choosing boxes there wasn't much time to chat",The instruction screen kept messing up and going back to the top when I was trying to read the instructions at the bottom of the page.,"To pick boxes, yes","kPKYPw8bGA8irS5nM,qqg5HXTbXJN4dLnmF",PD,chat
o2iFTbqaFdDSegCBK,9TmRejLwGurfmJwHu,tnYeJsuxQGzZteJhu,2022-01-07T17:53:49Z,54,Male,English,TRUE,NA,NA,NA,NA,NA,bachelor,yes,yes,stronglyAgree,Yes,Yes,No problems,"Yes, plenty","9TmRejLwGurfmJwHu,AfwwGjhiv3w5w8bsy",PD,chat
XcWseMvuewxSfyaEh,AfwwGjhiv3w5w8bsy,tnYeJsuxQGzZteJhu,2022-01-07T17:54:12Z,23,Male,English,TRUE,NA,NA,NA,NA,NA,someCollege,yes,yes,agree,Yes,Yes,No,Yes,"9TmRejLwGurfmJwHu,AfwwGjhiv3w5w8bsy",PD,chat
PspTf4NvtArqh52Nt,QoNvubAahLE3kkjj8,KQ9pHnYsdZo3gckLJ,2022-01-07T17:54:18Z,63,female,Afrikaans,TRUE,NA,NA,NA,NA,NA,highSchool,yes,no,agree,Yes.  The game was fun,"Yes, very easy",No,"Yes, You can not ponder on a answer for to long","EduzRXYv5nQQkuMho,QoNvubAahLE3kkjj8",PD,chat
mFDuDWsF6mXrBu254,SiNz9MJeB2qPaKdp7,gEptB6t2B8zKo2itr,2022-01-07T17:54:18Z,53,female,english,TRUE,NA,NA,NA,NA,NA,highSchool,yes,yes,agree,yes,yes,interesting,yes,"SiNz9MJeB2qPaKdp7,xap4Mg5WctGodPMbS",PD,chat
PNehxwBHy7jjix9e5,xap4Mg5WctGodPMbS,gEptB6t2B8zKo2itr,2022-01-07T17:54:20Z,31,Male,Greek,TRUE,NA,NA,NA,NA,NA,bachelor,yes,yes,neutral,Yes.,"Yes, it was.",NA,"Yes, it was enough.","SiNz9MJeB2qPaKdp7,xap4Mg5WctGodPMbS",PD,chat
ramuTmGoJBksumAtF,EduzRXYv5nQQkuMho,KQ9pHnYsdZo3gckLJ,2022-01-07T17:54:21Z,45,Female,Spanish,NA,NA,NA,NA,NA,TRUE,bachelor,yes,yes,disagree,Yes.,Yes.,"When the instructions were given, the page kept refreshing by itself. I had to scroll down a lot of times to keep reading.",Yes.,"EduzRXYv5nQQkuMho,QoNvubAahLE3kkjj8",PD,chat
MbzG3Dnb5hkGcASxF,35Z2ki2xkFL5TMzSC,2otgRid6N9PNQwtSd,2022-01-07T17:54:22Z,40,Female,English,TRUE,NA,NA,NA,NA,NA,someCollege,NA,yes,agree,Yes it was fair.,Yes it was easy to use.,I haven't noticed any problems.,"Yes, the allocated time was enough.","35Z2ki2xkFL5TMzSC,5rdij4Xhy6MuoHGBA",PD,chat
avxf74ehpFwzGpR3d,5rdij4Xhy6MuoHGBA,2otgRid6N9PNQwtSd,2022-01-07T17:54:26Z,32,Female,English,NA,NA,TRUE,NA,NA,NA,bachelor,yes,yes,agree,Yes,"Yes easy to use, spoke to my partner before the game began",No,Yes,"35Z2ki2xkFL5TMzSC,5rdij4Xhy6MuoHGBA",PD,chat
22rpa6qmo27TXn6fx,bH827pqBzPoASDKLL,MZpTnK2MCwzXvW8Qp,2022-01-07T17:55:44Z,28,Male,English,TRUE,NA,NA,NA,NA,NA,highSchool,yes,yes,agree,"Yes, for sure","Yes, it was simple to talk with my partner, though he didn't seem very talkative.",None.,"Plenty, 3 minutes is more than enough.","ShXiHQQRq2HAirmqP,bH827pqBzPoASDKLL",PD,chat
PGmg5dBNc7ohWjcep,BkAWA2P83AnBmRcif,KxJzRQeo5HikZxreo,2022-01-07T17:55:58Z,35,Male,German,TRUE,NA,NA,NA,NA,NA,someCollege,yes,yes,agree,Yes,It was but I didn't get a response.,None,Yes,"BkAWA2P83AnBmRcif,Jw5pzBN4uriTckCGA",PD,chat
k8aPgzQqJ7c8FfnRG,Jw5pzBN4uriTckCGA,KxJzRQeo5HikZxreo,2022-01-07T17:56:45Z,24,female,polish,TRUE,NA,NA,NA,NA,NA,master,yes,no,agree,yes,yes,"no, any problems",yes,"BkAWA2P83AnBmRcif,Jw5pzBN4uriTckCGA",PD,chat
f9xYCnmJNDEdijXZX,ShXiHQQRq2HAirmqP,MZpTnK2MCwzXvW8Qp,2022-01-07T17:57:05Z,34,Female,Spanish,NA,NA,NA,FALSE,NA,TRUE,master,yes,no,stronglyAgree,Yes,Yes,When I was reading the instructions the screen was flickering,Yes,"ShXiHQQRq2HAirmqP,bH827pqBzPoASDKLL",PD,chat
8gcTQQECygjzvRs4D,tQJiGLnnkMmBQotHi,kYMiA6nnXyTaEpSQQ,2022-01-07T17:57:50Z,39,female,english,TRUE,NA,NA,NA,NA,NA,bachelor,yes,yes,stronglyAgree,yes,yes,no,yes,"8HKH4BYfBDGKhHdr3,tQJiGLnnkMmBQotHi",PD,chat
DxhPKYuKgGgBC6wPv,ChAxpjEZpA3XWsBWH,CJoT8TKLrQSZqgMKW,2022-01-07T17:58:31Z,39,female,english,NA,NA,NA,NA,NA,TRUE,highSchool,yes,yes,stronglyAgree,sure,yes,no,yes,"ChAxpjEZpA3XWsBWH,gEXWLWptddhnxNhox",PD,chat
csnsycJFua97Z5usy,8HKH4BYfBDGKhHdr3,kYMiA6nnXyTaEpSQQ,2022-01-07T17:58:37Z,34,Male,Portuguese,TRUE,NA,NA,NA,NA,NA,someCollege,yes,yes,agree,"Yes, it was fair","Yes, good ideia",nope. all good.\nwish i had the chance to say goodbye :p,yes,"8HKH4BYfBDGKhHdr3,tQJiGLnnkMmBQotHi",PD,chat
FJqjSxjWch8bSmvco,gEXWLWptddhnxNhox,CJoT8TKLrQSZqgMKW,2022-01-07T18:00:31Z,41,female,russian,TRUE,NA,NA,NA,NA,NA,bachelor,yes,yes,agree,"yes, was fair","The chat was easy, but not during the game. It was too fast to chat and to play.",Did not face any issue. Everything works well.,yes,"ChAxpjEZpA3XWsBWH,gEXWLWptddhnxNhox",PD,chat
nftMxofKaeYBRKCKb,smCqyzYGi6oXv2TKY,i9thMpzYDF4Ga9KTE,2022-01-07T18:00:50Z,25,male,Polish,TRUE,NA,NA,NA,NA,NA,master,NA,yes,stronglyAgree,Yes,Yes,No,Yes,"8B7GaW5vi7KSzAZnJ,smCqyzYGi6oXv2TKY",PD,chat
yMMN262EgHfKuaboy,we9HQqEE2wpn3Awnw,Gyc9Cqxhktfmu7HW6,2022-01-07T18:01:22Z,23,female,portugueses,TRUE,NA,NA,NA,NA,NA,someCollege,yes,yes,neutral,yes,yes,no,yes,"ijKJH4jqArcA8rFpu,we9HQqEE2wpn3Awnw",PD,chat
9LmpiMwrXJ95qF2bW,8B7GaW5vi7KSzAZnJ,i9thMpzYDF4Ga9KTE,2022-01-07T18:01:27Z,21,Male,Spanish,TRUE,NA,NA,NA,NA,NA,bachelor,yes,yes,agree,"Yes, I think is fair",Was so easy to use,"No, no problems","Yes, we have so much time to decide","8B7GaW5vi7KSzAZnJ,smCqyzYGi6oXv2TKY",PD,chat
deLdQuGW75vmhesck,R3hf6KBWwar7DMoMX,And6a7tYJwANXPEZL,2022-01-07T18:02:18Z,29,female,english,TRUE,NA,NA,NA,NA,NA,highSchool,yes,yes,stronglyAgree,yes  very,yes very,it glitched a little bit at the beginning but it did not stop me from completely the task,plenty,"R3hf6KBWwar7DMoMX,Yz88v78EY5jNdzcYu",PD,chat
uq83sYdjMiav4YKWf,Yz88v78EY5jNdzcYu,And6a7tYJwANXPEZL,2022-01-07T18:02:27Z,20,agender,polish,TRUE,NA,NA,NA,NA,NA,highSchool,yes,yes,stronglyAgree,yeah,yes,nope,yes,"R3hf6KBWwar7DMoMX,Yz88v78EY5jNdzcYu",PD,chat
mrFEWbrasBy9zqr7X,ijKJH4jqArcA8rFpu,Gyc9Cqxhktfmu7HW6,2022-01-07T18:08:06Z,31,Male,Spanish,TRUE,NA,NA,NA,NA,NA,bachelor,yes,yes,neutral,"Yes, I do.","Yes, it was.",It has been a pleasure to participate in this study.,"Yes, I did.","ijKJH4jqArcA8rFpu,we9HQqEE2wpn3Awnw",PD,chat
tz2yDN8Sv5Nyn5HMs,yreFTRaDENvWHeHYm,i7cBjvNbjNh8W8rWz,2022-01-07T19:17:44Z,24,Male,Polish,TRUE,NA,NA,NA,NA,NA,bachelor,yes,yes,disagree,Yes,Yes,no,Yes,"CzM2kpPxAZHZZEGk2,yreFTRaDENvWHeHYm",BoS,nochat
F5kwihnQbrZ4x3nxS,CzM2kpPxAZHZZEGk2,i7cBjvNbjNh8W8rWz,2022-01-07T19:17:51Z,24,Female,English,TRUE,NA,NA,NA,NA,NA,someCollege,yes,yes,stronglyAgree,Yes.,Yes.,No.,Yes.,"CzM2kpPxAZHZZEGk2,yreFTRaDENvWHeHYm",BoS,nochat
iTXm3Ti6aQAyPizbo,EdZE2AZDi4huLXpyz,pkuxQWH2Dn6tRZN29,2022-01-07T19:18:55Z,27,Female,English,TRUE,NA,NA,NA,NA,NA,someCollege,yes,yes,agree,Yes,"Yes, it was!",Nope!,Yes definitely,"EdZE2AZDi4huLXpyz,SauqrumwrhKRbERkp",BoS,nochat
c2jAbakvksT59R8eb,SauqrumwrhKRbERkp,pkuxQWH2Dn6tRZN29,2022-01-07T19:18:56Z,19,Male,English,TRUE,NA,NA,NA,NA,NA,someCollege,yes,no,stronglyAgree,"Yea, me and my partner were pretty even in pay. If you mean the pay for the study itself then yes.",Yes.,No.,Yes.,"EdZE2AZDi4huLXpyz,SauqrumwrhKRbERkp",BoS,nochat
BJHp38gqrKicFATeS,nXi2XRmPSwHBMH7QZ,JxWELFcqbt4QhErmK,2022-01-07T19:19:18Z,49,Male,British,TRUE,NA,NA,NA,NA,NA,someCollege,yes,yes,agree,Yes I think so we tried to work together for rewards,Yes very easy to chat,No problems with the study at all,Yes plenty of time,"NXG9xrubeMAiaBGcz,nXi2XRmPSwHBMH7QZ",BoS,nochat
BhMbtxy9Dcoes7q55,Er4MvF9jMLZkmNyiQ,hvmtr2DbNHSoS7t5T,2022-01-07T19:19:20Z,21,Male,Portuguese,TRUE,NA,NA,NA,NA,NA,someCollege,yes,yes,agree,Yes,Yes,In the instructions it was a bit hard to see since it was flashing a bit i dont know why,Yes,"Er4MvF9jMLZkmNyiQ,tEynWRbuiPy2oTAbk",BoS,nochat
GMkCEGuvJvs7nEB9X,xrbgommEhvZ25bFma,Jed3N5DDMRxrtqzEy,2022-01-07T19:19:26Z,21,Male,Polish,TRUE,NA,NA,NA,NA,NA,lessHighSchool,yes,yes,agree,Yes,Yes,No,Yes,"Mz2HhWXT6y2iEL9ZY,xrbgommEhvZ25bFma",BoS,nochat
efLDSJmmbGkXvxDHx,W8eyPiHKGL5ppzC3Z,h2H4mKCxvAuu87xuu,2022-01-07T19:19:26Z,21,Male,Portuguese,TRUE,NA,NA,NA,NA,NA,highSchool,yes,yes,agree,"A little bit, since it was a bit random and we couldn't see each other clicking, so even if we wanted to cooperate, we couldn't","Yes, worked really well",Nothing to add.,"Yes, no problem","W8eyPiHKGL5ppzC3Z,cwC3fuqd2fsEz32EQ",BoS,nochat
asJw3JqgFb5NFtokG,Mz2HhWXT6y2iEL9ZY,Jed3N5DDMRxrtqzEy,2022-01-07T19:19:31Z,19,Male,Polish,TRUE,NA,NA,NA,NA,NA,highSchool,yes,no,disagree,Pay was fair,Yes,No,Yes,"Mz2HhWXT6y2iEL9ZY,xrbgommEhvZ25bFma",BoS,nochat
hRe2LG8RJ5uRCX6Le,QcuF92NqDkgnXPkhQ,6HjsP4vBMWSu3MBDA,2022-01-07T19:19:52Z,43,Male,English,NA,NA,TRUE,NA,NA,NA,bachelor,yes,yes,agree,Yes,Yes,No,Yes,"QcuF92NqDkgnXPkhQ,a9szXnsM5siPjp2aD",BoS,nochat
oMt2LYrNL4WqG9oz3,Luw4CZeQhsYRn77oC,pQ5AmcQmGcPjHXWod,2022-01-07T19:20:05Z,69,female,English,TRUE,NA,NA,NA,NA,NA,highSchool,yes,yes,agree,yes,yes,no problems,yes,"Luw4CZeQhsYRn77oC,TXFG84gMH2ETa846v",BoS,nochat
wusS5FiFc5cgFDy9r,TXFG84gMH2ETa846v,pQ5AmcQmGcPjHXWod,2022-01-07T19:20:07Z,19,male,portuguese,NA,NA,NA,NA,NA,TRUE,someCollege,yes,yes,agree,yes,yes,no,yes,"Luw4CZeQhsYRn77oC,TXFG84gMH2ETa846v",BoS,nochat
ZvP9swq4TrrgfvTuF,bmuuPXnwdYujAH4fh,dSfcS7Eyze9644aiz,2022-01-07T19:20:28Z,26,male,portuguese,NA,TRUE,NA,NA,NA,NA,bachelor,yes,yes,agree,"no, should be more",yes,no,yes,"bmuuPXnwdYujAH4fh,xGqpMhYJv6JDsDTbn",BoS,nochat
2ScraJvZvkLqh6LN8,NXG9xrubeMAiaBGcz,JxWELFcqbt4QhErmK,2022-01-07T19:20:35Z,30,Male,Frensh,TRUE,NA,NA,NA,NA,NA,master,yes,yes,disagree,yeah i think so,"realy easy, it feels like facebook chat",no not at all\n,"no not enough, i would have liked more time","NXG9xrubeMAiaBGcz,nXi2XRmPSwHBMH7QZ",BoS,nochat
76XcKRiP8tSpkkYav,cwC3fuqd2fsEz32EQ,h2H4mKCxvAuu87xuu,2022-01-07T19:20:47Z,45,Male,English,TRUE,NA,NA,NA,NA,NA,bachelor,yes,yes,disagree,The pay was very fair for a quick study.,"Yes, chatting was easy, type and send.","We really struggled to get into any kind of rhythm, or pattern.  Disappointing!","Yes, plenty of time.","W8eyPiHKGL5ppzC3Z,cwC3fuqd2fsEz32EQ",BoS,nochat
xXpF2m2nMMBxLaQ8D,tEynWRbuiPy2oTAbk,hvmtr2DbNHSoS7t5T,2022-01-07T19:20:53Z,34,male,english,TRUE,NA,NA,NA,NA,NA,highSchool,yes,no,agree,"yes, we end up with almost the same amount",yes,everything was fine,yes,"Er4MvF9jMLZkmNyiQ,tEynWRbuiPy2oTAbk",BoS,nochat
PYfutkkZngHyuMxHW,a9szXnsM5siPjp2aD,6HjsP4vBMWSu3MBDA,2022-01-07T19:21:06Z,26,Male,Portuguese,TRUE,NA,NA,NA,NA,NA,someCollege,yes,yes,agree,I think the distribution wasn't fair because i ended up with more money because of the lack of coordination between the both of us,"It was fairly easy, yes. I think the suggested questions helped getting the conversation going",No,Yes,"QcuF92NqDkgnXPkhQ,a9szXnsM5siPjp2aD",BoS,nochat
EnAhEvQFJiLaTKuQQ,xGqpMhYJv6JDsDTbn,dSfcS7Eyze9644aiz,2022-01-07T19:21:11Z,22,male,portuguese,NA,TRUE,TRUE,NA,NA,NA,someCollege,yes,yes,agree,yes it was very fair,yes it was and helped to break the ice off,"no, no problems at all",yes it was more than enough time,"bmuuPXnwdYujAH4fh,xGqpMhYJv6JDsDTbn",BoS,nochat
HNDCdqckcp5sPwFQM,ZthpTAXyurpXARiZJ,Z685nrBoih37EGQk3,2022-01-07T19:22:55Z,36,Male,English,NA,TRUE,NA,NA,NA,NA,bachelor,yes,yes,agree,T'was Okay,Very interesting,No,Yes,"4tuRE7AAtfnPPThJQ,ZthpTAXyurpXARiZJ",BoS,nochat
WhP2QW8NqP33uaxDb,4tuRE7AAtfnPPThJQ,Z685nrBoih37EGQk3,2022-01-07T19:23:02Z,22,Female,English,TRUE,NA,NA,NA,NA,NA,bachelor,yes,no,disagree,Yes I thought the pay was fair,Yes the chat was very easy to use,N/A,Yes I had enough time on each round,"4tuRE7AAtfnPPThJQ,ZthpTAXyurpXARiZJ",BoS,nochat
u2aMHDJR2qMWykh89,YhGSa5DHDmpgAcQJa,GP5wLCwyvCFpXX7T4,2022-01-07T19:23:18Z,25,Male,English,NA,NA,TRUE,NA,NA,NA,bachelor,yes,yes,neutral,Yes it was fair.,It was very easy to use.,"The study was fun and engaging, thank you.",There was plenty of time.,"AXipEhaooSoyuDsLH,YhGSa5DHDmpgAcQJa",BoS,nochat
6r6QTmovvZqGESXmY,FGwrJmiudTYKNCCsQ,zH6iJH7x4R56oMNPb,2022-01-07T19:23:26Z,19,Male,Hungarian,TRUE,NA,NA,NA,NA,NA,highSchool,yes,yes,disagree,Yes,Yes,No,Yes,"FGwrJmiudTYKNCCsQ,Hv5rb6SfcExTYKwNM",BoS,nochat
biFZCDfHYgX49eK8Y,AXipEhaooSoyuDsLH,GP5wLCwyvCFpXX7T4,2022-01-07T19:23:46Z,44,female,English,TRUE,NA,NA,NA,NA,NA,bachelor,yes,yes,disagree,The pay was very fair,I should have utalised it more. said beforehand whoever has the lower amount gets more on the box. that way maximum preofits. hindsight for future.,"i liked it a lot, thanks",plenty,"AXipEhaooSoyuDsLH,YhGSa5DHDmpgAcQJa",BoS,nochat
uCKsHTf7RynyxXYny,DWtnxhprAFHvWpfPw,2AR3YW5TzcSQGsCkM,2022-01-07T19:23:57Z,21,Male,Polish,TRUE,NA,NA,NA,NA,NA,someCollege,yes,yes,agree,Yes,Yes,No,Yes,"DWtnxhprAFHvWpfPw,b6QvmpWJyLnRQ35yA",BoS,nochat
7XyeCCR3nMYCdT2oQ,ZYCW9Kj8KbvLRvhrR,q8AmsrgfmZmBAXKLt,2022-01-07T19:23:58Z,59,female,english,TRUE,NA,NA,NA,NA,NA,highSchool,yes,yes,neutral,yes,yes,no,sometimes,"Nbw5kT9oTkNRhAPvv,ZYCW9Kj8KbvLRvhrR",BoS,nochat
3Ps3Nh2gCGHeaFyda,Nbw5kT9oTkNRhAPvv,q8AmsrgfmZmBAXKLt,2022-01-07T19:24:46Z,24,Male,Italian,TRUE,NA,NA,NA,NA,NA,bachelor,yes,yes,stronglyDisagree,"Not so much, my strategy, which i did not say in the chat, was to keep as much equal as possible the rewards. It started ok, then... nope.",Yes,"In the first page, webpage kept scrolling up when i was reading at the bottom",More than enough.,"Nbw5kT9oTkNRhAPvv,ZYCW9Kj8KbvLRvhrR",BoS,nochat
7AEKFqPe2jztidXxT,b6QvmpWJyLnRQ35yA,2AR3YW5TzcSQGsCkM,2022-01-07T19:24:48Z,24,Masculine,Spanish,NA,NA,NA,NA,NA,TRUE,someCollege,yes,no,stronglyAgree,i think we played to 50/50,yes,no problems,yes,"DWtnxhprAFHvWpfPw,b6QvmpWJyLnRQ35yA",BoS,nochat
cHjiZ4sQ6k4Qt4NMj,iNQArCeui24DLomQt,b3w7mYsGW6rsqw3wh,2022-01-07T19:24:55Z,25,Male,English,TRUE,NA,NA,NA,NA,NA,master,yes,yes,neutral,"Kinda, it was okay",yes,no,yes,"5xApaSYMNGaajjxsW,iNQArCeui24DLomQt",BoS,nochat
DMndeqRWfsEMcfZo9,Gbnikvq7xGtyLrdjt,2fs37H88JEnp9C8ys,2022-01-07T19:25:10Z,20,Male,Portuguese,TRUE,FALSE,FALSE,FALSE,FALSE,FALSE,someCollege,no,yes,stronglyDisagree,Yes,Yes,No,Yes,"Gbnikvq7xGtyLrdjt,XTsvAgRPE6hMfgpKJ",BoS,nochat
MkQpbHnCS4aiKmTf7,5xApaSYMNGaajjxsW,b3w7mYsGW6rsqw3wh,2022-01-07T19:26:26Z,37,Male,English,TRUE,NA,NA,NA,NA,NA,bachelor,yes,yes,neutral,I'm not sure how to judge whether the pay was fair.,"Yes, it was straightforward.",The study ran smoothly. I encountered no issues.,"Yes, time was not an issue.","5xApaSYMNGaajjxsW,iNQArCeui24DLomQt",BoS,nochat
zszeFsJoFESaScT5W,Hv5rb6SfcExTYKwNM,zH6iJH7x4R56oMNPb,2022-01-07T19:26:30Z,29,ma;e,sepedi,NA,TRUE,NA,NA,NA,NA,someCollege,yes,no,disagree,yes considering the way we were playing but i think it was not a human being behind the mouse.,yes it was,no roblems i enjoyed the game,the time was fair enough,"FGwrJmiudTYKNCCsQ,Hv5rb6SfcExTYKwNM",BoS,nochat
rrpFTXZvFQ4skuJfi,XTsvAgRPE6hMfgpKJ,2fs37H88JEnp9C8ys,2022-01-07T19:26:58Z,33,Feminine,Spanish,TRUE,NA,NA,NA,NA,NA,someCollege,yes,yes,neutral,"Sure, it depends on how well we worked together",yes it was fine,"no, everything was fine","Yes, there was planty of time","Gbnikvq7xGtyLrdjt,XTsvAgRPE6hMfgpKJ",BoS,nochat
SspCx6KvgmKd64Fz8,3Cw8cnbPoc2vBMwwH,HQ7QXuWuDSezK4EvT,2022-01-07T20:07:40Z,24,Female,English,TRUE,NA,NA,NA,NA,NA,bachelor,yes,no,agree,More than fair,N/a,No,Plenty of time,"3Cw8cnbPoc2vBMwwH,icxb87nbqzFtYRebb",PD,nochat
e5XmAY992aJKJwJGK,icxb87nbqzFtYRebb,HQ7QXuWuDSezK4EvT,2022-01-07T20:08:06Z,30,Female,English,TRUE,NA,NA,NA,NA,NA,someCollege,yes,yes,agree,Yes,Yes,None,"Yes, more than enough","3Cw8cnbPoc2vBMwwH,icxb87nbqzFtYRebb",PD,nochat
6t4fmEfrtoQmoQdYt,wejbDd4oYdsCfKnfL,QgJ7Nu3SHyFTXXfQQ,2022-01-07T20:08:08Z,37,Female,English,TRUE,FALSE,NA,NA,NA,NA,someCollege,yes,yes,stronglyAgree,Yes I do,Yes very easy,No,Yes,"w4TYTnfaWYvNRDcer,wejbDd4oYdsCfKnfL",PD,nochat
kWwRizPkE58BCfzHd,w4TYTnfaWYvNRDcer,QgJ7Nu3SHyFTXXfQQ,2022-01-07T20:08:37Z,23,nonbinary,polish,TRUE,NA,NA,NA,NA,NA,bachelor,yes,yes,stronglyAgree,"Yes, very much so",Yes,No,"Yes, even too much","w4TYTnfaWYvNRDcer,wejbDd4oYdsCfKnfL",PD,nochat
jGZJrCueE5KASuTLc,StP5rSz96278nkiiq,erBviJjaRX9ujiNWf,2022-01-07T20:08:42Z,22,male,German,TRUE,NA,NA,NA,NA,NA,bachelor,yes,yes,neutral,Yes,Yes,No,Yes,"GJ2aRKRf6nPZFoC2y,StP5rSz96278nkiiq",PD,nochat
xLbpeAfQ8ArjG38G2,GJ2aRKRf6nPZFoC2y,erBviJjaRX9ujiNWf,2022-01-07T20:08:49Z,19,male,polish,TRUE,NA,NA,NA,NA,NA,lessHighSchool,yes,yes,stronglyAgree,Yes,Yes,No,Enough,"GJ2aRKRf6nPZFoC2y,StP5rSz96278nkiiq",PD,nochat
XabqmFj4CJRfbjQ93,vocfJDvSr4g3eD6D9,qzkr6nBoeiBKpbT9C,2022-01-07T20:09:06Z,27,Female,English,TRUE,NA,NA,NA,NA,NA,master,yes,yes,neutral,Yes,Yes,N/A,Yes,"KH2sJrEatgsLoepiB,vocfJDvSr4g3eD6D9",PD,nochat
FNQ2EiAqZqtYQ8oNQ,QFu7AhwGsu4LHjwfu,5cGtbLTZLSRvcNKsm,2022-01-07T20:09:42Z,31,Male,English,NA,NA,TRUE,NA,NA,NA,highSchool,yes,yes,stronglyAgree,Yes,Yes,On the instructions page it flashed often,Yes,"MaBgjM4TvR5r3ZqpB,QFu7AhwGsu4LHjwfu",PD,nochat
nxhpLLqiaG7Kz4i58,mDzyv8T4N2LtEuQDu,gfq4JTTgFGoHXR4xC,2022-01-07T20:09:45Z,41,Male,French,NA,TRUE,NA,NA,NA,NA,someCollege,yes,yes,agree,Yes it was fair,yes it was good,No problems,Yes,"mDzyv8T4N2LtEuQDu,z4JQpPXP2RMai2fyT",PD,nochat
4LidwHAQy9JER4HGM,MaBgjM4TvR5r3ZqpB,5cGtbLTZLSRvcNKsm,2022-01-07T20:10:12Z,18,Male,Polish,TRUE,NA,NA,NA,NA,NA,lessHighSchool,yes,yes,stronglyAgree,"If you give me bonus, yea its fair",Yes,"You should let us chat more, nice conversation we had",Yes,"MaBgjM4TvR5r3ZqpB,QFu7AhwGsu4LHjwfu",PD,nochat
ex8YsJEvn3cGhLPKj,m2qQ7DimCHvWxYBXi,a3eX5ctNEvqnnTXau,2022-01-07T20:10:46Z,27,Male,Greek,TRUE,NA,NA,NA,NA,NA,master,yes,no,disagree,The pay was totally fair,"Yes, i wish i could see a ""typing..."" indication","no, everything was fine",yes,"2gjp8En4Z8XeYJtnd,m2qQ7DimCHvWxYBXi",PD,nochat
FZc8nJiZ2wH4mfd67,gm2AT9yKrqXp3Lus8,mPRvDApZhurzrRhvj,2022-01-07T20:10:47Z,22,Male,Portuguese,TRUE,NA,NA,NA,NA,NA,bachelor,yes,yes,stronglyAgree,"Yes, I do.","Yes, very intuitive.",No,"Yes, I did.","gm2AT9yKrqXp3Lus8,jHq7wWM8HdT7Rck59",PD,nochat
JXq4paXXWD6svEo2w,jHq7wWM8HdT7Rck59,mPRvDApZhurzrRhvj,2022-01-07T20:10:53Z,20,Male,English,TRUE,NA,NA,NA,NA,NA,highSchool,yes,yes,stronglyAgree,yes it was very reasonable,yes very easy,no,more than enough,"gm2AT9yKrqXp3Lus8,jHq7wWM8HdT7Rck59",PD,nochat
9gBrBD4bC5iNbdJEE,KH2sJrEatgsLoepiB,qzkr6nBoeiBKpbT9C,2022-01-07T20:10:56Z,21,Female,Spanish,NA,NA,NA,NA,NA,TRUE,someCollege,yes,no,neutral,Somewhat. No clear instructions.,Yes.,No.,Yes.,"KH2sJrEatgsLoepiB,vocfJDvSr4g3eD6D9",PD,nochat
zkWLn2y2tA4oPZjov,c4jaGv6YjJ5cSWW3a,PPmpet49YJCaxgF6Z,2022-01-07T20:10:57Z,19,male,polish,TRUE,NA,NA,NA,NA,NA,highSchool,yes,yes,disagree,yes,yes,my partner was greedy bastard,absolutely,"KcXtxfyiPeGn6TkRB,c4jaGv6YjJ5cSWW3a",PD,nochat
sXKpR3P99YNgjHnhr,MxfHD7JyTiyWBAwFm,cRkCaFGZKAci2ou5B,2022-01-07T20:11:00Z,34,Male,English,TRUE,NA,NA,NA,NA,NA,master,yes,yes,disagree,Very,The borderlines of that chat box were a bit difficult to read in high res,Nothing was noticed.,More than enough time,"KCBYuikqNFAqrRDSb,MxfHD7JyTiyWBAwFm",PD,nochat
pp9K6jzP9HkaupgNY,G3JjKsRG7yFwvaEuB,GwRhb4r9tt5mp7xu4,2022-01-07T20:11:11Z,26,Female,Turkish,TRUE,NA,NA,NA,NA,NA,bachelor,yes,yes,agree,Yes,Yes,the constant refreshing was a bit irritating,"Yes, more than enough","G3JjKsRG7yFwvaEuB,wP3eyqaBkycsGz559",PD,nochat
6dHcyoFpJLuJ5RDZM,trkTSRmRmT6WamPhC,R8gjJxpsKTWtDrjkv,2022-01-07T20:11:21Z,27,Male,English,TRUE,NA,NA,NA,NA,NA,bachelor,yes,yes,agree,Yes,Yes,No,Yes,"NKcGg3icKdybdJEDS,trkTSRmRmT6WamPhC",PD,nochat
F7zNNvBmHFYm3WvSv,KcXtxfyiPeGn6TkRB,PPmpet49YJCaxgF6Z,2022-01-07T20:11:22Z,26,male,polish,TRUE,NA,NA,NA,NA,NA,highSchool,yes,yes,neutral,yes,yes,no,so much time,"KcXtxfyiPeGn6TkRB,c4jaGv6YjJ5cSWW3a",PD,nochat
4dcjrx5Tir5nvvQdF,2gjp8En4Z8XeYJtnd,a3eX5ctNEvqnnTXau,2022-01-07T20:11:34Z,20,Male,Portuguese,TRUE,NA,NA,NA,NA,NA,someCollege,yes,yes,stronglyDisagree,It was more than fair. Too bad the other participant was way smarter than me and won almost every single round,It was! I got to know the other participant.,The instructions were a little bit confused at first but got into it right after. I had to read them twice before jumping into the study!,I had more than enough time to make my choices!,"2gjp8En4Z8XeYJtnd,m2qQ7DimCHvWxYBXi",PD,nochat
mMgZm7HKebzGqdoai,wP3eyqaBkycsGz559,GwRhb4r9tt5mp7xu4,2022-01-07T20:11:40Z,23,Male,Dutch,TRUE,NA,NA,NA,NA,NA,bachelor,yes,yes,agree,"Yes, but with the bonuses I'm not sure they were right at the beginning",Yes,Not sure if the bonus payout was right in the first couple rounds of the game,Yes,"G3JjKsRG7yFwvaEuB,wP3eyqaBkycsGz559",PD,nochat
MzJfwM7kCYMrTDrzM,KCBYuikqNFAqrRDSb,cRkCaFGZKAci2ou5B,2022-01-07T20:11:43Z,24,female,polish,TRUE,NA,NA,NA,NA,NA,master,yes,yes,agree,"Yes, it was really fun and the payment is high enough",Yes pretty easy,when reading the instructions page was refreshing again and again but it wasn't a big problem,Yes,"KCBYuikqNFAqrRDSb,MxfHD7JyTiyWBAwFm",PD,nochat
3jCnTpssqbwvQKcPn,AuzCxumSXaTbMjkF4,3mFpeSu6zSzqvWGeq,2022-01-07T20:11:46Z,18,Male,Polish,TRUE,NA,NA,NA,NA,NA,highSchool,yes,yes,stronglyAgree,Yes totally the pay is very fair,Yes chatting went without difficulties,Not at all,Enough and even too much,"AuzCxumSXaTbMjkF4,TYzbZd5CASRLZr5Rv",PD,nochat
zNR8JfiwGLsLYzSHr,NKcGg3icKdybdJEDS,R8gjJxpsKTWtDrjkv,2022-01-07T20:11:58Z,34,Male,Polish,TRUE,NA,NA,NA,NA,NA,someCollege,yes,no,agree,Yes.,Yes.,No 0 problems.,Yes.,"NKcGg3icKdybdJEDS,trkTSRmRmT6WamPhC",PD,nochat
KNtQRcBXXe2N9yDed,TYzbZd5CASRLZr5Rv,3mFpeSu6zSzqvWGeq,2022-01-07T20:12:40Z,23,Female,English,NA,TRUE,NA,TRUE,NA,NA,highSchool,yes,yes,stronglyAgree,The pay was very fair.,Yes the in-game chat feature was easy and fast to use.,No.,"Yes, there was plenty of time.","AuzCxumSXaTbMjkF4,TYzbZd5CASRLZr5Rv",PD,nochat
qCHXTHigwkM3fCXeT,z4JQpPXP2RMai2fyT,gfq4JTTgFGoHXR4xC,2022-01-07T20:13:16Z,27,Male,Polish,TRUE,NA,NA,NA,NA,NA,highSchool,yes,yes,stronglyAgree,"Yes, we both got the same amount","It was the hardest part, very awkward",Nope,"Yes, more than enough","mDzyv8T4N2LtEuQDu,z4JQpPXP2RMai2fyT",PD,nochat
tBJncfGTGSBk8xt6a,WKxc49Gg4KfarmJkc,ziChan6obCzYsjG7T,2022-01-07T20:13:34Z,31,Female,Spanish,NA,NA,NA,NA,NA,TRUE,bachelor,yes,yes,stronglyAgree,Yes,Yes,No,Yes,"KomsCFQ8qTFfQoaez,WKxc49Gg4KfarmJkc",PD,nochat
EnQCkNLEAE3XHiCPN,ZMr2ic7s5rEnqpD3r,ayKmAwXjtgu8aAppz,2022-01-07T20:15:21Z,40,male,spanish,NA,NA,NA,NA,NA,TRUE,master,no,yes,neutral,"I wanted my partner earn equal than me, but the game become confuse",Everything was ok,NO problems at all,The time was enough,"ZMr2ic7s5rEnqpD3r,jogSTiCsK6uZS6Lo2",PD,nochat
CMdavHSNw8MuXAv5K,jogSTiCsK6uZS6Lo2,ayKmAwXjtgu8aAppz,2022-01-07T20:15:38Z,23,Male,Spanish,NA,NA,NA,NA,NA,TRUE,someCollege,yes,yes,stronglyDisagree,Yes,"It was, I managed to chat and get to an agreement with my partner",Sometimes I felt like the box I selected and the box my partner selected didnt matched the final reward outcome. So thats why a little more time to see the results would be better,I think a little more time would feel better to see what the partner chose,"ZMr2ic7s5rEnqpD3r,jogSTiCsK6uZS6Lo2",PD,nochat
6gJXd6GySYgjsrQyJ,XwmNGFFzrwEC7LvFK,ZYnDwCwFwq4tAuPdv,2022-01-07T20:15:44Z,25,Feminine,Portuguese,TRUE,NA,NA,NA,NA,NA,bachelor,yes,yes,neutral,"Yes, because I understood faster how to always score points",Yes,NA,More than enough,"KwvqASEwEfNZQCr5T,XwmNGFFzrwEC7LvFK",PD,nochat
swhZ94vgRep4Rfzu8,KomsCFQ8qTFfQoaez,ziChan6obCzYsjG7T,2022-01-07T20:16:08Z,31,male,French,TRUE,NA,NA,NA,NA,NA,bachelor,yes,yes,stronglyAgree,Yes and the study was fun,Really easy,"Everything went fine, if it was a real human, that's funny how we both agree automaticaly to select the same box after some round","Yes, even 1min instead of 2 is enough","KomsCFQ8qTFfQoaez,WKxc49Gg4KfarmJkc",PD,nochat
8tMpZ6vQuLHMqoviy,KwvqASEwEfNZQCr5T,ZYnDwCwFwq4tAuPdv,2022-01-07T20:19:40Z,25,female,Hungarian,TRUE,NA,NA,NA,NA,NA,someCollege,yes,yes,neutral,Yes I think the pay was fair.,Yes the chat was very easy to use.,I was thinking that maybe my and my partners boxes (or the labels) were accidentally swaped on the pictures that were shown to us each round.,I felt like I could think through all the possibilities I usually need more time to make a decision,"KwvqASEwEfNZQCr5T,XwmNGFFzrwEC7LvFK",PD,nochat
eeCmprJmotsSnmJDX,gPErvRhiT4h83Q99R,cjvvmDSw5RS4dN4QE,2022-01-07T20:21:34Z,25,Male,Polish,TRUE,FALSE,NA,NA,NA,NA,someCollege,yes,yes,disagree,Absolutely.,Yes.,I didn't notice any problems :),Yes.,"HFYf4QXMRYiMGgs7A,gPErvRhiT4h83Q99R",PD,nochat
K23ogwbJQr2kx7sXL,HFYf4QXMRYiMGgs7A,cjvvmDSw5RS4dN4QE,2022-01-07T20:22:08Z,44,Male,English,NA,NA,TRUE,NA,NA,NA,master,yes,yes,agree,Yes in my opinion the rate is fair,I found it well integrated.,No problem noticed at all,It was quite enough time there to complete the task,"HFYf4QXMRYiMGgs7A,gPErvRhiT4h83Q99R",PD,nochat
