_id,bot,readyAt,timeoutStartedAt,timeoutWaitCount,exitStepsDone,exitAt,exitStatus,exitReason,retiredAt,retiredReason,createdAt,data.role,data.name,data.avatar,data.nameColor,data.bonus,data.targets,data.clicked,data.timeClick,data.scoreIncrement,data.exitTimeoutId,data.exited
GEP2thqtKeEPqmAYh,,2022-01-07T17:01:23Z,,,ExitSurvey,2022-01-07T17:13:05Z,finished,,,,2022-01-07T17:00:42Z,p1,Repi,/avatars/jdenticon/Samuel,#8138A8,1.96,"{""image"":""/experiment/blue-crate.jpeg"",""label"":""B""},{""image"":""/experiment/yellow-crate.jpeg"",""label"":""A""}",B,1342,0,,
3pciS8RTgpzDnkyoK,,2022-01-07T17:03:30Z,,,ExitSurvey,2022-01-07T17:16:19Z,finished,,,,2022-01-07T17:00:45Z,p1,Repi,/avatars/jdenticon/Samuel,#8138A8,3.320000000000001,"{""image"":""/experiment/yellow-crate.jpeg"",""label"":""A""},{""image"":""/experiment/crate.jpeg"",""label"":""B""}",A,3998,4,,
W22TvgSDkAs7BwkDk,,2022-01-07T17:02:30Z,,,ExitSurvey,2022-01-07T17:18:24Z,finished,,,,2022-01-07T17:00:47Z,p2,Minu,/avatars/jdenticon/Alaina,#7ACC66,4.320000000000001,"{""image"":""/experiment/blue-crate.jpeg"",""label"":""B""},{""image"":""/experiment/orange-crate.jpeg"",""label"":""A""}",B,15266,9,,
4swErhnRANwAntH8y,,2022-01-07T17:01:40Z,,,ExitSurvey,2022-01-07T17:17:33Z,finished,,,,2022-01-07T17:00:47Z,p2,Repi,/avatars/jdenticon/Samuel,#8138A8,4.100000000000002,"{""image"":""/experiment/pink-crate.jpeg"",""label"":""A""},{""image"":""/experiment/orange-crate.jpeg"",""label"":""B""}",B,14058,8,,
QAWkDWntmipuk7oRS,,2022-01-07T17:03:04Z,,,ExitSurvey,2022-01-07T17:21:31Z,finished,,,,2022-01-07T17:00:49Z,p2,Repi,/avatars/jdenticon/Samuel,#8138A8,3.980000000000002,"{""image"":""/experiment/green-crate.jpeg"",""label"":""B""},{""image"":""/experiment/crate.jpeg"",""label"":""A""}",B,12947,6,,
RSR5yWansLRSYwmS3,,2022-01-07T17:03:12Z,,,ExitSurvey,2022-01-07T17:17:41Z,finished,,,,2022-01-07T17:00:49Z,p1,Repi,/avatars/jdenticon/Samuel,#8138A8,4.260000000000002,"{""image"":""/experiment/aqua-crate.jpeg"",""label"":""B""},{""image"":""/experiment/green-crate.jpeg"",""label"":""A""}",A,7348,6,,
m3yvm4LFxdtfHeBRw,,2022-01-07T17:01:21Z,,,ExitSurvey,2022-01-07T17:13:05Z,finished,,,,2022-01-07T17:00:50Z,p2,Minu,/avatars/jdenticon/Alaina,#7ACC66,2.14,"{""image"":""/experiment/yellow-crate.jpeg"",""label"":""A""},{""image"":""/experiment/blue-crate.jpeg"",""label"":""B""}",A,6913,0,,
WNB3KubyGxLpMEYES,,2022-01-07T17:01:50Z,,,ExitSurvey,2022-01-07T17:12:54Z,finished,,,,2022-01-07T17:00:51Z,p1,Minu,/avatars/jdenticon/Alaina,#7ACC66,3.760000000000002,"{""image"":""/experiment/yellow-crate.jpeg"",""label"":""B""},{""image"":""/experiment/orange-crate.jpeg"",""label"":""A""}",A,5221,6,,
2Fsgr2KWbJdTo3ZZQ,,2022-01-07T17:01:59Z,,,ExitSurvey,2022-01-07T17:12:54Z,finished,,,,2022-01-07T17:00:52Z,p2,Repi,/avatars/jdenticon/Samuel,#8138A8,3.2200000000000015,"{""image"":""/experiment/orange-crate.jpeg"",""label"":""A""},{""image"":""/experiment/yellow-crate.jpeg"",""label"":""B""}",A,232,5,,
qxnZPs5x92AGpFMBn,,,,,,2022-01-07T17:38:03Z,gameFull,,,,2022-01-07T17:00:54Z,,,,,,,,,,,
mgvdRrSWCx3F22Q9m,,2022-01-07T17:02:02Z,,,ExitSurvey,2022-01-07T17:17:09Z,finished,,,,2022-01-07T17:00:56Z,p2,Repi,/avatars/jdenticon/Samuel,#8138A8,3.900000000000002,"{""image"":""/experiment/blue-crate.jpeg"",""label"":""B""},{""image"":""/experiment/orange-crate.jpeg"",""label"":""A""}",B,18204,7,,
xWJADoRxt4sYfv9L8,,2022-01-07T17:02:45Z,,,ExitSurvey,2022-01-07T17:19:24Z,finished,,,,2022-01-07T17:00:57Z,p1,Minu,/avatars/jdenticon/Alaina,#7ACC66,4.360000000000001,"{""image"":""/experiment/yellow-crate.jpeg"",""label"":""A""},{""image"":""/experiment/purple-crate.jpeg"",""label"":""B""}",B,6975,7,,
HNDrt2xfdTWLDRvhx,,2022-01-07T17:02:35Z,,,ExitSurvey,2022-01-07T17:17:17Z,finished,,,,2022-01-07T17:01:05Z,p2,Repi,/avatars/jdenticon/Samuel,#8138A8,4.260000000000002,"{""image"":""/experiment/green-crate.jpeg"",""label"":""B""},{""image"":""/experiment/blue-crate.jpeg"",""label"":""A""}",B,8319,6,,
BF4JK2mnp3HZ9yEha,,2022-01-07T17:02:24Z,,,ExitSurvey,2022-01-07T17:18:24Z,finished,,,,2022-01-07T17:01:09Z,p1,Repi,/avatars/jdenticon/Samuel,#8138A8,4.280000000000002,"{""image"":""/experiment/orange-crate.jpeg"",""label"":""A""},{""image"":""/experiment/blue-crate.jpeg"",""label"":""B""}",B,13264,6,,
A2xEsfcmHdB8JWkaM,,2022-01-07T17:13:32Z,,,ExitSurvey,2022-01-07T17:26:49Z,finished,,,,2022-01-07T17:01:12Z,p1,Repi,/avatars/jdenticon/Samuel,#8138A8,2.420000000000001,"{""image"":""/experiment/orange-crate.jpeg"",""label"":""B""},{""image"":""/experiment/aqua-crate.jpeg"",""label"":""A""}",A,483,9,,
tMQaWYotFudCLtrcE,,2022-01-07T17:02:16Z,,,ExitSurvey,2022-01-07T17:17:09Z,finished,,,,2022-01-07T17:01:12Z,p1,Minu,/avatars/jdenticon/Alaina,#7ACC66,3.9800000000000018,"{""image"":""/experiment/blue-crate.jpeg"",""label"":""B""},{""image"":""/experiment/orange-crate.jpeg"",""label"":""A""}",B,2609,6,,
tpGrrWavY2bsca3xo,,2022-01-07T17:03:02Z,,,ExitSurvey,2022-01-07T17:21:31Z,finished,,,,2022-01-07T17:01:15Z,p1,Minu,/avatars/jdenticon/Alaina,#7ACC66,3.960000000000002,"{""image"":""/experiment/crate.jpeg"",""label"":""A""},{""image"":""/experiment/green-crate.jpeg"",""label"":""B""}",B,31029,4,,
W2hQLgAjYbZKH6x5W,,2022-01-07T17:02:50Z,,,ExitSurvey,2022-01-07T17:19:24Z,finished,,,,2022-01-07T17:01:17Z,p2,Repi,/avatars/jdenticon/Samuel,#8138A8,4.340000000000002,"{""image"":""/experiment/yellow-crate.jpeg"",""label"":""A""},{""image"":""/experiment/purple-crate.jpeg"",""label"":""B""}",B,8305,8,,
WKGaEaWxkF89GASP5,,2022-01-07T17:01:44Z,,,ExitSurvey,2022-01-07T17:17:33Z,finished,,,,2022-01-07T17:01:19Z,p1,Minu,/avatars/jdenticon/Alaina,#7ACC66,4.020000000000001,"{""image"":""/experiment/pink-crate.jpeg"",""label"":""A""},{""image"":""/experiment/orange-crate.jpeg"",""label"":""B""}",B,14756,4,,
p92gQxei87LFJP55C,,2022-01-07T17:03:26Z,,,ExitSurvey,2022-01-07T17:17:41Z,finished,,,,2022-01-07T17:01:24Z,p2,Minu,/avatars/jdenticon/Alaina,#7ACC66,4.280000000000001,"{""image"":""/experiment/green-crate.jpeg"",""label"":""A""},{""image"":""/experiment/aqua-crate.jpeg"",""label"":""B""}",A,7126,4,,
ek5AGM5aGvZYuDRyH,,2022-01-07T17:03:11Z,,,ExitSurvey,2022-01-07T17:14:46Z,finished,,,,2022-01-07T17:01:24Z,p1,Minu,/avatars/jdenticon/Alaina,#7ACC66,1.88,"{""image"":""/experiment/pink-crate.jpeg"",""label"":""B""},{""image"":""/experiment/crate.jpeg"",""label"":""A""}",A,6107,0,,
t6rzkw8iTRgxRFf3y,,2022-01-07T17:02:38Z,,,ExitSurvey,2022-01-07T17:17:17Z,finished,,,,2022-01-07T17:01:28Z,p1,Minu,/avatars/jdenticon/Alaina,#7ACC66,4.540000000000001,"{""image"":""/experiment/green-crate.jpeg"",""label"":""B""},{""image"":""/experiment/blue-crate.jpeg"",""label"":""A""}",B,-29139,5,,
Pi8bdBNhxNn44uNdJ,,2022-01-07T17:03:07Z,,,ExitSurvey,2022-01-07T17:14:46Z,finished,,,,2022-01-07T17:02:01Z,p2,Repi,/avatars/jdenticon/Samuel,#8138A8,1.4600000000000004,"{""image"":""/experiment/pink-crate.jpeg"",""label"":""B""},{""image"":""/experiment/crate.jpeg"",""label"":""A""}",B,1148,0,,
e2sqFhGiJJrYy5Sow,,2022-01-07T17:04:40Z,,,ExitSurvey,2022-01-07T17:22:32Z,finished,,,,2022-01-07T17:02:08Z,p1,Minu,/avatars/jdenticon/Alaina,#7ACC66,4.120000000000002,"{""image"":""/experiment/orange-crate.jpeg"",""label"":""A""},{""image"":""/experiment/yellow-crate.jpeg"",""label"":""B""}",B,10739,4,,
3C3u5ncxnYod9GsNJ,,2022-01-07T17:06:13Z,,,"Sorry,ExitSurvey",2022-01-07T17:27:18Z,custom,It looks like one of your partners disconnected before you could finish the experiment!,,,2022-01-07T17:02:16Z,p2,Repi,/avatars/jdenticon/Samuel,#8138A8,1.16,"{""image"":""/experiment/aqua-crate.jpeg"",""label"":""A""},{""image"":""/experiment/crate.jpeg"",""label"":""B""}",false,false,0,15264,true
h2vS5mWWfBBFgCddm,,2022-01-07T17:05:24Z,,,"Sorry,ExitSurvey",2022-01-07T17:28:54Z,custom,It looks like one of your partners disconnected before you could finish the experiment!,,,2022-01-07T17:02:48Z,p1,Minu,/avatars/jdenticon/Alaina,#7ACC66,1.4600000000000002,"{""image"":""/experiment/aqua-crate.jpeg"",""label"":""A""},{""image"":""/experiment/crate.jpeg"",""label"":""B""}",A,4654,0,14531,true
HajfrsTXaiKg3fBib,,2022-01-07T17:04:06Z,,,ExitSurvey,2022-01-07T17:16:19Z,finished,,,,2022-01-07T17:02:58Z,p2,Minu,/avatars/jdenticon/Alaina,#7ACC66,2.940000000000001,"{""image"":""/experiment/crate.jpeg"",""label"":""B""},{""image"":""/experiment/yellow-crate.jpeg"",""label"":""A""}",A,15132,2,,
T55x3e4etyNEH9SkG,,2022-01-07T17:06:21Z,,,ExitSurvey,2022-01-07T17:18:14Z,finished,,,,2022-01-07T17:03:08Z,p2,Minu,/avatars/jdenticon/Alaina,#7ACC66,2.380000000000001,"{""image"":""/experiment/aqua-crate.jpeg"",""label"":""B""},{""image"":""/experiment/yellow-crate.jpeg"",""label"":""A""}",B,1204,0,,
3NexhWeTuEWHuu6g5,,2022-01-07T17:05:16Z,,,ExitSurvey,2022-01-07T17:17:23Z,finished,,,,2022-01-07T17:03:54Z,p2,Repi,/avatars/jdenticon/Samuel,#8138A8,4.5200000000000005,"{""image"":""/experiment/purple-crate.jpeg"",""label"":""A""},{""image"":""/experiment/green-crate.jpeg"",""label"":""B""}",A,5188,6,,
pZEm25w6mN3gL4Qx7,,2022-01-07T17:04:59Z,,,ExitSurvey,2022-01-07T17:17:23Z,finished,,,,2022-01-07T17:04:05Z,p1,Minu,/avatars/jdenticon/Alaina,#7ACC66,4.540000000000001,"{""image"":""/experiment/purple-crate.jpeg"",""label"":""A""},{""image"":""/experiment/green-crate.jpeg"",""label"":""B""}",A,2461,8,,
6CwPgXuvh2hWpQ9Lh,,2022-01-07T17:06:49Z,,,ExitSurvey,2022-01-07T17:24:19Z,finished,,,,2022-01-07T17:04:08Z,p2,Repi,/avatars/jdenticon/Samuel,#8138A8,4.680000000000001,"{""image"":""/experiment/blue-crate.jpeg"",""label"":""B""},{""image"":""/experiment/yellow-crate.jpeg"",""label"":""A""}",A,8774,3,,
CRvJuBh2iv4TYTCTZ,,2022-01-07T17:04:55Z,,,ExitSurvey,2022-01-07T17:22:32Z,finished,,,,2022-01-07T17:04:20Z,p2,Repi,/avatars/jdenticon/Samuel,#8138A8,4.1400000000000015,"{""image"":""/experiment/orange-crate.jpeg"",""label"":""A""},{""image"":""/experiment/yellow-crate.jpeg"",""label"":""B""}",B,9476,7,,
4EXNanqv6KXsbiN29,,2022-01-07T17:06:20Z,,,ExitSurvey,2022-01-07T17:18:14Z,finished,,,,2022-01-07T17:05:26Z,p1,Repi,/avatars/jdenticon/Samuel,#8138A8,2.5200000000000005,"{""image"":""/experiment/yellow-crate.jpeg"",""label"":""A""},{""image"":""/experiment/aqua-crate.jpeg"",""label"":""B""}",A,1114,0,,
njdfWPZcQMgSsZaZw,,2022-01-07T17:07:45Z,,,ExitSurvey,2022-01-07T17:24:19Z,finished,,,,2022-01-07T17:06:36Z,p1,Minu,/avatars/jdenticon/Alaina,#7ACC66,4.6400000000000015,"{""image"":""/experiment/blue-crate.jpeg"",""label"":""B""},{""image"":""/experiment/yellow-crate.jpeg"",""label"":""A""}",A,7734,7,,
jgpotgNmBQWjkRAek,,2022-01-07T17:10:03Z,,,ExitSurvey,2022-01-07T17:25:50Z,finished,,,,2022-01-07T17:08:19Z,p1,Minu,/avatars/jdenticon/Alaina,#7ACC66,4.060000000000001,"{""image"":""/experiment/green-crate.jpeg"",""label"":""A""},{""image"":""/experiment/aqua-crate.jpeg"",""label"":""B""}",B,8350,2,,
a8QmY4jecMp8NLFEi,,2022-01-07T17:09:10Z,,,ExitSurvey,2022-01-07T17:25:50Z,finished,,,,2022-01-07T17:08:37Z,p2,Repi,/avatars/jdenticon/Samuel,#8138A8,4.1400000000000015,"{""image"":""/experiment/aqua-crate.jpeg"",""label"":""B""},{""image"":""/experiment/green-crate.jpeg"",""label"":""A""}",B,7344,7,,
tb5FsQpyjmGB9z4rw,,2022-01-07T17:10:08Z,,,ExitSurvey,2022-01-07T17:21:19Z,finished,,,,2022-01-07T17:09:35Z,p2,Minu,/avatars/jdenticon/Alaina,#7ACC66,2.3400000000000003,"{""image"":""/experiment/pink-crate.jpeg"",""label"":""A""},{""image"":""/experiment/crate.jpeg"",""label"":""B""}",B,5691,0,,
TXbXC7Am26TT2GNeg,,2022-01-07T17:11:54Z,,,ExitSurvey,2022-01-07T17:21:19Z,finished,,,,2022-01-07T17:10:50Z,p1,Repi,/avatars/jdenticon/Samuel,#8138A8,2.420000000000001,"{""image"":""/experiment/pink-crate.jpeg"",""label"":""A""},{""image"":""/experiment/crate.jpeg"",""label"":""B""}",A,3237,0,,
hD2MkKW2PfKYPtYW8,,2022-01-07T17:16:43Z,,,ExitSurvey,2022-01-07T17:26:49Z,finished,,,,2022-01-07T17:15:30Z,p2,Minu,/avatars/jdenticon/Alaina,#7ACC66,2.6600000000000006,"{""image"":""/experiment/aqua-crate.jpeg"",""label"":""A""},{""image"":""/experiment/orange-crate.jpeg"",""label"":""B""}",A,1160,2,,
rR2L38qebA58DbaN3,,2022-01-07T17:18:01Z,,,ExitSurvey,2022-01-07T17:31:45Z,finished,,,,2022-01-07T17:17:02Z,p2,Minu,/avatars/jdenticon/Alaina,#7ACC66,3.8600000000000017,"{""image"":""/experiment/aqua-crate.jpeg"",""label"":""A""},{""image"":""/experiment/purple-crate.jpeg"",""label"":""B""}",A,18730,4,,
7nvaY2cZm5fSe5To5,,2022-01-07T17:19:52Z,,,ExitSurvey,2022-01-07T17:31:45Z,finished,,,,2022-01-07T17:19:21Z,p1,Repi,/avatars/jdenticon/Samuel,#8138A8,3.2600000000000007,"{""image"":""/experiment/purple-crate.jpeg"",""label"":""B""},{""image"":""/experiment/aqua-crate.jpeg"",""label"":""A""}",A,917,6,,
vN8frmNsCSBDHBWtZ,,2022-01-07T17:20:45Z,,,,2022-01-07T17:38:03Z,gameFull,,,,2022-01-07T17:20:14Z,,,,,,,,,,,
BhBJAmneFTkSF7RPC,,2022-01-07T17:41:15Z,,,ExitSurvey,2022-01-07T17:50:42Z,finished,,,,2022-01-07T17:39:46Z,p1,Minu,/avatars/jdenticon/Alaina,#7ACC66,2.6400000000000006,"{""image"":""/experiment/orange-crate.jpeg"",""label"":""A""},{""image"":""/experiment/blue-crate.jpeg"",""label"":""B""}",B,-745,9,,
R3hf6KBWwar7DMoMX,,2022-01-07T17:41:48Z,,,ExitSurvey,2022-01-07T18:00:50Z,finished,,,,2022-01-07T17:39:46Z,p1,Repi,/avatars/jdenticon/Samuel,#8138A8,4.060000000000002,"{""image"":""/experiment/pink-crate.jpeg"",""label"":""A""},{""image"":""/experiment/purple-crate.jpeg"",""label"":""B""}",A,7592,5,,
6LC7NqtTdMfTgnLeb,,2022-01-07T17:40:46Z,,,ExitSurvey,2022-01-07T17:51:03Z,finished,,,,2022-01-07T17:39:51Z,p2,Repi,/avatars/jdenticon/Samuel,#8138A8,4.800000000000002,"{""image"":""/experiment/green-crate.jpeg"",""label"":""B""},{""image"":""/experiment/yellow-crate.jpeg"",""label"":""A""}",B,911,6,,
Xx3JaZWPXbD5N6GpY,,2022-01-07T17:40:30Z,,,ExitSurvey,2022-01-07T17:51:03Z,finished,,,,2022-01-07T17:39:54Z,p1,Minu,/avatars/jdenticon/Alaina,#7ACC66,2.340000000000001,"{""image"":""/experiment/green-crate.jpeg"",""label"":""B""},{""image"":""/experiment/yellow-crate.jpeg"",""label"":""A""}",A,5751,0,,
8HKH4BYfBDGKhHdr3,,2022-01-07T17:41:10Z,,,ExitSurvey,2022-01-07T17:57:06Z,finished,,,,2022-01-07T17:39:54Z,p1,Repi,/avatars/jdenticon/Samuel,#8138A8,3.7000000000000024,"{""image"":""/experiment/green-crate.jpeg"",""label"":""B""},{""image"":""/experiment/aqua-crate.jpeg"",""label"":""A""}",A,-19835,6,,
kPKYPw8bGA8irS5nM,,2022-01-07T17:42:07Z,,,ExitSurvey,2022-01-07T17:51:36Z,finished,,,,2022-01-07T17:39:56Z,p2,Repi,/avatars/jdenticon/Samuel,#8138A8,4.020000000000002,"{""image"":""/experiment/pink-crate.jpeg"",""label"":""A""},{""image"":""/experiment/green-crate.jpeg"",""label"":""B""}",A,1893,5,,
qqg5HXTbXJN4dLnmF,,2022-01-07T17:42:01Z,,,ExitSurvey,2022-01-07T17:51:36Z,finished,,,,2022-01-07T17:39:57Z,p1,Minu,/avatars/jdenticon/Alaina,#7ACC66,4.020000000000002,"{""image"":""/experiment/green-crate.jpeg"",""label"":""B""},{""image"":""/experiment/pink-crate.jpeg"",""label"":""A""}",A,2286,5,,
AfwwGjhiv3w5w8bsy,,2022-01-07T17:41:22Z,,,ExitSurvey,2022-01-07T17:52:51Z,finished,,,,2022-01-07T17:39:58Z,p2,Minu,/avatars/jdenticon/Alaina,#7ACC66,3.8600000000000017,"{""image"":""/experiment/aqua-crate.jpeg"",""label"":""B""},{""image"":""/experiment/purple-crate.jpeg"",""label"":""A""}",A,4853,0,,
35Z2ki2xkFL5TMzSC,,2022-01-07T17:41:35Z,,,ExitSurvey,2022-01-07T17:53:15Z,finished,,,,2022-01-07T17:39:59Z,p2,Repi,/avatars/jdenticon/Samuel,#8138A8,4.120000000000003,"{""image"":""/experiment/crate.jpeg"",""label"":""B""},{""image"":""/experiment/green-crate.jpeg"",""label"":""A""}",A,2974,2,,
9xt6wBs4sCM4dwScx,,2022-01-07T17:41:16Z,,,ExitSurvey,2022-01-07T17:50:42Z,finished,,,,2022-01-07T17:40:00Z,p2,Repi,/avatars/jdenticon/Samuel,#8138A8,3.4400000000000017,"{""image"":""/experiment/blue-crate.jpeg"",""label"":""B""},{""image"":""/experiment/orange-crate.jpeg"",""label"":""A""}",A,3501,0,,
uKyFHYAF6JwQuzrfs,,2022-01-07T17:41:41Z,,,ExitSurvey,2022-01-07T17:50:39Z,finished,,,,2022-01-07T17:40:00Z,p1,Minu,/avatars/jdenticon/Alaina,#7ACC66,3.8600000000000025,"{""image"":""/experiment/crate.jpeg"",""label"":""A""},{""image"":""/experiment/orange-crate.jpeg"",""label"":""B""}",A,1865,7,,
xap4Mg5WctGodPMbS,,2022-01-07T17:42:12Z,,,ExitSurvey,2022-01-07T17:53:13Z,finished,,,,2022-01-07T17:40:02Z,p2,Minu,/avatars/jdenticon/Alaina,#7ACC66,2.5000000000000013,"{""image"":""/experiment/aqua-crate.jpeg"",""label"":""A""},{""image"":""/experiment/purple-crate.jpeg"",""label"":""B""}",B,2977,2,,
5g5WEywktqKxAtCwR,,2022-01-07T17:41:07Z,,,ExitSurvey,2022-01-07T17:51:27Z,finished,,,,2022-01-07T17:40:03Z,p2,Minu,/avatars/jdenticon/Alaina,#7ACC66,3.9800000000000018,"{""image"":""/experiment/purple-crate.jpeg"",""label"":""A""},{""image"":""/experiment/orange-crate.jpeg"",""label"":""B""}",A,1364,6,,
BkAWA2P83AnBmRcif,,2022-01-07T17:42:44Z,,,ExitSurvey,2022-01-07T17:54:29Z,finished,,,,2022-01-07T17:40:05Z,p2,Repi,/avatars/jdenticon/Samuel,#8138A8,3.7400000000000024,"{""image"":""/experiment/yellow-crate.jpeg"",""label"":""B""},{""image"":""/experiment/green-crate.jpeg"",""label"":""A""}",A,2850,5,,
Yz88v78EY5jNdzcYu,,2022-01-07T17:41:46Z,,,ExitSurvey,2022-01-07T18:00:50Z,finished,,,,2022-01-07T17:40:06Z,p2,Minu,/avatars/jdenticon/Alaina,#7ACC66,4.100000000000001,"{""image"":""/experiment/pink-crate.jpeg"",""label"":""A""},{""image"":""/experiment/purple-crate.jpeg"",""label"":""B""}",A,3493,5,,
tQJiGLnnkMmBQotHi,,2022-01-07T17:41:12Z,,,ExitSurvey,2022-01-07T17:57:06Z,finished,,,,2022-01-07T17:40:06Z,p2,Minu,/avatars/jdenticon/Alaina,#7ACC66,3.7000000000000024,"{""image"":""/experiment/green-crate.jpeg"",""label"":""B""},{""image"":""/experiment/aqua-crate.jpeg"",""label"":""A""}",A,11546,6,,
FXX94LXCBAq7qSZhS,,2022-01-07T17:41:25Z,,,ExitSurvey,2022-01-07T17:51:31Z,finished,,,,2022-01-07T17:40:07Z,p2,Repi,/avatars/jdenticon/Samuel,#8138A8,3.0000000000000013,"{""image"":""/experiment/aqua-crate.jpeg"",""label"":""B""},{""image"":""/experiment/green-crate.jpeg"",""label"":""A""}",A,928,5,,
rDw7mfobPrNuLQMid,,2022-01-07T17:41:19Z,,,"Sorry,ExitSurvey",2022-01-07T17:43:07Z,custom,It looks like one of your partners disconnected before you could finish the experiment!,,,2022-01-07T17:40:09Z,p1,Minu,/avatars/jdenticon/Alaina,#7ACC66,0,"{""image"":""/experiment/crate.jpeg"",""label"":""A""},{""image"":""/experiment/orange-crate.jpeg"",""label"":""B""}",false,false,0,3706,true
28RxTbo7SSKZ4Du2G,,2022-01-07T17:40:50Z,,,ExitSurvey,2022-01-07T17:51:27Z,finished,,,,2022-01-07T17:40:09Z,p1,Repi,/avatars/jdenticon/Samuel,#8138A8,3.9800000000000018,"{""image"":""/experiment/purple-crate.jpeg"",""label"":""A""},{""image"":""/experiment/orange-crate.jpeg"",""label"":""B""}",A,1709,6,,
7AKYBNoF5vLzZnEKd,,2022-01-07T17:41:51Z,,,,2022-01-07T18:47:51Z,gameCancelled,,,,2022-01-07T17:40:12Z,p2,Repi,/avatars/jdenticon/Samuel,#8138A8,0,"{""image"":""/experiment/yellow-crate.jpeg"",""label"":""A""},{""image"":""/experiment/orange-crate.jpeg"",""label"":""B""}",false,false,0,,
PaFgMgg27ijZDwKea,,2022-01-07T17:41:23Z,,,ExitSurvey,2022-01-07T17:51:31Z,finished,,,,2022-01-07T17:40:13Z,p1,Minu,/avatars/jdenticon/Alaina,#7ACC66,3.1000000000000014,"{""image"":""/experiment/aqua-crate.jpeg"",""label"":""B""},{""image"":""/experiment/green-crate.jpeg"",""label"":""A""}",A,2591,5,,
9TmRejLwGurfmJwHu,,2022-01-07T17:41:19Z,,,ExitSurvey,2022-01-07T17:52:51Z,finished,,,,2022-01-07T17:40:15Z,p1,Repi,/avatars/jdenticon/Samuel,#8138A8,3.580000000000002,"{""image"":""/experiment/aqua-crate.jpeg"",""label"":""B""},{""image"":""/experiment/purple-crate.jpeg"",""label"":""A""}",B,6311,6,,
oFpiJPuv9N95khQvG,,2022-01-07T17:41:46Z,,,ExitSurvey,2022-01-07T17:50:39Z,finished,,,,2022-01-07T17:40:23Z,p2,Repi,/avatars/jdenticon/Samuel,#8138A8,3.9400000000000026,"{""image"":""/experiment/crate.jpeg"",""label"":""A""},{""image"":""/experiment/orange-crate.jpeg"",""label"":""B""}",A,981,7,,
EduzRXYv5nQQkuMho,,2022-01-07T17:42:20Z,,,ExitSurvey,2022-01-07T17:52:35Z,finished,,,,2022-01-07T17:40:27Z,p1,Repi,/avatars/jdenticon/Samuel,#8138A8,4.060000000000001,"{""image"":""/experiment/purple-crate.jpeg"",""label"":""A""},{""image"":""/experiment/crate.jpeg"",""label"":""B""}",B,2525,7,,
QoNvubAahLE3kkjj8,,2022-01-07T17:42:26Z,,,ExitSurvey,2022-01-07T17:52:35Z,finished,,,,2022-01-07T17:40:28Z,p2,Minu,/avatars/jdenticon/Alaina,#7ACC66,1.6400000000000001,"{""image"":""/experiment/crate.jpeg"",""label"":""B""},{""image"":""/experiment/purple-crate.jpeg"",""label"":""A""}",A,-4465,0,,
we9HQqEE2wpn3Awnw,,2022-01-07T17:43:54Z,,,ExitSurvey,2022-01-07T17:59:43Z,finished,,,,2022-01-07T17:40:29Z,p1,Minu,/avatars/jdenticon/Alaina,#7ACC66,4.620000000000001,"{""image"":""/experiment/aqua-crate.jpeg"",""label"":""B""},{""image"":""/experiment/blue-crate.jpeg"",""label"":""A""}",B,4681,9,,
5rdij4Xhy6MuoHGBA,,2022-01-07T17:41:26Z,,,ExitSurvey,2022-01-07T17:53:15Z,finished,,,,2022-01-07T17:40:30Z,p1,Minu,/avatars/jdenticon/Alaina,#7ACC66,3.8000000000000025,"{""image"":""/experiment/crate.jpeg"",""label"":""B""},{""image"":""/experiment/green-crate.jpeg"",""label"":""A""}",A,2939,2,,
ShXiHQQRq2HAirmqP,,2022-01-07T17:43:40Z,,,ExitSurvey,2022-01-07T17:54:37Z,finished,,,,2022-01-07T17:40:32Z,p2,Repi,/avatars/jdenticon/Samuel,#8138A8,3.260000000000001,"{""image"":""/experiment/purple-crate.jpeg"",""label"":""A""},{""image"":""/experiment/orange-crate.jpeg"",""label"":""B""}",A,-2306,5,,
SiNz9MJeB2qPaKdp7,,2022-01-07T17:42:17Z,,,ExitSurvey,2022-01-07T17:53:13Z,finished,,,,2022-01-07T17:40:37Z,p1,Repi,/avatars/jdenticon/Samuel,#8138A8,3.8200000000000016,"{""image"":""/experiment/aqua-crate.jpeg"",""label"":""A""},{""image"":""/experiment/purple-crate.jpeg"",""label"":""B""}",B,2042,2,,
BpvJs5rvrxD9SBefq,,2022-01-07T17:41:57Z,,,"Sorry,ExitSurvey",2022-01-07T17:42:49Z,custom,It looks like one of your partners disconnected before you could finish the experiment!,,,2022-01-07T17:40:47Z,p1,Minu,/avatars/jdenticon/Alaina,#7ACC66,0,"{""image"":""/experiment/yellow-crate.jpeg"",""label"":""A""},{""image"":""/experiment/orange-crate.jpeg"",""label"":""B""}",false,false,0,3566,true
KmCtDSvhwPqH35swe,,2022-01-07T17:41:16Z,,,"Sorry,ExitSurvey",2022-01-07T17:45:40Z,custom,It looks like one of your partners disconnected before you could finish the experiment!,,,2022-01-07T17:40:51Z,p2,Repi,/avatars/jdenticon/Samuel,#8138A8,0,"{""image"":""/experiment/orange-crate.jpeg"",""label"":""B""},{""image"":""/experiment/crate.jpeg"",""label"":""A""}",false,false,0,2493,true
Jw5pzBN4uriTckCGA,,2022-01-07T17:42:53Z,,,ExitSurvey,2022-01-07T17:54:29Z,finished,,,,2022-01-07T17:41:20Z,p1,Minu,/avatars/jdenticon/Alaina,#7ACC66,3.7000000000000024,"{""image"":""/experiment/yellow-crate.jpeg"",""label"":""B""},{""image"":""/experiment/green-crate.jpeg"",""label"":""A""}",A,3364132,5,,
ijKJH4jqArcA8rFpu,,2022-01-07T17:45:28Z,,,ExitSurvey,2022-01-07T17:59:43Z,finished,,,,2022-01-07T17:41:41Z,p2,Repi,/avatars/jdenticon/Samuel,#8138A8,1.2600000000000002,"{""image"":""/experiment/aqua-crate.jpeg"",""label"":""B""},{""image"":""/experiment/blue-crate.jpeg"",""label"":""A""}",A,3422,0,,
bH827pqBzPoASDKLL,,2022-01-07T17:43:07Z,,,ExitSurvey,2022-01-07T17:54:37Z,finished,,,,2022-01-07T17:42:24Z,p1,Minu,/avatars/jdenticon/Alaina,#7ACC66,3.800000000000002,"{""image"":""/experiment/orange-crate.jpeg"",""label"":""B""},{""image"":""/experiment/purple-crate.jpeg"",""label"":""A""}",A,2123,5,,
gEXWLWptddhnxNhox,,2022-01-07T17:46:04Z,,,ExitSurvey,2022-01-07T17:57:30Z,finished,,,,2022-01-07T17:42:26Z,p2,Minu,/avatars/jdenticon/Alaina,#7ACC66,3.9400000000000017,"{""image"":""/experiment/blue-crate.jpeg"",""label"":""A""},{""image"":""/experiment/yellow-crate.jpeg"",""label"":""B""}",A,964,8,,
8B7GaW5vi7KSzAZnJ,,2022-01-07T17:49:54Z,,,ExitSurvey,2022-01-07T18:00:25Z,finished,,,,2022-01-07T17:43:05Z,p2,Repi,/avatars/jdenticon/Samuel,#8138A8,3.700000000000002,"{""image"":""/experiment/orange-crate.jpeg"",""label"":""A""},{""image"":""/experiment/crate.jpeg"",""label"":""B""}",A,3472,0,,
ChAxpjEZpA3XWsBWH,,2022-01-07T17:48:09Z,,,ExitSurvey,2022-01-07T17:57:30Z,finished,,,,2022-01-07T17:45:25Z,p1,Repi,/avatars/jdenticon/Samuel,#8138A8,3.780000000000002,"{""image"":""/experiment/yellow-crate.jpeg"",""label"":""B""},{""image"":""/experiment/blue-crate.jpeg"",""label"":""A""}",A,3856,8,,
smCqyzYGi6oXv2TKY,,2022-01-07T17:51:34Z,,,ExitSurvey,2022-01-07T18:00:25Z,finished,,,,2022-01-07T17:50:32Z,p1,Minu,/avatars/jdenticon/Alaina,#7ACC66,4.2200000000000015,"{""image"":""/experiment/crate.jpeg"",""label"":""B""},{""image"":""/experiment/orange-crate.jpeg"",""label"":""A""}",B,3304,9,,
KrnKC8G4jPE66BxwA,,2022-01-07T17:54:04Z,,,"Sorry,ExitSurvey",2022-01-07T18:03:37Z,gameLobbyTimedOut,,,,2022-01-07T17:52:44Z,,,,,,,,,,,
EdZE2AZDi4huLXpyz,,2022-01-07T19:08:33Z,,,ExitSurvey,2022-01-07T19:18:00Z,finished,,,,2022-01-07T19:07:23Z,p2,Repi,/avatars/jdenticon/Samuel,#8138A8,3.4000000000000017,"{""image"":""/experiment/green-crate.jpeg"",""label"":""B""},{""image"":""/experiment/purple-crate.jpeg"",""label"":""A""}",A,3337,5,,
a9szXnsM5siPjp2aD,,2022-01-07T19:09:03Z,,,ExitSurvey,2022-01-07T19:19:11Z,finished,,,,2022-01-07T19:07:24Z,p1,Minu,/avatars/jdenticon/Alaina,#7ACC66,2.6800000000000006,"{""image"":""/experiment/blue-crate.jpeg"",""label"":""A""},{""image"":""/experiment/pink-crate.jpeg"",""label"":""B""}",A,269,0,,
SauqrumwrhKRbERkp,,2022-01-07T19:08:34Z,,,ExitSurvey,2022-01-07T19:18:00Z,finished,,,,2022-01-07T19:07:25Z,p1,Minu,/avatars/jdenticon/Alaina,#7ACC66,3.5800000000000014,"{""image"":""/experiment/green-crate.jpeg"",""label"":""B""},{""image"":""/experiment/purple-crate.jpeg"",""label"":""A""}",A,856,8,,
bdg9TFoHnoissCx5C,,,,,,2022-01-07T19:22:30Z,gameLobbyTimedOut,,,,2022-01-07T19:07:25Z,,,,,,,,,,,
tEynWRbuiPy2oTAbk,,2022-01-07T19:08:57Z,,,ExitSurvey,2022-01-07T19:18:28Z,finished,,,,2022-01-07T19:07:25Z,p2,Minu,/avatars/jdenticon/Alaina,#7ACC66,2.3600000000000008,"{""image"":""/experiment/blue-crate.jpeg"",""label"":""B""},{""image"":""/experiment/yellow-crate.jpeg"",""label"":""A""}",A,2924,2,,
hbmXypLEx5hsRnS8C,,2022-01-07T19:08:52Z,,,"Sorry,ExitSurvey",2022-01-07T19:09:19Z,custom,It looks like one of your partners disconnected before you could finish the experiment!,,,2022-01-07T19:07:26Z,p2,Minu,/avatars/jdenticon/Alaina,#7ACC66,0,"{""image"":""/experiment/yellow-crate.jpeg"",""label"":""A""},{""image"":""/experiment/crate.jpeg"",""label"":""B""}",false,false,0,3263,true
W8eyPiHKGL5ppzC3Z,,2022-01-07T19:08:27Z,,,ExitSurvey,2022-01-07T19:18:15Z,finished,,,,2022-01-07T19:07:26Z,p2,Repi,/avatars/jdenticon/Samuel,#8138A8,2.24,"{""image"":""/experiment/crate.jpeg"",""label"":""B""},{""image"":""/experiment/orange-crate.jpeg"",""label"":""A""}",A,2727,0,,
Mz2HhWXT6y2iEL9ZY,,2022-01-07T19:08:54Z,,,ExitSurvey,2022-01-07T19:18:31Z,finished,,,,2022-01-07T19:07:29Z,p2,Repi,/avatars/jdenticon/Samuel,#8138A8,1.8200000000000003,"{""image"":""/experiment/blue-crate.jpeg"",""label"":""A""},{""image"":""/experiment/purple-crate.jpeg"",""label"":""B""}",A,1334,0,,
b48QCgmStFJFC9thE,,2022-01-07T19:08:48Z,,,,2022-01-07T19:55:17Z,gameCancelled,,,,2022-01-07T19:07:29Z,p1,Repi,/avatars/jdenticon/Samuel,#8138A8,0,"{""image"":""/experiment/yellow-crate.jpeg"",""label"":""A""},{""image"":""/experiment/crate.jpeg"",""label"":""B""}",false,false,0,,
NXG9xrubeMAiaBGcz,,2022-01-07T19:09:01Z,,,ExitSurvey,2022-01-07T19:17:59Z,finished,,,,2022-01-07T19:07:32Z,p2,Repi,/avatars/jdenticon/Samuel,#8138A8,2.4200000000000004,"{""image"":""/experiment/crate.jpeg"",""label"":""B""},{""image"":""/experiment/yellow-crate.jpeg"",""label"":""A""}",A,-2803,7,,
ZthpTAXyurpXARiZJ,,2022-01-07T19:12:37Z,,,ExitSurvey,2022-01-07T19:21:58Z,finished,,,,2022-01-07T19:07:34Z,p1,Minu,/avatars/jdenticon/Alaina,#7ACC66,2.6800000000000006,"{""image"":""/experiment/purple-crate.jpeg"",""label"":""B""},{""image"":""/experiment/aqua-crate.jpeg"",""label"":""A""}",A,-95,7,,
QcuF92NqDkgnXPkhQ,,2022-01-07T19:09:01Z,,,ExitSurvey,2022-01-07T19:19:11Z,finished,,,,2022-01-07T19:07:35Z,p2,Repi,/avatars/jdenticon/Samuel,#8138A8,2.0800000000000005,"{""image"":""/experiment/pink-crate.jpeg"",""label"":""B""},{""image"":""/experiment/blue-crate.jpeg"",""label"":""A""}",B,-718,0,,
cwC3fuqd2fsEz32EQ,,2022-01-07T19:08:31Z,,,ExitSurvey,2022-01-07T19:18:15Z,finished,,,,2022-01-07T19:07:35Z,p1,Minu,/avatars/jdenticon/Alaina,#7ACC66,2.0599999999999996,"{""image"":""/experiment/orange-crate.jpeg"",""label"":""A""},{""image"":""/experiment/crate.jpeg"",""label"":""B""}",B,1430,0,,
xGqpMhYJv6JDsDTbn,,2022-01-07T19:08:46Z,,,ExitSurvey,2022-01-07T19:19:44Z,finished,,,,2022-01-07T19:07:36Z,p1,Minu,/avatars/jdenticon/Alaina,#7ACC66,2.4000000000000004,"{""image"":""/experiment/purple-crate.jpeg"",""label"":""B""},{""image"":""/experiment/green-crate.jpeg"",""label"":""A""}",A,6416,8,,
ZYCW9Kj8KbvLRvhrR,,2022-01-07T19:09:27Z,,,ExitSurvey,2022-01-07T19:22:31Z,finished,,,,2022-01-07T19:07:38Z,p1,Minu,/avatars/jdenticon/Alaina,#7ACC66,1.4,"{""image"":""/experiment/blue-crate.jpeg"",""label"":""B""},{""image"":""/experiment/green-crate.jpeg"",""label"":""A""}",A,2882,0,,
Er4MvF9jMLZkmNyiQ,,2022-01-07T19:08:58Z,,,ExitSurvey,2022-01-07T19:18:28Z,finished,,,,2022-01-07T19:07:39Z,p1,Repi,/avatars/jdenticon/Samuel,#8138A8,2.4800000000000004,"{""image"":""/experiment/blue-crate.jpeg"",""label"":""B""},{""image"":""/experiment/yellow-crate.jpeg"",""label"":""A""}",A,1938,8,,
Gbnikvq7xGtyLrdjt,,2022-01-07T19:11:47Z,,,ExitSurvey,2022-01-07T19:23:55Z,finished,,,,2022-01-07T19:07:43Z,p2,Repi,/avatars/jdenticon/Samuel,#8138A8,1.7400000000000002,"{""image"":""/experiment/pink-crate.jpeg"",""label"":""B""},{""image"":""/experiment/crate.jpeg"",""label"":""A""}",A,2240,4,,
YhGSa5DHDmpgAcQJa,,2022-01-07T19:09:06Z,,,ExitSurvey,2022-01-07T19:22:10Z,finished,,,,2022-01-07T19:07:43Z,p1,Minu,/avatars/jdenticon/Alaina,#7ACC66,1.8200000000000005,"{""image"":""/experiment/green-crate.jpeg"",""label"":""A""},{""image"":""/experiment/crate.jpeg"",""label"":""B""}",B,4452,2,,
CzM2kpPxAZHZZEGk2,,2022-01-07T19:07:50Z,,,ExitSurvey,2022-01-07T19:17:08Z,finished,,,,2022-01-07T19:07:46Z,p1,Repi,/avatars/jdenticon/Samuel,#8138A8,2.6200000000000006,"{""image"":""/experiment/blue-crate.jpeg"",""label"":""A""},{""image"":""/experiment/orange-crate.jpeg"",""label"":""B""}",B,3434,0,,
bmuuPXnwdYujAH4fh,,2022-01-07T19:08:42Z,,,ExitSurvey,2022-01-07T19:19:44Z,finished,,,,2022-01-07T19:07:47Z,p2,Repi,/avatars/jdenticon/Samuel,#8138A8,2.3400000000000003,"{""image"":""/experiment/purple-crate.jpeg"",""label"":""B""},{""image"":""/experiment/green-crate.jpeg"",""label"":""A""}",A,8095,3,,
TXFG84gMH2ETa846v,,2022-01-07T19:09:46Z,,,ExitSurvey,2022-01-07T19:19:18Z,finished,,,,2022-01-07T19:07:48Z,p2,Minu,/avatars/jdenticon/Alaina,#7ACC66,2.4800000000000004,"{""image"":""/experiment/purple-crate.jpeg"",""label"":""B""},{""image"":""/experiment/blue-crate.jpeg"",""label"":""A""}",A,3099,0,,
DWtnxhprAFHvWpfPw,,2022-01-07T19:10:27Z,,,ExitSurvey,2022-01-07T19:23:06Z,finished,,,,2022-01-07T19:07:51Z,p2,Repi,/avatars/jdenticon/Samuel,#8138A8,3.240000000000001,"{""image"":""/experiment/crate.jpeg"",""label"":""B""},{""image"":""/experiment/pink-crate.jpeg"",""label"":""A""}",B,772,7,,
nXi2XRmPSwHBMH7QZ,,2022-01-07T19:08:59Z,,,ExitSurvey,2022-01-07T19:17:59Z,finished,,,,2022-01-07T19:07:59Z,p1,Minu,/avatars/jdenticon/Alaina,#7ACC66,2.420000000000001,"{""image"":""/experiment/yellow-crate.jpeg"",""label"":""A""},{""image"":""/experiment/crate.jpeg"",""label"":""B""}",A,-102,8,,
yreFTRaDENvWHeHYm,,2022-01-07T19:08:10Z,,,ExitSurvey,2022-01-07T19:17:08Z,finished,,,,2022-01-07T19:08:03Z,p2,Minu,/avatars/jdenticon/Alaina,#7ACC66,2.120000000000001,"{""image"":""/experiment/blue-crate.jpeg"",""label"":""A""},{""image"":""/experiment/orange-crate.jpeg"",""label"":""B""}",A,1213,0,,
xrbgommEhvZ25bFma,,2022-01-07T19:08:55Z,,,ExitSurvey,2022-01-07T19:18:31Z,finished,,,,2022-01-07T19:08:04Z,p1,Minu,/avatars/jdenticon/Alaina,#7ACC66,2.0200000000000005,"{""image"":""/experiment/purple-crate.jpeg"",""label"":""B""},{""image"":""/experiment/blue-crate.jpeg"",""label"":""A""}",B,-376,0,,
5xApaSYMNGaajjxsW,,2022-01-07T19:10:10Z,,,ExitSurvey,2022-01-07T19:24:07Z,finished,,,,2022-01-07T19:08:10Z,p1,Repi,/avatars/jdenticon/Samuel,#8138A8,2.420000000000001,"{""image"":""/experiment/crate.jpeg"",""label"":""A""},{""image"":""/experiment/blue-crate.jpeg"",""label"":""B""}",B,6199,0,,
Luw4CZeQhsYRn77oC,,2022-01-07T19:09:43Z,,,ExitSurvey,2022-01-07T19:19:18Z,finished,,,,2022-01-07T19:08:15Z,p1,Repi,/avatars/jdenticon/Samuel,#8138A8,2.8600000000000008,"{""image"":""/experiment/purple-crate.jpeg"",""label"":""B""},{""image"":""/experiment/blue-crate.jpeg"",""label"":""A""}",B,1281,0,,
AXipEhaooSoyuDsLH,,2022-01-07T19:09:27Z,,,ExitSurvey,2022-01-07T19:22:10Z,finished,,,,2022-01-07T19:08:21Z,p2,Repi,/avatars/jdenticon/Samuel,#8138A8,1.9200000000000002,"{""image"":""/experiment/crate.jpeg"",""label"":""B""},{""image"":""/experiment/green-crate.jpeg"",""label"":""A""}",B,2939,8,,
Nbw5kT9oTkNRhAPvv,,2022-01-07T19:09:43Z,,,ExitSurvey,2022-01-07T19:22:31Z,finished,,,,2022-01-07T19:08:28Z,p2,Repi,/avatars/jdenticon/Samuel,#8138A8,1.1800000000000002,"{""image"":""/experiment/green-crate.jpeg"",""label"":""A""},{""image"":""/experiment/blue-crate.jpeg"",""label"":""B""}",B,5074,0,,
iNQArCeui24DLomQt,,2022-01-07T19:10:13Z,,,ExitSurvey,2022-01-07T19:24:07Z,finished,,,,2022-01-07T19:08:30Z,p2,Minu,/avatars/jdenticon/Alaina,#7ACC66,2.420000000000001,"{""image"":""/experiment/blue-crate.jpeg"",""label"":""B""},{""image"":""/experiment/crate.jpeg"",""label"":""A""}",A,781,0,,
9AvYgbRPsFbnuHiTh,,,,,"Sorry,ExitSurvey",2022-01-07T19:09:52Z,gameFull,,,,2022-01-07T19:08:34Z,,,,,,,,,,,
Hv5rb6SfcExTYKwNM,,2022-01-07T19:12:49Z,,,ExitSurvey,2022-01-07T19:22:53Z,finished,,,,2022-01-07T19:09:17Z,p1,Minu,/avatars/jdenticon/Alaina,#7ACC66,1.8000000000000003,"{""image"":""/experiment/pink-crate.jpeg"",""label"":""B""},{""image"":""/experiment/crate.jpeg"",""label"":""A""}",A,1706,0,,
b6QvmpWJyLnRQ35yA,,2022-01-07T19:10:40Z,,,ExitSurvey,2022-01-07T19:23:06Z,finished,,,,2022-01-07T19:09:22Z,p1,Minu,/avatars/jdenticon/Alaina,#7ACC66,3.3200000000000016,"{""image"":""/experiment/pink-crate.jpeg"",""label"":""A""},{""image"":""/experiment/crate.jpeg"",""label"":""B""}",B,-12773,3,,
XTsvAgRPE6hMfgpKJ,,2022-01-07T19:11:10Z,,,ExitSurvey,2022-01-07T19:23:55Z,finished,,,,2022-01-07T19:09:31Z,p1,Minu,/avatars/jdenticon/Alaina,#7ACC66,1.6600000000000001,"{""image"":""/experiment/pink-crate.jpeg"",""label"":""B""},{""image"":""/experiment/crate.jpeg"",""label"":""A""}",A,-6010,7,,
4tuRE7AAtfnPPThJQ,,2022-01-07T19:12:31Z,,,ExitSurvey,2022-01-07T19:21:58Z,finished,,,,2022-01-07T19:11:14Z,p2,Repi,/avatars/jdenticon/Samuel,#8138A8,2.080000000000001,"{""image"":""/experiment/aqua-crate.jpeg"",""label"":""A""},{""image"":""/experiment/purple-crate.jpeg"",""label"":""B""}",A,1163,5,,
FGwrJmiudTYKNCCsQ,,2022-01-07T19:13:12Z,,,ExitSurvey,2022-01-07T19:22:53Z,finished,,,,2022-01-07T19:12:17Z,p2,Repi,/avatars/jdenticon/Samuel,#8138A8,1.76,"{""image"":""/experiment/pink-crate.jpeg"",""label"":""B""},{""image"":""/experiment/crate.jpeg"",""label"":""A""}",B,2154,0,,
ezTNFXuLMnum9D9RQ,,2022-01-07T19:17:30Z,,,"Sorry,ExitSurvey",2022-01-07T19:22:30Z,gameLobbyTimedOut,,,,2022-01-07T19:12:32Z,,,,,,,,,,,
LXHY7iCYdCCAGBngT,,2022-01-07T19:16:10Z,,,"Sorry,ExitSurvey",2022-01-07T19:16:22Z,custom,It looks like one of your partners disconnected before you could finish the experiment!,,,2022-01-07T19:13:16Z,p1,Repi,/avatars/jdenticon/Samuel,#8138A8,0,,false,false,0,566,true
gbDSDS4jpBhXixNyC,,2022-01-07T19:15:14Z,,,"Sorry,ExitSurvey",2022-01-07T19:16:21Z,custom,It looks like one of your partners disconnected before you could finish the experiment!,,,2022-01-07T19:14:43Z,p2,Minu,/avatars/jdenticon/Alaina,#7ACC66,0,,false,false,0,1026,true
3nna2DB9ttTcXcENj,,,,,,2022-01-07T19:55:21Z,gameFull,,,,2022-01-07T19:25:49Z,,,,,,,,,,,
N2Rq2ho5zaq4zJrrW,,2022-01-07T19:45:21Z,,,,2022-01-07T19:55:21Z,gameFull,,,,2022-01-07T19:43:59Z,,,,,,,,,,,
vocfJDvSr4g3eD6D9,,2022-01-07T19:57:03Z,,,ExitSurvey,2022-01-07T20:08:40Z,finished,,,,2022-01-07T19:56:42Z,p1,Minu,/avatars/jdenticon/Alaina,#7ACC66,4.320000000000002,"{""image"":""/experiment/crate.jpeg"",""label"":""A""},{""image"":""/experiment/yellow-crate.jpeg"",""label"":""B""}",B,4674,9,,
WKxc49Gg4KfarmJkc,,2022-01-07T20:00:29Z,,,ExitSurvey,2022-01-07T20:12:28Z,finished,,,,2022-01-07T19:56:44Z,p2,Minu,/avatars/jdenticon/Alaina,#7ACC66,3.4400000000000017,"{""image"":""/experiment/yellow-crate.jpeg"",""label"":""B""},{""image"":""/experiment/green-crate.jpeg"",""label"":""A""}",A,4233,8,,
XqBKxJnb8LLLvy8RW,,2022-01-07T19:57:57Z,,,,2022-01-07T22:05:42Z,finished,,,,2022-01-07T19:56:45Z,p2,Minu,/avatars/jdenticon/Alaina,#7ACC66,0,"{""image"":""/experiment/pink-crate.jpeg"",""label"":""A""},{""image"":""/experiment/purple-crate.jpeg"",""label"":""B""}",false,false,0,,
QFu7AhwGsu4LHjwfu,,2022-01-07T19:59:19Z,,,ExitSurvey,2022-01-07T20:08:44Z,finished,,,,2022-01-07T19:56:46Z,p2,Minu,/avatars/jdenticon/Alaina,#7ACC66,3.7800000000000025,"{""image"":""/experiment/pink-crate.jpeg"",""label"":""A""},{""image"":""/experiment/blue-crate.jpeg"",""label"":""B""}",A,750,7,,
KH2sJrEatgsLoepiB,,2022-01-07T19:57:28Z,,,ExitSurvey,2022-01-07T20:08:40Z,finished,,,,2022-01-07T19:56:46Z,p2,Repi,/avatars/jdenticon/Samuel,#8138A8,0.9000000000000001,"{""image"":""/experiment/crate.jpeg"",""label"":""A""},{""image"":""/experiment/yellow-crate.jpeg"",""label"":""B""}",A,25262,0,,
SYBujENANbZPxfgYt,,2022-01-07T19:57:45Z,,,"Sorry,ExitSurvey",2022-01-07T22:05:42Z,finished,It looks like one of your partners disconnected before you could finish the experiment!,,,2022-01-07T19:56:49Z,p1,Repi,/avatars/jdenticon/Samuel,#8138A8,0,"{""image"":""/experiment/purple-crate.jpeg"",""label"":""B""},{""image"":""/experiment/pink-crate.jpeg"",""label"":""A""}",false,false,0,2560,true
TYzbZd5CASRLZr5Rv,,2022-01-07T19:58:24Z,,,ExitSurvey,2022-01-07T20:10:48Z,finished,,,,2022-01-07T19:56:50Z,p1,Minu,/avatars/jdenticon/Alaina,#7ACC66,4.180000000000002,"{""image"":""/experiment/aqua-crate.jpeg"",""label"":""A""},{""image"":""/experiment/purple-crate.jpeg"",""label"":""B""}",A,2461,4,,
wejbDd4oYdsCfKnfL,,2022-01-07T19:58:18Z,,,ExitSurvey,2022-01-07T20:07:26Z,finished,,,,2022-01-07T19:56:50Z,p1,Minu,/avatars/jdenticon/Alaina,#7ACC66,3.9400000000000026,"{""image"":""/experiment/orange-crate.jpeg"",""label"":""A""},{""image"":""/experiment/blue-crate.jpeg"",""label"":""B""}",A,1698,3,,
c4jaGv6YjJ5cSWW3a,,2022-01-07T19:58:55Z,,,ExitSurvey,2022-01-07T20:10:11Z,finished,,,,2022-01-07T19:56:50Z,p1,Minu,/avatars/jdenticon/Alaina,#7ACC66,3.2200000000000015,"{""image"":""/experiment/aqua-crate.jpeg"",""label"":""A""},{""image"":""/experiment/yellow-crate.jpeg"",""label"":""B""}",A,23037,0,,
jogSTiCsK6uZS6Lo2,,2022-01-07T19:58:41Z,,,ExitSurvey,2022-01-07T20:13:30Z,finished,,,,2022-01-07T19:56:51Z,p2,Minu,/avatars/jdenticon/Alaina,#7ACC66,2.100000000000001,"{""image"":""/experiment/purple-crate.jpeg"",""label"":""A""},{""image"":""/experiment/yellow-crate.jpeg"",""label"":""B""}",B,4677,2,,
z4JQpPXP2RMai2fyT,,2022-01-07T19:59:08Z,,,ExitSurvey,2022-01-07T20:08:29Z,finished,,,,2022-01-07T19:56:53Z,p1,Minu,/avatars/jdenticon/Alaina,#7ACC66,4.060000000000002,"{""image"":""/experiment/pink-crate.jpeg"",""label"":""A""},{""image"":""/experiment/orange-crate.jpeg"",""label"":""B""}",A,-327,7,,
GJ2aRKRf6nPZFoC2y,,2022-01-07T19:57:59Z,,,ExitSurvey,2022-01-07T20:08:11Z,finished,,,,2022-01-07T19:56:53Z,p2,Repi,/avatars/jdenticon/Samuel,#8138A8,4.180000000000001,"{""image"":""/experiment/purple-crate.jpeg"",""label"":""B""},{""image"":""/experiment/crate.jpeg"",""label"":""A""}",A,749,0,,
icxb87nbqzFtYRebb,,2022-01-07T19:57:28Z,,,ExitSurvey,2022-01-07T20:07:04Z,finished,,,,2022-01-07T19:56:55Z,p2,Minu,/avatars/jdenticon/Alaina,#7ACC66,3.400000000000001,"{""image"":""/experiment/green-crate.jpeg"",""label"":""A""},{""image"":""/experiment/orange-crate.jpeg"",""label"":""B""}",A,1946,7,,
KcXtxfyiPeGn6TkRB,,2022-01-07T19:58:56Z,,,ExitSurvey,2022-01-07T20:10:11Z,finished,,,,2022-01-07T19:56:55Z,p2,Repi,/avatars/jdenticon/Samuel,#8138A8,3.620000000000002,"{""image"":""/experiment/yellow-crate.jpeg"",""label"":""B""},{""image"":""/experiment/aqua-crate.jpeg"",""label"":""A""}",B,2522,7,,
3Cw8cnbPoc2vBMwwH,,2022-01-07T19:57:29Z,,,ExitSurvey,2022-01-07T20:07:04Z,finished,,,,2022-01-07T19:56:57Z,p1,Repi,/avatars/jdenticon/Samuel,#8138A8,3.620000000000001,"{""image"":""/experiment/orange-crate.jpeg"",""label"":""B""},{""image"":""/experiment/green-crate.jpeg"",""label"":""A""}",A,1903,7,,
wP3eyqaBkycsGz559,,2022-01-07T19:58:26Z,,,ExitSurvey,2022-01-07T20:10:19Z,finished,,,,2022-01-07T19:56:58Z,p2,Minu,/avatars/jdenticon/Alaina,#7ACC66,3.260000000000002,"{""image"":""/experiment/aqua-crate.jpeg"",""label"":""A""},{""image"":""/experiment/orange-crate.jpeg"",""label"":""B""}",A,4155,3,,
2gjp8En4Z8XeYJtnd,,2022-01-07T19:58:33Z,,,ExitSurvey,2022-01-07T20:09:24Z,finished,,,,2022-01-07T19:57:00Z,p2,Repi,/avatars/jdenticon/Samuel,#8138A8,1.8400000000000007,"{""image"":""/experiment/orange-crate.jpeg"",""label"":""A""},{""image"":""/experiment/green-crate.jpeg"",""label"":""B""}",A,1899,0,,
mDzyv8T4N2LtEuQDu,,2022-01-07T19:59:15Z,,,ExitSurvey,2022-01-07T20:08:29Z,finished,,,,2022-01-07T19:57:00Z,p2,Repi,/avatars/jdenticon/Samuel,#8138A8,4.060000000000002,"{""image"":""/experiment/orange-crate.jpeg"",""label"":""B""},{""image"":""/experiment/pink-crate.jpeg"",""label"":""A""}",A,48723,7,,
w4TYTnfaWYvNRDcer,,2022-01-07T19:58:14Z,,,ExitSurvey,2022-01-07T20:07:26Z,finished,,,,2022-01-07T19:57:02Z,p2,Repi,/avatars/jdenticon/Samuel,#8138A8,3.9400000000000026,"{""image"":""/experiment/orange-crate.jpeg"",""label"":""A""},{""image"":""/experiment/blue-crate.jpeg"",""label"":""B""}",A,1917,3,,
StP5rSz96278nkiiq,,2022-01-07T19:58:01Z,,,ExitSurvey,2022-01-07T20:08:11Z,finished,,,,2022-01-07T19:57:05Z,p1,Minu,/avatars/jdenticon/Alaina,#7ACC66,3.3200000000000016,"{""image"":""/experiment/crate.jpeg"",""label"":""A""},{""image"":""/experiment/purple-crate.jpeg"",""label"":""B""}",B,3268,6,,
MxfHD7JyTiyWBAwFm,,2022-01-07T19:59:27Z,,,ExitSurvey,2022-01-07T20:09:31Z,finished,,,,2022-01-07T19:57:12Z,p2,Minu,/avatars/jdenticon/Alaina,#7ACC66,3.280000000000001,"{""image"":""/experiment/aqua-crate.jpeg"",""label"":""A""},{""image"":""/experiment/green-crate.jpeg"",""label"":""B""}",B,-230,6,,
jHq7wWM8HdT7Rck59,,2022-01-07T20:00:01Z,,,ExitSurvey,2022-01-07T20:09:50Z,finished,,,,2022-01-07T19:57:15Z,p2,Minu,/avatars/jdenticon/Alaina,#7ACC66,3.8600000000000025,"{""image"":""/experiment/purple-crate.jpeg"",""label"":""B""},{""image"":""/experiment/green-crate.jpeg"",""label"":""A""}",A,3774,6,,
AuzCxumSXaTbMjkF4,,2022-01-07T19:58:21Z,,,ExitSurvey,2022-01-07T20:10:48Z,finished,,,,2022-01-07T19:57:16Z,p2,Repi,/avatars/jdenticon/Samuel,#8138A8,4.180000000000002,"{""image"":""/experiment/purple-crate.jpeg"",""label"":""B""},{""image"":""/experiment/aqua-crate.jpeg"",""label"":""A""}",A,2842,4,,
ZMr2ic7s5rEnqpD3r,,2022-01-07T19:58:38Z,,,ExitSurvey,2022-01-07T20:13:30Z,finished,,,,2022-01-07T19:57:16Z,p1,Repi,/avatars/jdenticon/Samuel,#8138A8,4.020000000000001,"{""image"":""/experiment/yellow-crate.jpeg"",""label"":""B""},{""image"":""/experiment/purple-crate.jpeg"",""label"":""A""}",B,12471,2,,
G3JjKsRG7yFwvaEuB,,2022-01-07T19:58:30Z,,,ExitSurvey,2022-01-07T20:10:19Z,finished,,,,2022-01-07T19:57:19Z,p1,Repi,/avatars/jdenticon/Samuel,#8138A8,4.400000000000001,"{""image"":""/experiment/orange-crate.jpeg"",""label"":""B""},{""image"":""/experiment/aqua-crate.jpeg"",""label"":""A""}",A,3466,3,,
m2qQ7DimCHvWxYBXi,,2022-01-07T19:58:34Z,,,ExitSurvey,2022-01-07T20:09:24Z,finished,,,,2022-01-07T19:57:27Z,p1,Minu,/avatars/jdenticon/Alaina,#7ACC66,4.000000000000001,"{""image"":""/experiment/green-crate.jpeg"",""label"":""B""},{""image"":""/experiment/orange-crate.jpeg"",""label"":""A""}",B,1442,7,,
ZXMAkeg5utWTBx4Kc,,,,,"Sorry,ExitSurvey",2022-01-07T19:59:09Z,gameFull,,,,2022-01-07T19:57:29Z,,,,,,,,,,,
gm2AT9yKrqXp3Lus8,,2022-01-07T19:59:43Z,,,ExitSurvey,2022-01-07T20:09:50Z,finished,,,,2022-01-07T19:57:30Z,p1,Repi,/avatars/jdenticon/Samuel,#8138A8,4.040000000000002,"{""image"":""/experiment/green-crate.jpeg"",""label"":""A""},{""image"":""/experiment/purple-crate.jpeg"",""label"":""B""}",A,2144,6,,
KwvqASEwEfNZQCr5T,,2022-01-07T20:00:57Z,,,ExitSurvey,2022-01-07T20:13:31Z,finished,,,,2022-01-07T19:57:32Z,p2,Repi,/avatars/jdenticon/Samuel,#8138A8,1.4800000000000004,"{""image"":""/experiment/crate.jpeg"",""label"":""A""},{""image"":""/experiment/green-crate.jpeg"",""label"":""B""}",B,2283,2,,
y7E6A8tcssQB2yqG4,,2022-01-07T20:01:35Z,,,"Sorry,ExitSurvey",2022-01-07T20:03:33Z,custom,It looks like one of your partners disconnected before you could finish the experiment!,,,2022-01-07T19:57:33Z,p1,Minu,/avatars/jdenticon/Alaina,#7ACC66,0,,false,false,0,5552,true
NKcGg3icKdybdJEDS,,2022-01-07T20:00:54Z,,,ExitSurvey,2022-01-07T20:10:37Z,finished,,,,2022-01-07T19:57:38Z,p1,Repi,/avatars/jdenticon/Samuel,#8138A8,3.720000000000002,"{""image"":""/experiment/yellow-crate.jpeg"",""label"":""B""},{""image"":""/experiment/purple-crate.jpeg"",""label"":""A""}",A,-1124,7,,
KomsCFQ8qTFfQoaez,,2022-01-07T20:00:07Z,,,ExitSurvey,2022-01-07T20:12:28Z,finished,,,,2022-01-07T19:57:47Z,p1,Repi,/avatars/jdenticon/Samuel,#8138A8,3.600000000000002,"{""image"":""/experiment/green-crate.jpeg"",""label"":""A""},{""image"":""/experiment/yellow-crate.jpeg"",""label"":""B""}",A,2338,8,,
KCBYuikqNFAqrRDSb,,2022-01-07T19:59:29Z,,,ExitSurvey,2022-01-07T20:09:31Z,finished,,,,2022-01-07T19:57:48Z,p1,Repi,/avatars/jdenticon/Samuel,#8138A8,2.8600000000000008,"{""image"":""/experiment/aqua-crate.jpeg"",""label"":""A""},{""image"":""/experiment/green-crate.jpeg"",""label"":""B""}",A,-1045,0,,
MaBgjM4TvR5r3ZqpB,,2022-01-07T19:59:17Z,,,ExitSurvey,2022-01-07T20:08:44Z,finished,,,,2022-01-07T19:58:09Z,p1,Repi,/avatars/jdenticon/Samuel,#8138A8,3.7800000000000025,"{""image"":""/experiment/blue-crate.jpeg"",""label"":""B""},{""image"":""/experiment/pink-crate.jpeg"",""label"":""A""}",A,1904,7,,
trkTSRmRmT6WamPhC,,2022-01-07T20:00:42Z,,,ExitSurvey,2022-01-07T20:10:37Z,finished,,,,2022-01-07T19:59:38Z,p2,Minu,/avatars/jdenticon/Alaina,#7ACC66,3.4800000000000018,"{""image"":""/experiment/yellow-crate.jpeg"",""label"":""B""},{""image"":""/experiment/purple-crate.jpeg"",""label"":""A""}",A,1918,7,,
XwmNGFFzrwEC7LvFK,,2022-01-07T20:01:31Z,,,ExitSurvey,2022-01-07T20:13:31Z,finished,,,,2022-01-07T19:59:47Z,p1,Minu,/avatars/jdenticon/Alaina,#7ACC66,3.240000000000001,"{""image"":""/experiment/green-crate.jpeg"",""label"":""B""},{""image"":""/experiment/crate.jpeg"",""label"":""A""}",B,12718,2,,
8Khz3XAZFCpwqY7HC,,2022-01-07T20:02:43Z,,,"Sorry,ExitSurvey",2022-01-07T20:04:09Z,custom,It looks like one of your partners disconnected before you could finish the experiment!,,,2022-01-07T20:01:04Z,p2,Repi,/avatars/jdenticon/Samuel,#8138A8,0,,false,false,0,981,true
HFYf4QXMRYiMGgs7A,,2022-01-07T20:04:36Z,,,ExitSurvey,2022-01-07T20:20:24Z,finished,,,,2022-01-07T20:03:10Z,p1,Repi,/avatars/jdenticon/Samuel,#8138A8,3.3400000000000016,"{""image"":""/experiment/aqua-crate.jpeg"",""label"":""B""},{""image"":""/experiment/green-crate.jpeg"",""label"":""A""}",A,4166,6,,
gPErvRhiT4h83Q99R,,2022-01-07T20:09:03Z,,,ExitSurvey,2022-01-07T20:20:24Z,finished,,,,2022-01-07T20:06:49Z,p2,Minu,/avatars/jdenticon/Alaina,#7ACC66,3.020000000000001,"{""image"":""/experiment/aqua-crate.jpeg"",""label"":""B""},{""image"":""/experiment/green-crate.jpeg"",""label"":""A""}",A,1926,6,,
